Godot Engine v4.7.2.stable.official.ed1daf0bf - https://godotengine.org

ROOMSCALE_VISUAL_ASSET object=desk source=res://assets/generated/writing_desk.glb normalization={ "source_bounds": [P: (-34.0, 0.0, -17.0), S: (68.0, 30.0, 34.0)], "fitted_dimensions": (68.0, 30.0, 34.0) }
ROOMSCALE_VISUAL_ASSET object=side_table source=res://assets/generated/writing_desk.glb normalization={ "source_bounds": [P: (-34.0, 0.0, -17.0), S: (68.0, 30.0, 34.0)], "fitted_dimensions": (20.0, 20.0, 17.0) }
ROOMSCALE_FLOOR_NAV_READY room=room_poc45 grid=60x45 cell=4in obstacles=13
ROOMSCALE_CITIZEN_SPAWN count=50 separate_nodes=true height=0.5in
ROOMSCALE_CIVILIZATION_READY speed=1.0 governor=false spectator=false
ROOMSCALE_M2_READY Godot=4.7.2-stable (official) room=room_poc45 size=240x180 in citizens=50
ROOMSCALE_FLOOR_NAV_READY room=room_poc45 grid=60x45 cell=4in obstacles=13
ROOMSCALE_FLOOR_NAV_READY room=room_poc45 grid=60x45 cell=4in obstacles=13
ROOMSCALE_FLOOR_NAV_READY room=room_poc45 grid=60x45 cell=4in obstacles=13
ROOMSCALE_FLOOR_NAV_READY room=room_poc45 grid=60x45 cell=4in obstacles=13
ROOMSCALE_FLOOR_NAV_READY room=room_poc45 grid=60x45 cell=4in obstacles=13
ROOMSCALE_FLOOR_NAV_READY room=room_poc45 grid=60x45 cell=4in obstacles=13
ROOMSCALE_FLOOR_NAV_READY room=room_poc45 grid=60x45 cell=4in obstacles=13
ROOMSCALE_FLOOR_NAV_READY room=room_poc45 grid=60x45 cell=4in obstacles=13
ROOMSCALE_FLOOR_NAV_READY room=room_poc45 grid=60x45 cell=4in obstacles=13
ROOMSCALE_FLOOR_NAV_READY room=room_poc45 grid=60x45 cell=4in obstacles=13
ROOMSCALE_FLOOR_NAV_READY room=room_poc45 grid=60x45 cell=4in obstacles=13
ROOMSCALE_FLOOR_NAV_READY room=room_poc45 grid=60x45 cell=4in obstacles=13
ROOMSCALE_FLOOR_NAV_READY room=room_poc45 grid=60x45 cell=4in obstacles=13
ROOMSCALE_FLOOR_NAV_READY room=room_poc45 grid=60x45 cell=4in obstacles=13
ROOMSCALE_FLOOR_NAV_READY room=room_poc45 grid=60x45 cell=4in obstacles=13
ROOMSCALE_FLOOR_NAV_READY room=room_poc45 grid=60x45 cell=4in obstacles=13
ROOMSCALE_FLOOR_NAV_READY room=room_poc45 grid=60x45 cell=4in obstacles=13
ROOMSCALE_FLOOR_NAV_READY room=room_poc45 grid=60x45 cell=4in obstacles=13
ROOMSCALE_FLOOR_NAV_READY room=room_poc45 grid=60x45 cell=4in obstacles=13
ROOMSCALE_FLOOR_NAV_READY room=room_poc45 grid=60x45 cell=4in obstacles=13
ROOMSCALE_FLOOR_NAV_READY room=room_poc45 grid=60x45 cell=4in obstacles=13
ROOMSCALE_FLOOR_NAV_READY room=room_poc45 grid=60x45 cell=4in obstacles=13
ROOMSCALE_FLOOR_NAV_READY room=room_poc45 grid=60x45 cell=4in obstacles=13
ROOMSCALE_FLOOR_NAV_READY room=room_poc45 grid=60x45 cell=4in obstacles=13
ROOMSCALE_FLOOR_NAV_READY room=room_poc45 grid=60x45 cell=4in obstacles=13
ROOMSCALE_FLOOR_NAV_READY room=room_poc45 grid=60x45 cell=4in obstacles=13
ROOMSCALE_FLOOR_NAV_READY room=room_poc45 grid=60x45 cell=4in obstacles=13
ROOMSCALE_FLOOR_NAV_READY room=room_poc45 grid=60x45 cell=4in obstacles=14
ROOMSCALE_FLOOR_NAV_READY room=room_poc45 grid=60x45 cell=4in obstacles=14
ROOMSCALE_FLOOR_NAV_READY room=room_poc45 grid=60x45 cell=4in obstacles=14
ROOMSCALE_FLOOR_NAV_READY room=room_poc45 grid=60x45 cell=4in obstacles=14
ROOMSCALE_FLOOR_NAV_READY room=room_poc45 grid=60x45 cell=4in obstacles=14
ROOMSCALE_FLOOR_NAV_READY room=room_poc45 grid=60x45 cell=4in obstacles=14
ROOMSCALE_FLOOR_NAV_READY room=room_poc45 grid=60x45 cell=4in obstacles=14
ROOMSCALE_FLOOR_NAV_READY room=room_poc45 grid=60x45 cell=4in obstacles=13
ROOMSCALE_FLOOR_NAV_READY room=room_poc45 grid=60x45 cell=4in obstacles=14
ROOMSCALE_FLOOR_NAV_READY room=room_poc45 grid=60x45 cell=4in obstacles=14
ROOMSCALE_FLOOR_NAV_READY room=room_poc45 grid=60x45 cell=4in obstacles=14
ROOMSCALE_FLOOR_NAV_READY room=room_poc45 grid=60x45 cell=4in obstacles=14
ROOMSCALE_FLOOR_NAV_READY room=room_poc45 grid=60x45 cell=4in obstacles=14
ROOMSCALE_FLOOR_NAV_READY room=room_poc45 grid=60x45 cell=4in obstacles=14
ROOMSCALE_FLOOR_NAV_READY room=room_poc45 grid=60x45 cell=4in obstacles=14
ROOMSCALE_FLOOR_NAV_READY room=room_poc45 grid=60x45 cell=4in obstacles=14
ROOMSCALE_FLOOR_NAV_READY room=room_poc45 grid=60x45 cell=4in obstacles=14
ROOMSCALE_FLOOR_NAV_READY room=room_poc45 grid=60x45 cell=4in obstacles=14
ROOMSCALE_FLOOR_NAV_READY room=room_poc45 grid=60x45 cell=4in obstacles=14
ROOMSCALE_FLOOR_NAV_READY room=room_poc45 grid=60x45 cell=4in obstacles=14
ROOMSCALE_FLOOR_NAV_READY room=room_poc45 grid=60x45 cell=4in obstacles=14
ROOMSCALE_FLOOR_NAV_READY room=room_poc45 grid=60x45 cell=4in obstacles=14
ROOMSCALE_FLOOR_NAV_READY room=room_poc45 grid=60x45 cell=4in obstacles=14
ROOMSCALE_FLOOR_NAV_READY room=room_poc45 grid=60x45 cell=4in obstacles=14
ROOMSCALE_FLOOR_NAV_READY room=room_poc45 grid=60x45 cell=4in obstacles=14
ROOMSCALE_FLOOR_NAV_READY room=room_poc45 grid=60x45 cell=4in obstacles=15
ROOMSCALE_FLOOR_NAV_READY room=room_poc45 grid=60x45 cell=4in obstacles=15
ROOMSCALE_FLOOR_NAV_READY room=room_poc45 grid=60x45 cell=4in obstacles=15
ROOMSCALE_FLOOR_NAV_READY room=room_poc45 grid=60x45 cell=4in obstacles=15
ROOMSCALE_FLOOR_NAV_READY room=room_poc45 grid=60x45 cell=4in obstacles=15
ROOMSCALE_FLOOR_NAV_READY room=room_poc45 grid=60x45 cell=4in obstacles=15
ROOMSCALE_FLOOR_NAV_READY room=room_poc45 grid=60x45 cell=4in obstacles=15
POC45_FAST_PASS checks=["duplicate suppression","bounded journal, suppression and major classification","critical water survival","hysteresis retains survival between thresholds","healthy recovery exits survival","critical food survival","minimum hold cooldown","water action uses strategic interface and crisis suppresses development","bounded planning frequency","stable reserves do not repeatedly issue emergency directives","critical food issues generalized Secure Food","material blocker selects resource acquisition","growth requires whole cohort shelter","unsafe reserves reject growth","healthy cohort eligibility","emergency and project deadlock reject growth","hard cap","normal mode stays manual","safe salvage ranking rejects source support","salvage ranking deterministic","explicit protected salvage rejected","settlement infrastructure salvage rejected","depleted salvage rejected","unsafe unreachable salvage rejected","collision and bounds rejection","rejected site does not alter definition/obstacles","rejected site leaves every navigation cell unchanged","deterministic derived valid build site","accepted site evaluation remains transactional","generalized housing request","project request creates no instant shelter or work","real citizens build housing effect","physical delivery and recorded worker effort","real conserved development costs","housing effect once and completed navigation obstacle","generalized workshop request","real functional workshop","workshop distinct intermediate construction stages","workshop effect exactly once","whole cohort creates real citizen nodes","real needs and immediate increased demand","growth cooldown prevents repeated cohort","new citizens move and complete normal self care","final conserved accounting","camera respects minimum real-time shot duration","camera chooses valid bounded focus","automatic camera can be disabled","camera has no simulation side effects","paused camera LOD refresh does not advance simulation","Pause/1x/4x/10x authoritative fixed-step speed 0.0","Pause/1x/4x/10x authoritative fixed-step speed 1.0","Pause/1x/4x/10x authoritative fixed-step speed 4.0","Pause/1x/4x/10x authoritative fixed-step speed 10.0"] failures=[]

SCRIPT ERROR: Stack overflow. Check for infinite recursion in your script.
   at: requirements (res://scripts/construction_system.gd:54)
   GDScript backtrace (most recent call first):
       [0] status (res://scripts/construction_system.gd:166)
       [1] get_m6_status (res://scripts/task_coordinator.gd:501)
       [2] _update_population_ui (res://scripts/pipeline_proof.gd:1587)
       [3] _on_task_board_updated (res://scripts/pipeline_proof.gd:1604)
       [4] fail_task (res://scripts/task_coordinator.gd:137)
       [5] _assign_next_task (res://scripts/citizen_agent.gd:213)
       [6] _assign_next_task (res://scripts/citizen_agent.gd:213)
       [7] _navigate_to (res://scripts/citizen_agent.gd:222)
       [8] _assign_next_task (res://scripts/citizen_agent.gd:213)
       [9] _navigate_to (res://scripts/citizen_agent.gd:222)
       [10] _assign_next_task (res://scripts/citizen_agent.gd:213)
       [11] _navigate_to (res://scripts/citizen_agent.gd:222)
       [12] _assign_next_task (res://scripts/citizen_agent.gd:213)
       [13] _navigate_to (res://scripts/citizen_agent.gd:222)
       [14] _assign_next_task (res://scripts/citizen_agent.gd:213)
       [15] _navigate_to (res://scripts/citizen_agent.gd:222)
       [16] _assign_next_task (res://scripts/citizen_agent.gd:213)
       [17] _navigate_to (res://scripts/citizen_agent.gd:222)
       [18] _assign_next_task (res://scripts/citizen_agent.gd:213)
       [19] _navigate_to (res://scripts/citizen_agent.gd:222)
       [20] _assign_next_task (res://scripts/citizen_agent.gd:213)
       [21] _navigate_to (res://scripts/citizen_agent.gd:222)
       [22] _assign_next_task (res://scripts/citizen_agent.gd:213)
       [23] _navigate_to (res://scripts/citizen_agent.gd:222)
       [24] _assign_next_task (res://scripts/citizen_agent.gd:213)
       [25] _navigate_to (res://scripts/citizen_agent.gd:222)
       [26] _assign_next_task (res://scripts/citizen_agent.gd:213)
       [27] _navigate_to (res://scripts/citizen_agent.gd:222)
       [28] _assign_next_task (res://scripts/citizen_agent.gd:213)
       [29] _navigate_to (res://scripts/citizen_agent.gd:222)
       [30] _assign_next_task (res://scripts/citizen_agent.gd:213)
       [31] _navigate_to (res://scripts/citizen_agent.gd:222)
       [32] _assign_next_task (res://scripts/citizen_agent.gd:213)
       [33] _navigate_to (res://scripts/citizen_agent.gd:222)
       [34] _assign_next_task (res://scripts/citizen_agent.gd:213)
       [35] _navigate_to (res://scripts/citizen_agent.gd:222)
       [36] _assign_next_task (res://scripts/citizen_agent.gd:213)
       [37] _navigate_to (res://scripts/citizen_agent.gd:222)
       [38] _assign_next_task (res://scripts/citizen_agent.gd:213)
       [39] _navigate_to (res://scripts/citizen_agent.gd:222)
       [40] _assign_next_task (res://scripts/citizen_agent.gd:213)
       [41] _navigate_to (res://scripts/citizen_agent.gd:222)
       [42] _assign_next_task (res://scripts/citizen_agent.gd:213)
       [43] _navigate_to (res://scripts/citizen_agent.gd:222)
       [44] _assign_next_task (res://scripts/citizen_agent.gd:213)
       [45] _navigate_to (res://scripts/citizen_agent.gd:222)
       [46] _assign_next_task (res://scripts/citizen_agent.gd:213)
       [47] _navigate_to (res://scripts/citizen_agent.gd:222)
       [48] _assign_next_task (res://scripts/citizen_agent.gd:213)
       [49] _navigate_to (res://scripts/citizen_agent.gd:222)
       [50] _assign_next_task (res://scripts/citizen_agent.gd:213)
       [51] _navigate_to (res://scripts/citizen_agent.gd:222)
       [52] _assign_next_task (res://scripts/citizen_agent.gd:213)
       [53] _navigate_to (res://scripts/citizen_agent.gd:222)
       [54] _assign_next_task (res://scripts/citizen_agent.gd:213)
       [55] _navigate_to (res://scripts/citizen_agent.gd:222)
       [56] _assign_next_task (res://scripts/citizen_agent.gd:213)
       [57] _navigate_to (res://scripts/citizen_agent.gd:222)
       [58] _assign_next_task (res://scripts/citizen_agent.gd:213)
       [59] _navigate_to (res://scripts/citizen_agent.gd:222)
       [60] _assign_next_task (res://scripts/citizen_agent.gd:213)
       [61] _navigate_to (res://scripts/citizen_agent.gd:222)
       [62] _assign_next_task (res://scripts/citizen_agent.gd:213)
       [63] _navigate_to (res://scripts/citizen_agent.gd:222)
       [64] _assign_next_task (res://scripts/citizen_agent.gd:213)
       [65] _navigate_to (res://scripts/citizen_agent.gd:222)
       [66] _assign_next_task (res://scripts/citizen_agent.gd:213)
       [67] _navigate_to (res://scripts/citizen_agent.gd:222)
       [68] _assign_next_task (res://scripts/citizen_agent.gd:213)
       [69] _navigate_to (res://scripts/citizen_agent.gd:222)
       [70] _assign_next_task (res://scripts/citizen_agent.gd:213)
       [71] _navigate_to (res://scripts/citizen_agent.gd:222)
       [72] _assign_next_task (res://scripts/citizen_agent.gd:213)
       [73] _navigate_to (res://scripts/citizen_agent.gd:222)
       [74] _assign_next_task (res://scripts/citizen_agent.gd:213)
       [75] _navigate_to (res://scripts/citizen_agent.gd:222)
       [76] _assign_next_task (res://scripts/citizen_agent.gd:213)
       [77] _navigate_to (res://scripts/citizen_agent.gd:222)
       [78] _assign_next_task (res://scripts/citizen_agent.gd:213)
       [79] _navigate_to (res://scripts/citizen_agent.gd:222)
       [80] _assign_next_task (res://scripts/citizen_agent.gd:213)
       [81] _navigate_to (res://scripts/citizen_agent.gd:222)
       [82] _assign_next_task (res://scripts/citizen_agent.gd:213)
       [83] _navigate_to (res://scripts/citizen_agent.gd:222)
       [84] _assign_next_task (res://scripts/citizen_agent.gd:213)
       [85] _navigate_to (res://scripts/citizen_agent.gd:222)
       [86] _assign_next_task (res://scripts/citizen_agent.gd:213)
       [87] _navigate_to (res://scripts/citizen_agent.gd:222)
       [88] _assign_next_task (res://scripts/citizen_agent.gd:213)
       [89] _navigate_to (res://scripts/citizen_agent.gd:222)
       [90] _assign_next_task (res://scripts/citizen_agent.gd:213)
       [91] _navigate_to (res://scripts/citizen_agent.gd:222)
       [92] _assign_next_task (res://scripts/citizen_agent.gd:213)
       [93] _navigate_to (res://scripts/citizen_agent.gd:222)
       [94] _assign_next_task (res://scripts/citizen_agent.gd:213)
       [95] _navigate_to (res://scripts/citizen_agent.gd:222)
       [96] _assign_next_task (res://scripts/citizen_agent.gd:213)
       [97] _navigate_to (res://scripts/citizen_agent.gd:222)
       [98] _assign_next_task (res://scripts/citizen_agent.gd:213)
       [99] _navigate_to (res://scripts/citizen_agent.gd:222)
       [100] _assign_next_task (res://scripts/citizen_agent.gd:213)
       [101] _navigate_to (res://scripts/citizen_agent.gd:222)
       [102] _assign_next_task (res://scripts/citizen_agent.gd:213)
       [103] _navigate_to (res://scripts/citizen_agent.gd:222)
       [104] _assign_next_task (res://scripts/citizen_agent.gd:213)
       [105] _navigate_to (res://scripts/citizen_agent.gd:222)
       [106] _assign_next_task (res://scripts/citizen_agent.gd:213)
       [107] _navigate_to (res://scripts/citizen_agent.gd:222)
       [108] _assign_next_task (res://scripts/citizen_agent.gd:213)
       [109] _navigate_to (res://scripts/citizen_agent.gd:222)
       [110] _assign_next_task (res://scripts/citizen_agent.gd:213)
       [111] _navigate_to (res://scripts/citizen_agent.gd:222)
       [112] _assign_next_task (res://scripts/citizen_agent.gd:213)
       [113] _navigate_to (res://scripts/citizen_agent.gd:222)
       [114] _assign_next_task (res://scripts/citizen_agent.gd:213)
       [115] _navigate_to (res://scripts/citizen_agent.gd:222)
       [116] _assign_next_task (res://scripts/citizen_agent.gd:213)
       [117] _navigate_to (res://scripts/citizen_agent.gd:222)
       [118] _assign_next_task (res://scripts/citizen_agent.gd:213)
       [119] _navigate_to (res://scripts/citizen_agent.gd:222)
       [120] _assign_next_task (res://scripts/citizen_agent.gd:213)
       [121] _navigate_to (res://scripts/citizen_agent.gd:222)
       [122] _assign_next_task (res://scripts/citizen_agent.gd:213)
       [123] _navigate_to (res://scripts/citizen_agent.gd:222)
       [124] _assign_next_task (res://scripts/citizen_agent.gd:213)
       [125] _navigate_to (res://scripts/citizen_agent.gd:222)
       [126] _assign_next_task (res://scripts/citizen_agent.gd:213)
       [127] _navigate_to (res://scripts/citizen_agent.gd:222)
       [128] _assign_next_task (res://scripts/citizen_agent.gd:213)
       [129] _navigate_to (res://scripts/citizen_agent.gd:222)
       [130] _assign_next_task (res://scripts/citizen_agent.gd:213)
       [131] _navigate_to (res://scripts/citizen_agent.gd:222)
       [132] _assign_next_task (res://scripts/citizen_agent.gd:213)
       [133] _navigate_to (res://scripts/citizen_agent.gd:222)
       [134] _assign_next_task (res://scripts/citizen_agent.gd:213)
       [135] _navigate_to (res://scripts/citizen_agent.gd:222)
       [136] _assign_next_task (res://scripts/citizen_agent.gd:213)
       [137] _navigate_to (res://scripts/citizen_agent.gd:222)
       [138] _assign_next_task (res://scripts/citizen_agent.gd:213)
       [139] _navigate_to (res://scripts/citizen_agent.gd:222)
       [140] _assign_next_task (res://scripts/citizen_agent.gd:213)
       [141] _navigate_to (res://scripts/citizen_agent.gd:222)
       [142] _assign_next_task (res://scripts/citizen_agent.gd:213)
       [143] _navigate_to (res://scripts/citizen_agent.gd:222)
       [144] _assign_next_task (res://scripts/citizen_agent.gd:213)
       [145] _navigate_to (res://scripts/citizen_agent.gd:222)
       [146] _assign_next_task (res://scripts/citizen_agent.gd:213)
       [147] _navigate_to (res://scripts/citizen_agent.gd:222)
       [148] _assign_next_task (res://scripts/citizen_agent.gd:213)
       [149] _navigate_to (res://scripts/citizen_agent.gd:222)
       [150] _assign_next_task (res://scripts/citizen_agent.gd:213)
       [151] _navigate_to (res://scripts/citizen_agent.gd:222)
       [152] _assign_next_task (res://scripts/citizen_agent.gd:213)
       [153] _navigate_to (res://scripts/citizen_agent.gd:222)
       [154] _assign_next_task (res://scripts/citizen_agent.gd:213)
       [155] _navigate_to (res://scripts/citizen_agent.gd:222)
       [156] _assign_next_task (res://scripts/citizen_agent.gd:213)
       [157] _navigate_to (res://scripts/citizen_agent.gd:222)
       [158] _assign_next_task (res://scripts/citizen_agent.gd:213)
       [159] _navigate_to (res://scripts/citizen_agent.gd:222)
       [160] _assign_next_task (res://scripts/citizen_agent.gd:213)
       [161] _navigate_to (res://scripts/citizen_agent.gd:222)
       [162] _assign_next_task (res://scripts/citizen_agent.gd:213)
       [163] _navigate_to (res://scripts/citizen_agent.gd:222)
       [164] _assign_next_task (res://scripts/citizen_agent.gd:213)
       [165] _navigate_to (res://scripts/citizen_agent.gd:222)
       [166] _assign_next_task (res://scripts/citizen_agent.gd:213)
       [167] _navigate_to (res://scripts/citizen_agent.gd:222)
       [168] _assign_next_task (res://scripts/citizen_agent.gd:213)
       [169] _navigate_to (res://scripts/citizen_agent.gd:222)
       [170] _assign_next_task (res://scripts/citizen_agent.gd:213)
       [171] _navigate_to (res://scripts/citizen_agent.gd:222)
       [172] _assign_next_task (res://scripts/citizen_agent.gd:213)
       [173] _navigate_to (res://scripts/citizen_agent.gd:222)
       [174] _assign_next_task (res://scripts/citizen_agent.gd:213)
       [175] _navigate_to (res://scripts/citizen_agent.gd:222)
       [176] _assign_next_task (res://scripts/citizen_agent.gd:213)
       [177] _navigate_to (res://scripts/citizen_agent.gd:222)
       [178] _assign_next_task (res://scripts/citizen_agent.gd:213)
       [179] _navigate_to (res://scripts/citizen_agent.gd:222)
       [180] _assign_next_task (res://scripts/citizen_agent.gd:213)
       [181] _navigate_to (res://scripts/citizen_agent.gd:222)
       [182] _assign_next_task (res://scripts/citizen_agent.gd:213)
       [183] _navigate_to (res://scripts/citizen_agent.gd:222)
       [184] _assign_next_task (res://scripts/citizen_agent.gd:213)
       [185] _navigate_to (res://scripts/citizen_agent.gd:222)
       [186] _assign_next_task (res://scripts/citizen_agent.gd:213)
       [187] _navigate_to (res://scripts/citizen_agent.gd:222)
       [188] _assign_next_task (res://scripts/citizen_agent.gd:213)
       [189] _navigate_to (res://scripts/citizen_agent.gd:222)
       [190] _assign_next_task (res://scripts/citizen_agent.gd:213)
       [191] _navigate_to (res://scripts/citizen_agent.gd:222)
       [192] _assign_next_task (res://scripts/citizen_agent.gd:213)
       [193] _navigate_to (res://scripts/citizen_agent.gd:222)
       [194] _assign_next_task (res://scripts/citizen_agent.gd:213)
       [195] _navigate_to (res://scripts/citizen_agent.gd:222)
       [196] _assign_next_task (res://scripts/citizen_agent.gd:213)
       [197] _navigate_to (res://scripts/citizen_agent.gd:222)
       [198] _assign_next_task (res://scripts/citizen_agent.gd:213)
       [199] _navigate_to (res://scripts/citizen_agent.gd:222)
       [200] _assign_next_task (res://scripts/citizen_agent.gd:213)
       [201] _navigate_to (res://scripts/citizen_agent.gd:222)
       [202] _assign_next_task (res://scripts/citizen_agent.gd:213)
       [203] _navigate_to (res://scripts/citizen_agent.gd:222)
       [204] _assign_next_task (res://scripts/citizen_agent.gd:213)
       [205] _navigate_to (res://scripts/citizen_agent.gd:222)
       [206] _assign_next_task (res://scripts/citizen_agent.gd:213)
       [207] _navigate_to (res://scripts/citizen_agent.gd:222)
       [208] _assign_next_task (res://scripts/citizen_agent.gd:213)
       [209] _navigate_to (res://scripts/citizen_agent.gd:222)
       [210] _assign_next_task (res://scripts/citizen_agent.gd:213)
       [211] _navigate_to (res://scripts/citizen_agent.gd:222)
       [212] _assign_next_task (res://scripts/citizen_agent.gd:213)
       [213] _navigate_to (res://scripts/citizen_agent.gd:222)
       [214] _assign_next_task (res://scripts/citizen_agent.gd:213)
       [215] _navigate_to (res://scripts/citizen_agent.gd:222)
       [216] _assign_next_task (res://scripts/citizen_agent.gd:213)
       [217] _navigate_to (res://scripts/citizen_agent.gd:222)
       [218] _assign_next_task (res://scripts/citizen_agent.gd:213)
       [219] _navigate_to (res://scripts/citizen_agent.gd:222)
       [220] _assign_next_task (res://scripts/citizen_agent.gd:213)
       [221] _navigate_to (res://scripts/citizen_agent.gd:222)
       [222] _assign_next_task (res://scripts/citizen_agent.gd:213)
       [223] _navigate_to (res://scripts/citizen_agent.gd:222)
       [224] _assign_next_task (res://scripts/citizen_agent.gd:213)
       [225] _navigate_to (res://scripts/citizen_agent.gd:222)
       [226] _assign_next_task (res://scripts/citizen_agent.gd:213)
       [227] _navigate_to (res://scripts/citizen_agent.gd:222)
       [228] _assign_next_task (res://scripts/citizen_agent.gd:213)
       [229] _navigate_to (res://scripts/citizen_agent.gd:222)
       [230] _assign_next_task (res://scripts/citizen_agent.gd:213)
       [231] _navigate_to (res://scripts/citizen_agent.gd:222)
       [232] _assign_next_task (res://scripts/citizen_agent.gd:213)
       [233] _navigate_to (res://scripts/citizen_agent.gd:222)
       [234] _assign_next_task (res://scripts/citizen_agent.gd:213)
       [235] _navigate_to (res://scripts/citizen_agent.gd:222)
       [236] _assign_next_task (res://scripts/citizen_agent.gd:213)
       [237] _navigate_to (res://scripts/citizen_agent.gd:222)
       [238] _assign_next_task (res://scripts/citizen_agent.gd:213)
       [239] _navigate_to (res://scripts/citizen_agent.gd:222)
       [240] _assign_next_task (res://scripts/citizen_agent.gd:213)
       [241] _navigate_to (res://scripts/citizen_agent.gd:222)
       [242] _assign_next_task (res://scripts/citizen_agent.gd:213)
       [243] _navigate_to (res://scripts/citizen_agent.gd:222)
       [244] _assign_next_task (res://scripts/citizen_agent.gd:213)
       [245] _navigate_to (res://scripts/citizen_agent.gd:222)
       [246] _assign_next_task (res://scripts/citizen_agent.gd:213)
       [247] _navigate_to (res://scripts/citizen_agent.gd:222)
       [248] _assign_next_task (res://scripts/citizen_agent.gd:213)
       [249] _navigate_to (res://scripts/citizen_agent.gd:222)
       [250] _assign_next_task (res://scripts/citizen_agent.gd:213)
       [251] _navigate_to (res://scripts/citizen_agent.gd:222)
       [252] _assign_next_task (res://scripts/citizen_agent.gd:213)
       [253] _navigate_to (res://scripts/citizen_agent.gd:222)
       [254] _assign_next_task (res://scripts/citizen_agent.gd:213)
       [255] _navigate_to (res://scripts/citizen_agent.gd:222)
       [256] _assign_next_task (res://scripts/citizen_agent.gd:213)
       [257] _navigate_to (res://scripts/citizen_agent.gd:222)
       [258] _assign_next_task (res://scripts/citizen_agent.gd:213)
       [259] _navigate_to (res://scripts/citizen_agent.gd:222)
       [260] _assign_next_task (res://scripts/citizen_agent.gd:213)
       [261] _navigate_to (res://scripts/citizen_agent.gd:222)
       [262] _assign_next_task (res://scripts/citizen_agent.gd:213)
       [263] _navigate_to (res://scripts/citizen_agent.gd:222)
       [264] _assign_next_task (res://scripts/citizen_agent.gd:213)
       [265] _navigate_to (res://scripts/citizen_agent.gd:222)
       [266] _assign_next_task (res://scripts/citizen_agent.gd:213)
       [267] _navigate_to (res://scripts/citizen_agent.gd:222)
       [268] _assign_next_task (res://scripts/citizen_agent.gd:213)
       [269] _navigate_to (res://scripts/citizen_agent.gd:222)
       [270] _assign_next_task (res://scripts/citizen_agent.gd:213)
       [271] _navigate_to (res://scripts/citizen_agent.gd:222)
       [272] _assign_next_task (res://scripts/citizen_agent.gd:213)
       [273] _navigate_to (res://scripts/citizen_agent.gd:222)
       [274] _assign_next_task (res://scripts/citizen_agent.gd:213)
       [275] _navigate_to (res://scripts/citizen_agent.gd:222)
       [276] _assign_next_task (res://scripts/citizen_agent.gd:213)
       [277] _navigate_to (res://scripts/citizen_agent.gd:222)
       [278] _assign_next_task (res://scripts/citizen_agent.gd:213)
       [279] _navigate_to (res://scripts/citizen_agent.gd:222)
       [280] _assign_next_task (res://scripts/citizen_agent.gd:213)
       [281] _navigate_to (res://scripts/citizen_agent.gd:222)
       [282] _assign_next_task (res://scripts/citizen_agent.gd:213)
       [283] _navigate_to (res://scripts/citizen_agent.gd:222)
       [284] _assign_next_task (res://scripts/citizen_agent.gd:213)
       [285] _navigate_to (res://scripts/citizen_agent.gd:222)
       [286] _assign_next_task (res://scripts/citizen_agent.gd:213)
       [287] _navigate_to (res://scripts/citizen_agent.gd:222)
       [288] _assign_next_task (res://scripts/citizen_agent.gd:213)
       [289] _navigate_to (res://scripts/citizen_agent.gd:222)
       [290] _assign_next_task (res://scripts/citizen_agent.gd:213)
       [291] _navigate_to (res://scripts/citizen_agent.gd:222)
       [292] _assign_next_task (res://scripts/citizen_agent.gd:213)
       [293] _navigate_to (res://scripts/citizen_agent.gd:222)
       [294] _assign_next_task (res://scripts/citizen_agent.gd:213)
       [295] _navigate_to (res://scripts/citizen_agent.gd:222)
       [296] _assign_next_task (res://scripts/citizen_agent.gd:213)
       [297] _navigate_to (res://scripts/citizen_agent.gd:222)
       [298] _assign_next_task (res://scripts/citizen_agent.gd:213)
       [299] _navigate_to (res://scripts/citizen_agent.gd:222)
       [300] _assign_next_task (res://scripts/citizen_agent.gd:213)
       [301] _navigate_to (res://scripts/citizen_agent.gd:222)
       [302] _assign_next_task (res://scripts/citizen_agent.gd:213)
       [303] _navigate_to (res://scripts/citizen_agent.gd:222)
       [304] _assign_next_task (res://scripts/citizen_agent.gd:213)
       [305] _navigate_to (res://scripts/citizen_agent.gd:222)
       [306] _assign_next_task (res://scripts/citizen_agent.gd:213)
       [307] _navigate_to (res://scripts/citizen_agent.gd:222)
       [308] _assign_next_task (res://scripts/citizen_agent.gd:213)
       [309] _navigate_to (res://scripts/citizen_agent.gd:222)
       [310] _assign_next_task (res://scripts/citizen_agent.gd:213)
       [311] _navigate_to (res://scripts/citizen_agent.gd:222)
       [312] _assign_next_task (res://scripts/citizen_agent.gd:213)
       [313] _navigate_to (res://scripts/citizen_agent.gd:222)
       [314] _assign_next_task (res://scripts/citizen_agent.gd:213)
       [315] _navigate_to (res://scripts/citizen_agent.gd:222)
       [316] _assign_next_task (res://scripts/citizen_agent.gd:213)
       [317] _navigate_to (res://scripts/citizen_agent.gd:222)
       [318] _assign_next_task (res://scripts/citizen_agent.gd:213)
       [319] _navigate_to (res://scripts/citizen_agent.gd:222)
       [320] _assign_next_task (res://scripts/citizen_agent.gd:213)
       [321] _navigate_to (res://scripts/citizen_agent.gd:222)
       [322] _assign_next_task (res://scripts/citizen_agent.gd:213)
       [323] _navigate_to (res://scripts/citizen_agent.gd:222)
       [324] _assign_next_task (res://scripts/citizen_agent.gd:213)
       [325] _navigate_to (res://scripts/citizen_agent.gd:222)
       [326] _assign_next_task (res://scripts/citizen_agent.gd:213)
       [327] _navigate_to (res://scripts/citizen_agent.gd:222)
       [328] _assign_next_task (res://scripts/citizen_agent.gd:213)
       [329] _navigate_to (res://scripts/citizen_agent.gd:222)
       [330] _assign_next_task (res://scripts/citizen_agent.gd:213)
       [331] _navigate_to (res://scripts/citizen_agent.gd:222)
       [332] _assign_next_task (res://scripts/citizen_agent.gd:213)
       [333] _navigate_to (res://scripts/citizen_agent.gd:222)
       [334] _assign_next_task (res://scripts/citizen_agent.gd:213)
       [335] _navigate_to (res://scripts/citizen_agent.gd:222)
       [336] _assign_next_task (res://scripts/citizen_agent.gd:213)
       [337] _navigate_to (res://scripts/citizen_agent.gd:222)
       [338] _assign_next_task (res://scripts/citizen_agent.gd:213)
       [339] _navigate_to (res://scripts/citizen_agent.gd:222)
       [340] _assign_next_task (res://scripts/citizen_agent.gd:213)
       [341] _navigate_to (res://scripts/citizen_agent.gd:222)
       [342] _assign_next_task (res://scripts/citizen_agent.gd:213)
       [343] _navigate_to (res://scripts/citizen_agent.gd:222)
       [344] _assign_next_task (res://scripts/citizen_agent.gd:213)
       [345] _navigate_to (res://scripts/citizen_agent.gd:222)
       [346] _assign_next_task (res://scripts/citizen_agent.gd:213)
       [347] _navigate_to (res://scripts/citizen_agent.gd:222)
       [348] _assign_next_task (res://scripts/citizen_agent.gd:213)
       [349] _navigate_to (res://scripts/citizen_agent.gd:222)
       [350] _assign_next_task (res://scripts/citizen_agent.gd:213)
       [351] _navigate_to (res://scripts/citizen_agent.gd:222)
       [352] _assign_next_task (res://scripts/citizen_agent.gd:213)
       [353] _navigate_to (res://scripts/citizen_agent.gd:222)
       [354] _assign_next_task (res://scripts/citizen_agent.gd:213)
       [355] _navigate_to (res://scripts/citizen_agent.gd:222)
       [356] _assign_next_task (res://scripts/citizen_agent.gd:213)
       [357] _navigate_to (res://scripts/citizen_agent.gd:222)
       [358] _assign_next_task (res://scripts/citizen_agent.gd:213)
       [359] _navigate_to (res://scripts/citizen_agent.gd:222)
       [360] _assign_next_task (res://scripts/citizen_agent.gd:213)
       [361] _navigate_to (res://scripts/citizen_agent.gd:222)
       [362] _assign_next_task (res://scripts/citizen_agent.gd:213)
       [363] _navigate_to (res://scripts/citizen_agent.gd:222)
       [364] _assign_next_task (res://scripts/citizen_agent.gd:213)
       [365] _navigate_to (res://scripts/citizen_agent.gd:222)
       [366] _assign_next_task (res://scripts/citizen_agent.gd:213)
       [367] _navigate_to (res://scripts/citizen_agent.gd:222)
       [368] _assign_next_task (res://scripts/citizen_agent.gd:213)
       [369] _navigate_to (res://scripts/citizen_agent.gd:222)
       [370] _assign_next_task (res://scripts/citizen_agent.gd:213)
       [371] _navigate_to (res://scripts/citizen_agent.gd:222)
       [372] _assign_next_task (res://scripts/citizen_agent.gd:213)
       [373] _navigate_to (res://scripts/citizen_agent.gd:222)
       [374] _assign_next_task (res://scripts/citizen_agent.gd:213)
       [375] _navigate_to (res://scripts/citizen_agent.gd:222)
       [376] _assign_next_task (res://scripts/citizen_agent.gd:213)
       [377] _navigate_to (res://scripts/citizen_agent.gd:222)
       [378] _assign_next_task (res://scripts/citizen_agent.gd:213)
       [379] _navigate_to (res://scripts/citizen_agent.gd:222)
       [380] _assign_next_task (res://scripts/citizen_agent.gd:213)
       [381] _navigate_to (res://scripts/citizen_agent.gd:222)
       [382] _assign_next_task (res://scripts/citizen_agent.gd:213)
       [383] _navigate_to (res://scripts/citizen_agent.gd:222)
       [384] _assign_next_task (res://scripts/citizen_agent.gd:213)
       [385] _navigate_to (res://scripts/citizen_agent.gd:222)
       [386] _assign_next_task (res://scripts/citizen_agent.gd:213)
       [387] _navigate_to (res://scripts/citizen_agent.gd:222)
       [388] _assign_next_task (res://scripts/citizen_agent.gd:213)
       [389] _navigate_to (res://scripts/citizen_agent.gd:222)
       [390] _assign_next_task (res://scripts/citizen_agent.gd:213)
       [391] _navigate_to (res://scripts/citizen_agent.gd:222)
       [392] _assign_next_task (res://scripts/citizen_agent.gd:213)
       [393] _navigate_to (res://scripts/citizen_agent.gd:222)
       [394] _assign_next_task (res://scripts/citizen_agent.gd:213)
       [395] _navigate_to (res://scripts/citizen_agent.gd:222)
       [396] _assign_next_task (res://scripts/citizen_agent.gd:213)
       [397] _navigate_to (res://scripts/citizen_agent.gd:222)
       [398] _assign_next_task (res://scripts/citizen_agent.gd:213)
       [399] _navigate_to (res://scripts/citizen_agent.gd:222)
       [400] _assign_next_task (res://scripts/citizen_agent.gd:213)
       [401] _navigate_to (res://scripts/citizen_agent.gd:222)
       [402] _assign_next_task (res://scripts/citizen_agent.gd:213)
       [403] _navigate_to (res://scripts/citizen_agent.gd:222)
       [404] _assign_next_task (res://scripts/citizen_agent.gd:213)
       [405] _navigate_to (res://scripts/citizen_agent.gd:222)
       [406] _assign_next_task (res://scripts/citizen_agent.gd:213)
       [407] _navigate_to (res://scripts/citizen_agent.gd:222)
       [408] _assign_next_task (res://scripts/citizen_agent.gd:213)
       [409] _navigate_to (res://scripts/citizen_agent.gd:222)
       [410] _assign_next_task (res://scripts/citizen_agent.gd:213)
       [411] _navigate_to (res://scripts/citizen_agent.gd:222)
       [412] _assign_next_task (res://scripts/citizen_agent.gd:213)
       [413] _navigate_to (res://scripts/citizen_agent.gd:222)
       [414] _assign_next_task (res://scripts/citizen_agent.gd:213)
       [415] _navigate_to (res://scripts/citizen_agent.gd:222)
       [416] _assign_next_task (res://scripts/citizen_agent.gd:213)
       [417] _navigate_to (res://scripts/citizen_agent.gd:222)
       [418] _assign_next_task (res://scripts/citizen_agent.gd:213)
       [419] _navigate_to (res://scripts/citizen_agent.gd:222)
       [420] _assign_next_task (res://scripts/citizen_agent.gd:213)
       [421] _navigate_to (res://scripts/citizen_agent.gd:222)
       [422] _assign_next_task (res://scripts/citizen_agent.gd:213)
       [423] _navigate_to (res://scripts/citizen_agent.gd:222)
       [424] _assign_next_task (res://scripts/citizen_agent.gd:213)
       [425] _navigate_to (res://scripts/citizen_agent.gd:222)
       [426] _assign_next_task (res://scripts/citizen_agent.gd:213)
       [427] _navigate_to (res://scripts/citizen_agent.gd:222)
       [428] _assign_next_task (res://scripts/citizen_agent.gd:213)
       [429] _navigate_to (res://scripts/citizen_agent.gd:222)
       [430] _assign_next_task (res://scripts/citizen_agent.gd:213)
       [431] _navigate_to (res://scripts/citizen_agent.gd:222)
       [432] _assign_next_task (res://scripts/citizen_agent.gd:213)
       [433] _navigate_to (res://scripts/citizen_agent.gd:222)
       [434] _assign_next_task (res://scripts/citizen_agent.gd:213)
       [435] _navigate_to (res://scripts/citizen_agent.gd:222)
       [436] _assign_next_task (res://scripts/citizen_agent.gd:213)
       [437] _navigate_to (res://scripts/citizen_agent.gd:222)
       [438] _assign_next_task (res://scripts/citizen_agent.gd:213)
       [439] _navigate_to (res://scripts/citizen_agent.gd:222)
       [440] _assign_next_task (res://scripts/citizen_agent.gd:213)
       [441] _navigate_to (res://scripts/citizen_agent.gd:222)
       [442] _assign_next_task (res://scripts/citizen_agent.gd:213)
       [443] _navigate_to (res://scripts/citizen_agent.gd:222)
       [444] _assign_next_task (res://scripts/citizen_agent.gd:213)
       [445] _navigate_to (res://scripts/citizen_agent.gd:222)
       [446] _assign_next_task (res://scripts/citizen_agent.gd:213)
       [447] _navigate_to (res://scripts/citizen_agent.gd:222)
       [448] _assign_next_task (res://scripts/citizen_agent.gd:213)
       [449] _navigate_to (res://scripts/citizen_agent.gd:222)
       [450] _assign_next_task (res://scripts/citizen_agent.gd:213)
       [451] _navigate_to (res://scripts/citizen_agent.gd:222)
       [452] _assign_next_task (res://scripts/citizen_agent.gd:213)
       [453] _navigate_to (res://scripts/citizen_agent.gd:222)
       [454] _assign_next_task (res://scripts/citizen_agent.gd:213)
       [455] _navigate_to (res://scripts/citizen_agent.gd:222)
       [456] _assign_next_task (res://scripts/citizen_agent.gd:213)
       [457] _navigate_to (res://scripts/citizen_agent.gd:222)
       [458] _assign_next_task (res://scripts/citizen_agent.gd:213)
       [459] _navigate_to (res://scripts/citizen_agent.gd:222)
       [460] _assign_next_task (res://scripts/citizen_agent.gd:213)
       [461] _navigate_to (res://scripts/citizen_agent.gd:222)
       [462] _assign_next_task (res://scripts/citizen_agent.gd:213)
       [463] _navigate_to (res://scripts/citizen_agent.gd:222)
       [464] _assign_next_task (res://scripts/citizen_agent.gd:213)
       [465] _navigate_to (res://scripts/citizen_agent.gd:222)
       [466] _assign_next_task (res://scripts/citizen_agent.gd:213)
       [467] _navigate_to (res://scripts/citizen_agent.gd:222)
       [468] _assign_next_task (res://scripts/citizen_agent.gd:213)
       [469] _navigate_to (res://scripts/citizen_agent.gd:222)
       [470] _assign_next_task (res://scripts/citizen_agent.gd:213)
       [471] _navigate_to (res://scripts/citizen_agent.gd:222)
       [472] _assign_next_task (res://scripts/citizen_agent.gd:213)
       [473] _navigate_to (res://scripts/citizen_agent.gd:222)
       [474] _assign_next_task (res://scripts/citizen_agent.gd:213)
       [475] _navigate_to (res://scripts/citizen_agent.gd:222)
       [476] _assign_next_task (res://scripts/citizen_agent.gd:213)
       [477] _navigate_to (res://scripts/citizen_agent.gd:222)
       [478] _assign_next_task (res://scripts/citizen_agent.gd:213)
       [479] _navigate_to (res://scripts/citizen_agent.gd:222)
       [480] _assign_next_task (res://scripts/citizen_agent.gd:213)
       [481] _navigate_to (res://scripts/citizen_agent.gd:222)
       [482] _assign_next_task (res://scripts/citizen_agent.gd:213)
       [483] _navigate_to (res://scripts/citizen_agent.gd:222)
       [484] _assign_next_task (res://scripts/citizen_agent.gd:213)
       [485] _navigate_to (res://scripts/citizen_agent.gd:222)
       [486] _assign_next_task (res://scripts/citizen_agent.gd:213)
       [487] _navigate_to (res://scripts/citizen_agent.gd:222)
       [488] _assign_next_task (res://scripts/citizen_agent.gd:213)
       [489] _navigate_to (res://scripts/citizen_agent.gd:222)
       [490] _assign_next_task (res://scripts/citizen_agent.gd:213)
       [491] _navigate_to (res://scripts/citizen_agent.gd:222)
       [492] _assign_next_task (res://scripts/citizen_agent.gd:213)
       [493] _navigate_to (res://scripts/citizen_agent.gd:222)
       [494] _assign_next_task (res://scripts/citizen_agent.gd:213)
       [495] _navigate_to (res://scripts/citizen_agent.gd:222)
       [496] _assign_next_task (res://scripts/citizen_agent.gd:213)
       [497] _navigate_to (res://scripts/citizen_agent.gd:222)
       [498] _assign_next_task (res://scripts/citizen_agent.gd:213)
       [499] _navigate_to (res://scripts/citizen_agent.gd:222)
       [500] _assign_next_task (res://scripts/citizen_agent.gd:213)
       [501] _navigate_to (res://scripts/citizen_agent.gd:222)
       [502] _assign_next_task (res://scripts/citizen_agent.gd:213)
       [503] _navigate_to (res://scripts/citizen_agent.gd:222)
       [504] _assign_next_task (res://scripts/citizen_agent.gd:213)
       [505] _navigate_to (res://scripts/citizen_agent.gd:222)
       [506] _assign_next_task (res://scripts/citizen_agent.gd:213)
       [507] _navigate_to (res://scripts/citizen_agent.gd:222)
       [508] _assign_next_task (res://scripts/citizen_agent.gd:213)
       [509] _navigate_to (res://scripts/citizen_agent.gd:222)
       [510] _assign_next_task (res://scripts/citizen_agent.gd:213)
       [511] _navigate_to (res://scripts/citizen_agent.gd:222)
       [512] _assign_next_task (res://scripts/citizen_agent.gd:213)
       [513] _navigate_to (res://scripts/citizen_agent.gd:222)
       [514] _assign_next_task (res://scripts/citizen_agent.gd:213)
       [515] _navigate_to (res://scripts/citizen_agent.gd:222)
       [516] _assign_next_task (res://scripts/citizen_agent.gd:213)
       [517] _navigate_to (res://scripts/citizen_agent.gd:222)
       [518] _assign_next_task (res://scripts/citizen_agent.gd:213)
       [519] _navigate_to (res://scripts/citizen_agent.gd:222)
       [520] _assign_next_task (res://scripts/citizen_agent.gd:213)
       [521] _navigate_to (res://scripts/citizen_agent.gd:222)
       [522] _assign_next_task (res://scripts/citizen_agent.gd:213)
       [523] _navigate_to (res://scripts/citizen_agent.gd:222)
       [524] _assign_next_task (res://scripts/citizen_agent.gd:213)
       [525] _navigate_to (res://scripts/citizen_agent.gd:222)
       [526] _assign_next_task (res://scripts/citizen_agent.gd:213)
       [527] _navigate_to (res://scripts/citizen_agent.gd:222)
       [528] _assign_next_task (res://scripts/citizen_agent.gd:213)
       [529] _navigate_to (res://scripts/citizen_agent.gd:222)
       [530] _assign_next_task (res://scripts/citizen_agent.gd:213)
       [531] _navigate_to (res://scripts/citizen_agent.gd:222)
       [532] _assign_next_task (res://scripts/citizen_agent.gd:213)
       [533] _navigate_to (res://scripts/citizen_agent.gd:222)
       [534] _assign_next_task (res://scripts/citizen_agent.gd:213)
       [535] _navigate_to (res://scripts/citizen_agent.gd:222)
       [536] _assign_next_task (res://scripts/citizen_agent.gd:213)
       [537] _navigate_to (res://scripts/citizen_agent.gd:222)
       [538] _assign_next_task (res://scripts/citizen_agent.gd:213)
       [539] _navigate_to (res://scripts/citizen_agent.gd:222)
       [540] _assign_next_task (res://scripts/citizen_agent.gd:213)
       [541] _navigate_to (res://scripts/citizen_agent.gd:222)
       [542] _assign_next_task (res://scripts/citizen_agent.gd:213)
       [543] _navigate_to (res://scripts/citizen_agent.gd:222)
       [544] _assign_next_task (res://scripts/citizen_agent.gd:213)
       [545] _navigate_to (res://scripts/citizen_agent.gd:222)
       [546] _assign_next_task (res://scripts/citizen_agent.gd:213)
       [547] _navigate_to (res://scripts/citizen_agent.gd:222)
       [548] _assign_next_task (res://scripts/citizen_agent.gd:213)
       [549] _navigate_to (res://scripts/citizen_agent.gd:222)
       [550] _assign_next_task (res://scripts/citizen_agent.gd:213)
       [551] _navigate_to (res://scripts/citizen_agent.gd:222)
       [552] _assign_next_task (res://scripts/citizen_agent.gd:213)
       [553] _navigate_to (res://scripts/citizen_agent.gd:222)
       [554] _assign_next_task (res://scripts/citizen_agent.gd:213)
       [555] _navigate_to (res://scripts/citizen_agent.gd:222)
       [556] _assign_next_task (res://scripts/citizen_agent.gd:213)
       [557] _navigate_to (res://scripts/citizen_agent.gd:222)
       [558] _assign_next_task (res://scripts/citizen_agent.gd:213)
       [559] _navigate_to (res://scripts/citizen_agent.gd:222)
       [560] _assign_next_task (res://scripts/citizen_agent.gd:213)
       [561] _navigate_to (res://scripts/citizen_agent.gd:222)
       [562] _assign_next_task (res://scripts/citizen_agent.gd:213)
       [563] _navigate_to (res://scripts/citizen_agent.gd:222)
       [564] _assign_next_task (res://scripts/citizen_agent.gd:213)
       [565] _navigate_to (res://scripts/citizen_agent.gd:222)
       [566] _assign_next_task (res://scripts/citizen_agent.gd:213)
       [567] _navigate_to (res://scripts/citizen_agent.gd:222)
       [568] _assign_next_task (res://scripts/citizen_agent.gd:213)
       [569] _navigate_to (res://scripts/citizen_agent.gd:222)
       [570] _assign_next_task (res://scripts/citizen_agent.gd:213)
       [571] _navigate_to (res://scripts/citizen_agent.gd:222)
       [572] _assign_next_task (res://scripts/citizen_agent.gd:213)
       [573] _navigate_to (res://scripts/citizen_agent.gd:222)
       [574] _assign_next_task (res://scripts/citizen_agent.gd:213)
       [575] _navigate_to (res://scripts/citizen_agent.gd:222)
       [576] _assign_next_task (res://scripts/citizen_agent.gd:213)
       [577] _navigate_to (res://scripts/citizen_agent.gd:222)
       [578] _assign_next_task (res://scripts/citizen_agent.gd:213)
       [579] _navigate_to (res://scripts/citizen_agent.gd:222)
       [580] _assign_next_task (res://scripts/citizen_agent.gd:213)
       [581] _navigate_to (res://scripts/citizen_agent.gd:222)
       [582] _assign_next_task (res://scripts/citizen_agent.gd:213)
       [583] _navigate_to (res://scripts/citizen_agent.gd:222)
       [584] _assign_next_task (res://scripts/citizen_agent.gd:213)
       [585] _navigate_to (res://scripts/citizen_agent.gd:222)
       [586] _assign_next_task (res://scripts/citizen_agent.gd:213)
       [587] _navigate_to (res://scripts/citizen_agent.gd:222)
       [588] _assign_next_task (res://scripts/citizen_agent.gd:213)
       [589] _navigate_to (res://scripts/citizen_agent.gd:222)
       [590] _assign_next_task (res://scripts/citizen_agent.gd:213)
       [591] _navigate_to (res://scripts/citizen_agent.gd:222)
       [592] _assign_next_task (res://scripts/citizen_agent.gd:213)
       [593] _navigate_to (res://scripts/citizen_agent.gd:222)
       [594] _assign_next_task (res://scripts/citizen_agent.gd:213)
       [595] _navigate_to (res://scripts/citizen_agent.gd:222)
       [596] _assign_next_task (res://scripts/citizen_agent.gd:213)
       [597] _navigate_to (res://scripts/citizen_agent.gd:222)
       [598] _assign_next_task (res://scripts/citizen_agent.gd:213)
       [599] _navigate_to (res://scripts/citizen_agent.gd:222)
       [600] _assign_next_task (res://scripts/citizen_agent.gd:213)
       [601] _navigate_to (res://scripts/citizen_agent.gd:222)
       [602] _assign_next_task (res://scripts/citizen_agent.gd:213)
       [603] _navigate_to (res://scripts/citizen_agent.gd:222)
       [604] _assign_next_task (res://scripts/citizen_agent.gd:213)
       [605] _navigate_to (res://scripts/citizen_agent.gd:222)
       [606] _assign_next_task (res://scripts/citizen_agent.gd:213)
       [607] _navigate_to (res://scripts/citizen_agent.gd:222)
       [608] _assign_next_task (res://scripts/citizen_agent.gd:213)
       [609] _navigate_to (res://scripts/citizen_agent.gd:222)
       [610] _assign_next_task (res://scripts/citizen_agent.gd:213)
       [611] _navigate_to (res://scripts/citizen_agent.gd:222)
       [612] _assign_next_task (res://scripts/citizen_agent.gd:213)
       [613] _navigate_to (res://scripts/citizen_agent.gd:222)
       [614] _assign_next_task (res://scripts/citizen_agent.gd:213)
       [615] _navigate_to (res://scripts/citizen_agent.gd:222)
       [616] _assign_next_task (res://scripts/citizen_agent.gd:213)
       [617] _navigate_to (res://scripts/citizen_agent.gd:222)
       [618] _assign_next_task (res://scripts/citizen_agent.gd:213)
       [619] _navigate_to (res://scripts/citizen_agent.gd:222)
       [620] _assign_next_task (res://scripts/citizen_agent.gd:213)
       [621] _navigate_to (res://scripts/citizen_agent.gd:222)
       [622] _assign_next_task (res://scripts/citizen_agent.gd:213)
       [623] _navigate_to (res://scripts/citizen_agent.gd:222)
       [624] _assign_next_task (res://scripts/citizen_agent.gd:213)
       [625] _navigate_to (res://scripts/citizen_agent.gd:222)
       [626] _assign_next_task (res://scripts/citizen_agent.gd:213)
       [627] _navigate_to (res://scripts/citizen_agent.gd:222)
       [628] _assign_next_task (res://scripts/citizen_agent.gd:213)
       [629] _navigate_to (res://scripts/citizen_agent.gd:222)
       [630] _assign_next_task (res://scripts/citizen_agent.gd:213)
       [631] _navigate_to (res://scripts/citizen_agent.gd:222)
       [632] _assign_next_task (res://scripts/citizen_agent.gd:213)
       [633] _navigate_to (res://scripts/citizen_agent.gd:222)
       [634] _assign_next_task (res://scripts/citizen_agent.gd:213)
       [635] _navigate_to (res://scripts/citizen_agent.gd:222)
       [636] _assign_next_task (res://scripts/citizen_agent.gd:213)
       [637] _navigate_to (res://scripts/citizen_agent.gd:222)
       [638] _assign_next_task (res://scripts/citizen_agent.gd:213)
       [639] _navigate_to (res://scripts/citizen_agent.gd:222)
       [640] _assign_next_task (res://scripts/citizen_agent.gd:213)
       [641] _navigate_to (res://scripts/citizen_agent.gd:222)
       [642] _assign_next_task (res://scripts/citizen_agent.gd:213)
       [643] _navigate_to (res://scripts/citizen_agent.gd:222)
       [644] _assign_next_task (res://scripts/citizen_agent.gd:213)
       [645] _navigate_to (res://scripts/citizen_agent.gd:222)
       [646] _assign_next_task (res://scripts/citizen_agent.gd:213)
       [647] _navigate_to (res://scripts/citizen_agent.gd:222)
       [648] _assign_next_task (res://scripts/citizen_agent.gd:213)
       [649] _navigate_to (res://scripts/citizen_agent.gd:222)
       [650] _assign_next_task (res://scripts/citizen_agent.gd:213)
       [651] _navigate_to (res://scripts/citizen_agent.gd:222)
       [652] _assign_next_task (res://scripts/citizen_agent.gd:213)
       [653] _navigate_to (res://scripts/citizen_agent.gd:222)
       [654] _assign_next_task (res://scripts/citizen_agent.gd:213)
       [655] _navigate_to (res://scripts/citizen_agent.gd:222)
       [656] _assign_next_task (res://scripts/citizen_agent.gd:213)
       [657] _navigate_to (res://scripts/citizen_agent.gd:222)
       [658] _assign_next_task (res://scripts/citizen_agent.gd:213)
       [659] _navigate_to (res://scripts/citizen_agent.gd:222)
       [660] _assign_next_task (res://scripts/citizen_agent.gd:213)
       [661] _navigate_to (res://scripts/citizen_agent.gd:222)
       [662] _assign_next_task (res://scripts/citizen_agent.gd:213)
       [663] _navigate_to (res://scripts/citizen_agent.gd:222)
       [664] _assign_next_task (res://scripts/citizen_agent.gd:213)
       [665] _navigate_to (res://scripts/citizen_agent.gd:222)
       [666] _assign_next_task (res://scripts/citizen_agent.gd:213)
       [667] _navigate_to (res://scripts/citizen_agent.gd:222)
       [668] _assign_next_task (res://scripts/citizen_agent.gd:213)
       [669] _navigate_to (res://scripts/citizen_agent.gd:222)
       [670] _assign_next_task (res://scripts/citizen_agent.gd:213)
       [671] _navigate_to (res://scripts/citizen_agent.gd:222)
       [672] _assign_next_task (res://scripts/citizen_agent.gd:213)
       [673] _navigate_to (res://scripts/citizen_agent.gd:222)
       [674] _assign_next_task (res://scripts/citizen_agent.gd:213)
       [675] _navigate_to (res://scripts/citizen_agent.gd:222)
       [676] _assign_next_task (res://scripts/citizen_agent.gd:213)
       [677] _navigate_to (res://scripts/citizen_agent.gd:222)
       [678] _assign_next_task (res://scripts/citizen_agent.gd:213)
       [679] _navigate_to (res://scripts/citizen_agent.gd:222)
       [680] _assign_next_task (res://scripts/citizen_agent.gd:213)
       [681] _navigate_to (res://scripts/citizen_agent.gd:222)
       [682] _assign_next_task (res://scripts/citizen_agent.gd:213)
       [683] _navigate_to (res://scripts/citizen_agent.gd:222)
       [684] _assign_next_task (res://scripts/citizen_agent.gd:213)
       [685] _navigate_to (res://scripts/citizen_agent.gd:222)
       [686] _assign_next_task (res://scripts/citizen_agent.gd:213)
       [687] _navigate_to (res://scripts/citizen_agent.gd:222)
       [688] _assign_next_task (res://scripts/citizen_agent.gd:213)
       [689] _navigate_to (res://scripts/citizen_agent.gd:222)
       [690] _assign_next_task (res://scripts/citizen_agent.gd:213)
       [691] _navigate_to (res://scripts/citizen_agent.gd:222)
       [692] _assign_next_task (res://scripts/citizen_agent.gd:213)
       [693] _navigate_to (res://scripts/citizen_agent.gd:222)
       [694] _assign_next_task (res://scripts/citizen_agent.gd:213)
       [695] _navigate_to (res://scripts/citizen_agent.gd:222)
       [696] _assign_next_task (res://scripts/citizen_agent.gd:213)
       [697] _navigate_to (res://scripts/citizen_agent.gd:222)
       [698] _assign_next_task (res://scripts/citizen_agent.gd:213)
       [699] _navigate_to (res://scripts/citizen_agent.gd:222)
       [700] _assign_next_task (res://scripts/citizen_agent.gd:213)
       [701] _navigate_to (res://scripts/citizen_agent.gd:222)
       [702] _assign_next_task (res://scripts/citizen_agent.gd:213)
       [703] _navigate_to (res://scripts/citizen_agent.gd:222)
       [704] _assign_next_task (res://scripts/citizen_agent.gd:213)
       [705] _navigate_to (res://scripts/citizen_agent.gd:222)
       [706] _assign_next_task (res://scripts/citizen_agent.gd:213)
       [707] _navigate_to (res://scripts/citizen_agent.gd:222)
       [708] _assign_next_task (res://scripts/citizen_agent.gd:213)
       [709] _navigate_to (res://scripts/citizen_agent.gd:222)
       [710] _assign_next_task (res://scripts/citizen_agent.gd:213)
       [711] _navigate_to (res://scripts/citizen_agent.gd:222)
       [712] _assign_next_task (res://scripts/citizen_agent.gd:213)
       [713] _navigate_to (res://scripts/citizen_agent.gd:222)
       [714] _assign_next_task (res://scripts/citizen_agent.gd:213)
       [715] _navigate_to (res://scripts/citizen_agent.gd:222)
       [716] _assign_next_task (res://scripts/citizen_agent.gd:213)
       [717] _navigate_to (res://scripts/citizen_agent.gd:222)
       [718] _assign_next_task (res://scripts/citizen_agent.gd:213)
       [719] _navigate_to (res://scripts/citizen_agent.gd:222)
       [720] _assign_next_task (res://scripts/citizen_agent.gd:213)
       [721] _navigate_to (res://scripts/citizen_agent.gd:222)
       [722] _assign_next_task (res://scripts/citizen_agent.gd:213)
       [723] _navigate_to (res://scripts/citizen_agent.gd:222)
       [724] _assign_next_task (res://scripts/citizen_agent.gd:213)
       [725] _navigate_to (res://scripts/citizen_agent.gd:222)
       [726] _assign_next_task (res://scripts/citizen_agent.gd:213)
       [727] _navigate_to (res://scripts/citizen_agent.gd:222)
       [728] _assign_next_task (res://scripts/citizen_agent.gd:213)
       [729] _navigate_to (res://scripts/citizen_agent.gd:222)
       [730] _assign_next_task (res://scripts/citizen_agent.gd:213)
       [731] _navigate_to (res://scripts/citizen_agent.gd:222)
       [732] _assign_next_task (res://scripts/citizen_agent.gd:213)
       [733] _navigate_to (res://scripts/citizen_agent.gd:222)
       [734] _assign_next_task (res://scripts/citizen_agent.gd:213)
       [735] _navigate_to (res://scripts/citizen_agent.gd:222)
       [736] _assign_next_task (res://scripts/citizen_agent.gd:213)
       [737] _navigate_to (res://scripts/citizen_agent.gd:222)
       [738] _assign_next_task (res://scripts/citizen_agent.gd:213)
       [739] _navigate_to (res://scripts/citizen_agent.gd:222)
       [740] _assign_next_task (res://scripts/citizen_agent.gd:213)
       [741] _navigate_to (res://scripts/citizen_agent.gd:222)
       [742] _assign_next_task (res://scripts/citizen_agent.gd:213)
       [743] _navigate_to (res://scripts/citizen_agent.gd:222)
       [744] _assign_next_task (res://scripts/citizen_agent.gd:213)
       [745] _navigate_to (res://scripts/citizen_agent.gd:222)
       [746] _assign_next_task (res://scripts/citizen_agent.gd:213)
       [747] _navigate_to (res://scripts/citizen_agent.gd:222)
       [748] _assign_next_task (res://scripts/citizen_agent.gd:213)
       [749] _navigate_to (res://scripts/citizen_agent.gd:222)
       [750] _assign_next_task (res://scripts/citizen_agent.gd:213)
       [751] _navigate_to (res://scripts/citizen_agent.gd:222)
       [752] _assign_next_task (res://scripts/citizen_agent.gd:213)
       [753] _navigate_to (res://scripts/citizen_agent.gd:222)
       [754] _assign_next_task (res://scripts/citizen_agent.gd:213)
       [755] _navigate_to (res://scripts/citizen_agent.gd:222)
       [756] _assign_next_task (res://scripts/citizen_agent.gd:213)
       [757] _navigate_to (res://scripts/citizen_agent.gd:222)
       [758] _assign_next_task (res://scripts/citizen_agent.gd:213)
       [759] _navigate_to (res://scripts/citizen_agent.gd:222)
       [760] _assign_next_task (res://scripts/citizen_agent.gd:213)
       [761] _navigate_to (res://scripts/citizen_agent.gd:222)
       [762] _assign_next_task (res://scripts/citizen_agent.gd:213)
       [763] _navigate_to (res://scripts/citizen_agent.gd:222)
       [764] _assign_next_task (res://scripts/citizen_agent.gd:213)
       [765] _navigate_to (res://scripts/citizen_agent.gd:222)
       [766] _assign_next_task (res://scripts/citizen_agent.gd:213)
       [767] _navigate_to (res://scripts/citizen_agent.gd:222)
       [768] _assign_next_task (res://scripts/citizen_agent.gd:213)
       [769] _navigate_to (res://scripts/citizen_agent.gd:222)
       [770] _assign_next_task (res://scripts/citizen_agent.gd:213)
       [771] _navigate_to (res://scripts/citizen_agent.gd:222)
       [772] _assign_next_task (res://scripts/citizen_agent.gd:213)
       [773] _navigate_to (res://scripts/citizen_agent.gd:222)
       [774] _assign_next_task (res://scripts/citizen_agent.gd:213)
       [775] _navigate_to (res://scripts/citizen_agent.gd:222)
       [776] _assign_next_task (res://scripts/citizen_agent.gd:213)
       [777] _navigate_to (res://scripts/citizen_agent.gd:222)
       [778] _assign_next_task (res://scripts/citizen_agent.gd:213)
       [779] _navigate_to (res://scripts/citizen_agent.gd:222)
       [780] _assign_next_task (res://scripts/citizen_agent.gd:213)
       [781] _navigate_to (res://scripts/citizen_agent.gd:222)
       [782] _assign_next_task (res://scripts/citizen_agent.gd:213)
       [783] _navigate_to (res://scripts/citizen_agent.gd:222)
       [784] _assign_next_task (res://scripts/citizen_agent.gd:213)
       [785] _navigate_to (res://scripts/citizen_agent.gd:222)
       [786] _assign_next_task (res://scripts/citizen_agent.gd:213)
       [787] _navigate_to (res://scripts/citizen_agent.gd:222)
       [788] _assign_next_task (res://scripts/citizen_agent.gd:213)
       [789] _navigate_to (res://scripts/citizen_agent.gd:222)
       [790] _assign_next_task (res://scripts/citizen_agent.gd:213)
       [791] _navigate_to (res://scripts/citizen_agent.gd:222)
       [792] _assign_next_task (res://scripts/citizen_agent.gd:213)
       [793] _navigate_to (res://scripts/citizen_agent.gd:222)
       [794] _assign_next_task (res://scripts/citizen_agent.gd:213)
       [795] _navigate_to (res://scripts/citizen_agent.gd:222)
       [796] _assign_next_task (res://scripts/citizen_agent.gd:213)
       [797] _navigate_to (res://scripts/citizen_agent.gd:222)
       [798] _assign_next_task (res://scripts/citizen_agent.gd:213)
       [799] _navigate_to (res://scripts/citizen_agent.gd:222)
       [800] _assign_next_task (res://scripts/citizen_agent.gd:213)
       [801] _navigate_to (res://scripts/citizen_agent.gd:222)
       [802] _assign_next_task (res://scripts/citizen_agent.gd:213)
       [803] _navigate_to (res://scripts/citizen_agent.gd:222)
       [804] _assign_next_task (res://scripts/citizen_agent.gd:213)
       [805] _navigate_to (res://scripts/citizen_agent.gd:222)
       [806] _assign_next_task (res://scripts/citizen_agent.gd:213)
       [807] _navigate_to (res://scripts/citizen_agent.gd:222)
       [808] _assign_next_task (res://scripts/citizen_agent.gd:213)
       [809] _navigate_to (res://scripts/citizen_agent.gd:222)
       [810] _assign_next_task (res://scripts/citizen_agent.gd:213)
       [811] _navigate_to (res://scripts/citizen_agent.gd:222)
       [812] _assign_next_task (res://scripts/citizen_agent.gd:213)
       [813] _navigate_to (res://scripts/citizen_agent.gd:222)
       [814] _assign_next_task (res://scripts/citizen_agent.gd:213)
       [815] _navigate_to (res://scripts/citizen_agent.gd:222)
       [816] _assign_next_task (res://scripts/citizen_agent.gd:213)
       [817] _navigate_to (res://scripts/citizen_agent.gd:222)
       [818] _assign_next_task (res://scripts/citizen_agent.gd:213)
       [819] _navigate_to (res://scripts/citizen_agent.gd:222)
       [820] _assign_next_task (res://scripts/citizen_agent.gd:213)
       [821] _navigate_to (res://scripts/citizen_agent.gd:222)
       [822] _assign_next_task (res://scripts/citizen_agent.gd:213)
       [823] _navigate_to (res://scripts/citizen_agent.gd:222)
       [824] _assign_next_task (res://scripts/citizen_agent.gd:213)
       [825] _navigate_to (res://scripts/citizen_agent.gd:222)
       [826] _assign_next_task (res://scripts/citizen_agent.gd:213)
       [827] _navigate_to (res://scripts/citizen_agent.gd:222)
       [828] _assign_next_task (res://scripts/citizen_agent.gd:213)
       [829] _navigate_to (res://scripts/citizen_agent.gd:222)
       [830] _assign_next_task (res://scripts/citizen_agent.gd:213)
       [831] _navigate_to (res://scripts/citizen_agent.gd:222)
       [832] _assign_next_task (res://scripts/citizen_agent.gd:213)
       [833] _navigate_to (res://scripts/citizen_agent.gd:222)
       [834] _assign_next_task (res://scripts/citizen_agent.gd:213)
       [835] _navigate_to (res://scripts/citizen_agent.gd:222)
       [836] _assign_next_task (res://scripts/citizen_agent.gd:213)
       [837] _navigate_to (res://scripts/citizen_agent.gd:222)
       [838] _assign_next_task (res://scripts/citizen_agent.gd:213)
       [839] _navigate_to (res://scripts/citizen_agent.gd:222)
       [840] _assign_next_task (res://scripts/citizen_agent.gd:213)
       [841] _navigate_to (res://scripts/citizen_agent.gd:222)
       [842] _assign_next_task (res://scripts/citizen_agent.gd:213)
       [843] _navigate_to (res://scripts/citizen_agent.gd:222)
       [844] _assign_next_task (res://scripts/citizen_agent.gd:213)
       [845] _navigate_to (res://scripts/citizen_agent.gd:222)
       [846] _assign_next_task (res://scripts/citizen_agent.gd:213)
       [847] _navigate_to (res://scripts/citizen_agent.gd:222)
       [848] _assign_next_task (res://scripts/citizen_agent.gd:213)
       [849] _navigate_to (res://scripts/citizen_agent.gd:222)
       [850] _assign_next_task (res://scripts/citizen_agent.gd:213)
       [851] _navigate_to (res://scripts/citizen_agent.gd:222)
       [852] _assign_next_task (res://scripts/citizen_agent.gd:213)
       [853] _navigate_to (res://scripts/citizen_agent.gd:222)
       [854] _assign_next_task (res://scripts/citizen_agent.gd:213)
       [855] _navigate_to (res://scripts/citizen_agent.gd:222)
       [856] _assign_next_task (res://scripts/citizen_agent.gd:213)
       [857] _navigate_to (res://scripts/citizen_agent.gd:222)
       [858] _assign_next_task (res://scripts/citizen_agent.gd:213)
       [859] _navigate_to (res://scripts/citizen_agent.gd:222)
       [860] _assign_next_task (res://scripts/citizen_agent.gd:213)
       [861] _navigate_to (res://scripts/citizen_agent.gd:222)
       [862] _assign_next_task (res://scripts/citizen_agent.gd:213)
       [863] _navigate_to (res://scripts/citizen_agent.gd:222)
       [864] _assign_next_task (res://scripts/citizen_agent.gd:213)
       [865] _navigate_to (res://scripts/citizen_agent.gd:222)
       [866] _assign_next_task (res://scripts/citizen_agent.gd:213)
       [867] _navigate_to (res://scripts/citizen_agent.gd:222)
       [868] _assign_next_task (res://scripts/citizen_agent.gd:213)
       [869] _navigate_to (res://scripts/citizen_agent.gd:222)
       [870] _assign_next_task (res://scripts/citizen_agent.gd:213)
       [871] _navigate_to (res://scripts/citizen_agent.gd:222)
       [872] _assign_next_task (res://scripts/citizen_agent.gd:213)
       [873] _navigate_to (res://scripts/citizen_agent.gd:222)
       [874] _assign_next_task (res://scripts/citizen_agent.gd:213)
       [875] _navigate_to (res://scripts/citizen_agent.gd:222)
       [876] _assign_next_task (res://scripts/citizen_agent.gd:213)
       [877] _navigate_to (res://scripts/citizen_agent.gd:222)
       [878] _assign_next_task (res://scripts/citizen_agent.gd:213)
       [879] _navigate_to (res://scripts/citizen_agent.gd:222)
       [880] _assign_next_task (res://scripts/citizen_agent.gd:213)
       [881] _navigate_to (res://scripts/citizen_agent.gd:222)
       [882] _assign_next_task (res://scripts/citizen_agent.gd:213)
       [883] _navigate_to (res://scripts/citizen_agent.gd:222)
       [884] _assign_next_task (res://scripts/citizen_agent.gd:213)
       [885] _navigate_to (res://scripts/citizen_agent.gd:222)
       [886] _assign_next_task (res://scripts/citizen_agent.gd:213)
       [887] _navigate_to (res://scripts/citizen_agent.gd:222)
       [888] _assign_next_task (res://scripts/citizen_agent.gd:213)
       [889] _navigate_to (res://scripts/citizen_agent.gd:222)
       [890] _assign_next_task (res://scripts/citizen_agent.gd:213)
       [891] _navigate_to (res://scripts/citizen_agent.gd:222)
       [892] _assign_next_task (res://scripts/citizen_agent.gd:213)
       [893] _navigate_to (res://scripts/citizen_agent.gd:222)
       [894] _assign_next_task (res://scripts/citizen_agent.gd:213)
       [895] _navigate_to (res://scripts/citizen_agent.gd:222)
       [896] _assign_next_task (res://scripts/citizen_agent.gd:213)
       [897] _navigate_to (res://scripts/citizen_agent.gd:222)
       [898] _assign_next_task (res://scripts/citizen_agent.gd:213)
       [899] _navigate_to (res://scripts/citizen_agent.gd:222)
       [900] _assign_next_task (res://scripts/citizen_agent.gd:213)
       [901] _navigate_to (res://scripts/citizen_agent.gd:222)
       [902] _assign_next_task (res://scripts/citizen_agent.gd:213)
       [903] _navigate_to (res://scripts/citizen_agent.gd:222)
       [904] _assign_next_task (res://scripts/citizen_agent.gd:213)
       [905] _navigate_to (res://scripts/citizen_agent.gd:222)
       [906] _assign_next_task (res://scripts/citizen_agent.gd:213)
       [907] _navigate_to (res://scripts/citizen_agent.gd:222)
       [908] _assign_next_task (res://scripts/citizen_agent.gd:213)
       [909] _navigate_to (res://scripts/citizen_agent.gd:222)
       [910] _assign_next_task (res://scripts/citizen_agent.gd:213)
       [911] _navigate_to (res://scripts/citizen_agent.gd:222)
       [912] _assign_next_task (res://scripts/citizen_agent.gd:213)
       [913] _navigate_to (res://scripts/citizen_agent.gd:222)
       [914] _assign_next_task (res://scripts/citizen_agent.gd:213)
       [915] _navigate_to (res://scripts/citizen_agent.gd:222)
       [916] _assign_next_task (res://scripts/citizen_agent.gd:213)
       [917] _navigate_to (res://scripts/citizen_agent.gd:222)
       [918] _assign_next_task (res://scripts/citizen_agent.gd:213)
       [919] _navigate_to (res://scripts/citizen_agent.gd:222)
       [920] _assign_next_task (res://scripts/citizen_agent.gd:213)
       [921] _navigate_to (res://scripts/citizen_agent.gd:222)
       [922] _assign_next_task (res://scripts/citizen_agent.gd:213)
       [923] _navigate_to (res://scripts/citizen_agent.gd:222)
       [924] _assign_next_task (res://scripts/citizen_agent.gd:213)
       [925] _navigate_to (res://scripts/citizen_agent.gd:222)
       [926] _assign_next_task (res://scripts/citizen_agent.gd:213)
       [927] _navigate_to (res://scripts/citizen_agent.gd:222)
       [928] _assign_next_task (res://scripts/citizen_agent.gd:213)
       [929] _navigate_to (res://scripts/citizen_agent.gd:222)
       [930] _assign_next_task (res://scripts/citizen_agent.gd:213)
       [931] _navigate_to (res://scripts/citizen_agent.gd:222)
       [932] _assign_next_task (res://scripts/citizen_agent.gd:213)
       [933] _navigate_to (res://scripts/citizen_agent.gd:222)
       [934] _assign_next_task (res://scripts/citizen_agent.gd:213)
       [935] _navigate_to (res://scripts/citizen_agent.gd:222)
       [936] _assign_next_task (res://scripts/citizen_agent.gd:213)
       [937] _navigate_to (res://scripts/citizen_agent.gd:222)
       [938] _assign_next_task (res://scripts/citizen_agent.gd:213)
       [939] _navigate_to (res://scripts/citizen_agent.gd:222)
       [940] _assign_next_task (res://scripts/citizen_agent.gd:213)
       [941] _navigate_to (res://scripts/citizen_agent.gd:222)
       [942] _assign_next_task (res://scripts/citizen_agent.gd:213)
       [943] _navigate_to (res://scripts/citizen_agent.gd:222)
       [944] _assign_next_task (res://scripts/citizen_agent.gd:213)
       [945] _navigate_to (res://scripts/citizen_agent.gd:222)
       [946] _assign_next_task (res://scripts/citizen_agent.gd:213)
       [947] _navigate_to (res://scripts/citizen_agent.gd:222)
       [948] _assign_next_task (res://scripts/citizen_agent.gd:213)
       [949] _navigate_to (res://scripts/citizen_agent.gd:222)
       [950] _assign_next_task (res://scripts/citizen_agent.gd:213)
       [951] _navigate_to (res://scripts/citizen_agent.gd:222)
       [952] _assign_next_task (res://scripts/citizen_agent.gd:213)
       [953] _navigate_to (res://scripts/citizen_agent.gd:222)
       [954] _assign_next_task (res://scripts/citizen_agent.gd:213)
       [955] _navigate_to (res://scripts/citizen_agent.gd:222)
       [956] _assign_next_task (res://scripts/citizen_agent.gd:213)
       [957] _navigate_to (res://scripts/citizen_agent.gd:222)
       [958] _assign_next_task (res://scripts/citizen_agent.gd:213)
       [959] _navigate_to (res://scripts/citizen_agent.gd:222)
       [960] _assign_next_task (res://scripts/citizen_agent.gd:213)
       [961] _navigate_to (res://scripts/citizen_agent.gd:222)
       [962] _assign_next_task (res://scripts/citizen_agent.gd:213)
       [963] _navigate_to (res://scripts/citizen_agent.gd:222)
       [964] _assign_next_task (res://scripts/citizen_agent.gd:213)
       [965] _navigate_to (res://scripts/citizen_agent.gd:222)
       [966] _assign_next_task (res://scripts/citizen_agent.gd:213)
       [967] _navigate_to (res://scripts/citizen_agent.gd:222)
       [968] _assign_next_task (res://scripts/citizen_agent.gd:213)
       [969] _navigate_to (res://scripts/citizen_agent.gd:222)
       [970] _assign_next_task (res://scripts/citizen_agent.gd:213)
       [971] _navigate_to (res://scripts/citizen_agent.gd:222)
       [972] _assign_next_task (res://scripts/citizen_agent.gd:213)
       [973] _navigate_to (res://scripts/citizen_agent.gd:222)
       [974] _assign_next_task (res://scripts/citizen_agent.gd:213)
       [975] _navigate_to (res://scripts/citizen_agent.gd:222)
       [976] _assign_next_task (res://scripts/citizen_agent.gd:213)
       [977] _navigate_to (res://scripts/citizen_agent.gd:222)
       [978] _assign_next_task (res://scripts/citizen_agent.gd:213)
       [979] _navigate_to (res://scripts/citizen_agent.gd:222)
       [980] _assign_next_task (res://scripts/citizen_agent.gd:213)
       [981] _navigate_to (res://scripts/citizen_agent.gd:222)
       [982] _assign_next_task (res://scripts/citizen_agent.gd:213)
       [983] _navigate_to (res://scripts/citizen_agent.gd:222)
       [984] _assign_next_task (res://scripts/citizen_agent.gd:213)
       [985] _navigate_to (res://scripts/citizen_agent.gd:222)
       [986] _assign_next_task (res://scripts/citizen_agent.gd:213)
       [987] _navigate_to (res://scripts/citizen_agent.gd:222)
       [988] _assign_next_task (res://scripts/citizen_agent.gd:213)
       [989] _navigate_to (res://scripts/citizen_agent.gd:222)
       [990] _assign_next_task (res://scripts/citizen_agent.gd:213)
       [991] _navigate_to (res://scripts/citizen_agent.gd:222)
       [992] _assign_next_task (res://scripts/citizen_agent.gd:213)
       [993] _navigate_to (res://scripts/citizen_agent.gd:222)
       [994] _assign_next_task (res://scripts/citizen_agent.gd:213)
       [995] _navigate_to (res://scripts/citizen_agent.gd:222)
       [996] _assign_next_task (res://scripts/citizen_agent.gd:213)
       [997] _navigate_to (res://scripts/citizen_agent.gd:222)
       [998] _assign_next_task (res://scripts/citizen_agent.gd:213)
       [999] _navigate_to (res://scripts/citizen_agent.gd:222)
       [1000] _assign_next_task (res://scripts/citizen_agent.gd:213)
       [1001] _navigate_to (res://scripts/citizen_agent.gd:222)
       [1002] _assign_next_task (res://scripts/citizen_agent.gd:213)
       [1003] _navigate_to (res://scripts/citizen_agent.gd:222)
       [1004] _assign_next_task (res://scripts/citizen_agent.gd:213)
       [1005] _navigate_to (res://scripts/citizen_agent.gd:222)
       [1006] _assign_next_task (res://scripts/citizen_agent.gd:213)
       [1007] _navigate_to (res://scripts/citizen_agent.gd:222)
       [1008] _assign_next_task (res://scripts/citizen_agent.gd:213)
       [1009] _navigate_to (res://scripts/citizen_agent.gd:222)
       [1010] _assign_next_task (res://scripts/citizen_agent.gd:213)
       [1011] _navigate_to (res://scripts/citizen_agent.gd:222)
       [1012] _assign_next_task (res://scripts/citizen_agent.gd:213)
       [1013] _navigate_to (res://scripts/citizen_agent.gd:222)
       [1014] _assign_next_task (res://scripts/citizen_agent.gd:213)
       [1015] _navigate_to (res://scripts/citizen_agent.gd:222)
       [1016] _assign_next_task (res://scripts/citizen_agent.gd:213)
       [1017] _navigate_to (res://scripts/citizen_agent.gd:222)
       [1018] _assign_next_task (res://scripts/citizen_agent.gd:213)
       [1019] _navigate_to (res://scripts/citizen_agent.gd:222)
       [1020] _assign_next_task (res://scripts/citizen_agent.gd:213)
       [1021] _process (res://scripts/citizen_agent.gd:66)
       [1022] step (res://scripts/civilization_simulation.gd:127)
       [1023] run (res://scripts/poc45_fast_test.gd:177)
SCRIPT ERROR: Stack overflow. Check for infinite recursion in your script.
   at: has_connection (res://scripts/surface_navigation.gd:267)
   GDScript backtrace (most recent call first):
       [0] status (res://scripts/construction_system.gd:166)
       [1] get_m6_status (res://scripts/task_coordinator.gd:501)
       [2] _update_population_ui (res://scripts/pipeline_proof.gd:1587)
       [3] _on_task_board_updated (res://scripts/pipeline_proof.gd:1604)
       [4] fail_task (res://scripts/task_coordinator.gd:137)
       [5] _assign_next_task (res://scripts/citizen_agent.gd:213)
       [6] _assign_next_task (res://scripts/citizen_agent.gd:213)
       [7] _navigate_to (res://scripts/citizen_agent.gd:222)
       [8] _assign_next_task (res://scripts/citizen_agent.gd:213)
       [9] _navigate_to (res://scripts/citizen_agent.gd:222)
       [10] _assign_next_task (res://scripts/citizen_agent.gd:213)
       [11] _navigate_to (res://scripts/citizen_agent.gd:222)
       [12] _assign_next_task (res://scripts/citizen_agent.gd:213)
       [13] _navigate_to (res://scripts/citizen_agent.gd:222)
       [14] _assign_next_task (res://scripts/citizen_agent.gd:213)
       [15] _navigate_to (res://scripts/citizen_agent.gd:222)
       [16] _assign_next_task (res://scripts/citizen_agent.gd:213)
       [17] _navigate_to (res://scripts/citizen_agent.gd:222)
       [18] _assign_next_task (res://scripts/citizen_agent.gd:213)
       [19] _navigate_to (res://scripts/citizen_agent.gd:222)
       [20] _assign_next_task (res://scripts/citizen_agent.gd:213)
       [21] _navigate_to (res://scripts/citizen_agent.gd:222)
       [22] _assign_next_task (res://scripts/citizen_agent.gd:213)
       [23] _navigate_to (res://scripts/citizen_agent.gd:222)
       [24] _assign_next_task (res://scripts/citizen_agent.gd:213)
       [25] _navigate_to (res://scripts/citizen_agent.gd:222)
       [26] _assign_next_task (res://scripts/citizen_agent.gd:213)
       [27] _navigate_to (res://scripts/citizen_agent.gd:222)
       [28] _assign_next_task (res://scripts/citizen_agent.gd:213)
       [29] _navigate_to (res://scripts/citizen_agent.gd:222)
       [30] _assign_next_task (res://scripts/citizen_agent.gd:213)
       [31] _navigate_to (res://scripts/citizen_agent.gd:222)
       [32] _assign_next_task (res://scripts/citizen_agent.gd:213)
       [33] _navigate_to (res://scripts/citizen_agent.gd:222)
       [34] _assign_next_task (res://scripts/citizen_agent.gd:213)
       [35] _navigate_to (res://scripts/citizen_agent.gd:222)
       [36] _assign_next_task (res://scripts/citizen_agent.gd:213)
       [37] _navigate_to (res://scripts/citizen_agent.gd:222)
       [38] _assign_next_task (res://scripts/citizen_agent.gd:213)
       [39] _navigate_to (res://scripts/citizen_agent.gd:222)
       [40] _assign_next_task (res://scripts/citizen_agent.gd:213)
       [41] _navigate_to (res://scripts/citizen_agent.gd:222)
       [42] _assign_next_task (res://scripts/citizen_agent.gd:213)
       [43] _navigate_to (res://scripts/citizen_agent.gd:222)
       [44] _assign_next_task (res://scripts/citizen_agent.gd:213)
       [45] _navigate_to (res://scripts/citizen_agent.gd:222)
       [46] _assign_next_task (res://scripts/citizen_agent.gd:213)
       [47] _navigate_to (res://scripts/citizen_agent.gd:222)
       [48] _assign_next_task (res://scripts/citizen_agent.gd:213)
       [49] _navigate_to (res://scripts/citizen_agent.gd:222)
       [50] _assign_next_task (res://scripts/citizen_agent.gd:213)
       [51] _navigate_to (res://scripts/citizen_agent.gd:222)
       [52] _assign_next_task (res://scripts/citizen_agent.gd:213)
       [53] _navigate_to (res://scripts/citizen_agent.gd:222)
       [54] _assign_next_task (res://scripts/citizen_agent.gd:213)
       [55] _navigate_to (res://scripts/citizen_agent.gd:222)
       [56] _assign_next_task (res://scripts/citizen_agent.gd:213)
       [57] _navigate_to (res://scripts/citizen_agent.gd:222)
       [58] _assign_next_task (res://scripts/citizen_agent.gd:213)
       [59] _navigate_to (res://scripts/citizen_agent.gd:222)
       [60] _assign_next_task (res://scripts/citizen_agent.gd:213)
       [61] _navigate_to (res://scripts/citizen_agent.gd:222)
       [62] _assign_next_task (res://scripts/citizen_agent.gd:213)
       [63] _navigate_to (res://scripts/citizen_agent.gd:222)
       [64] _assign_next_task (res://scripts/citizen_agent.gd:213)
       [65] _navigate_to (res://scripts/citizen_agent.gd:222)
       [66] _assign_next_task (res://scripts/citizen_agent.gd:213)
       [67] _navigate_to (res://scripts/citizen_agent.gd:222)
       [68] _assign_next_task (res://scripts/citizen_agent.gd:213)
       [69] _navigate_to (res://scripts/citizen_agent.gd:222)
       [70] _assign_next_task (res://scripts/citizen_agent.gd:213)
       [71] _navigate_to (res://scripts/citizen_agent.gd:222)
       [72] _assign_next_task (res://scripts/citizen_agent.gd:213)
       [73] _navigate_to (res://scripts/citizen_agent.gd:222)
       [74] _assign_next_task (res://scripts/citizen_agent.gd:213)
       [75] _navigate_to (res://scripts/citizen_agent.gd:222)
       [76] _assign_next_task (res://scripts/citizen_agent.gd:213)
       [77] _navigate_to (res://scripts/citizen_agent.gd:222)
       [78] _assign_next_task (res://scripts/citizen_agent.gd:213)
       [79] _navigate_to (res://scripts/citizen_agent.gd:222)
       [80] _assign_next_task (res://scripts/citizen_agent.gd:213)
       [81] _navigate_to (res://scripts/citizen_agent.gd:222)
       [82] _assign_next_task (res://scripts/citizen_agent.gd:213)
       [83] _navigate_to (res://scripts/citizen_agent.gd:222)
       [84] _assign_next_task (res://scripts/citizen_agent.gd:213)
       [85] _navigate_to (res://scripts/citizen_agent.gd:222)
       [86] _assign_next_task (res://scripts/citizen_agent.gd:213)
       [87] _navigate_to (res://scripts/citizen_agent.gd:222)
       [88] _assign_next_task (res://scripts/citizen_agent.gd:213)
       [89] _navigate_to (res://scripts/citizen_agent.gd:222)
       [90] _assign_next_task (res://scripts/citizen_agent.gd:213)
       [91] _navigate_to (res://scripts/citizen_agent.gd:222)
       [92] _assign_next_task (res://scripts/citizen_agent.gd:213)
       [93] _navigate_to (res://scripts/citizen_agent.gd:222)
       [94] _assign_next_task (res://scripts/citizen_agent.gd:213)
       [95] _navigate_to (res://scripts/citizen_agent.gd:222)
       [96] _assign_next_task (res://scripts/citizen_agent.gd:213)
       [97] _navigate_to (res://scripts/citizen_agent.gd:222)
       [98] _assign_next_task (res://scripts/citizen_agent.gd:213)
       [99] _navigate_to (res://scripts/citizen_agent.gd:222)
       [100] _assign_next_task (res://scripts/citizen_agent.gd:213)
       [101] _navigate_to (res://scripts/citizen_agent.gd:222)
       [102] _assign_next_task (res://scripts/citizen_agent.gd:213)
       [103] _navigate_to (res://scripts/citizen_agent.gd:222)
       [104] _assign_next_task (res://scripts/citizen_agent.gd:213)
       [105] _navigate_to (res://scripts/citizen_agent.gd:222)
       [106] _assign_next_task (res://scripts/citizen_agent.gd:213)
       [107] _navigate_to (res://scripts/citizen_agent.gd:222)
       [108] _assign_next_task (res://scripts/citizen_agent.gd:213)
       [109] _navigate_to (res://scripts/citizen_agent.gd:222)
       [110] _assign_next_task (res://scripts/citizen_agent.gd:213)
       [111] _navigate_to (res://scripts/citizen_agent.gd:222)
       [112] _assign_next_task (res://scripts/citizen_agent.gd:213)
       [113] _navigate_to (res://scripts/citizen_agent.gd:222)
       [114] _assign_next_task (res://scripts/citizen_agent.gd:213)
       [115] _navigate_to (res://scripts/citizen_agent.gd:222)
       [116] _assign_next_task (res://scripts/citizen_agent.gd:213)
       [117] _navigate_to (res://scripts/citizen_agent.gd:222)
       [118] _assign_next_task (res://scripts/citizen_agent.gd:213)
       [119] _navigate_to (res://scripts/citizen_agent.gd:222)
       [120] _assign_next_task (res://scripts/citizen_agent.gd:213)
       [121] _navigate_to (res://scripts/citizen_agent.gd:222)
       [122] _assign_next_task (res://scripts/citizen_agent.gd:213)
       [123] _navigate_to (res://scripts/citizen_agent.gd:222)
       [124] _assign_next_task (res://scripts/citizen_agent.gd:213)
       [125] _navigate_to (res://scripts/citizen_agent.gd:222)
       [126] _assign_next_task (res://scripts/citizen_agent.gd:213)
       [127] _navigate_to (res://scripts/citizen_agent.gd:222)
       [128] _assign_next_task (res://scripts/citizen_agent.gd:213)
       [129] _navigate_to (res://scripts/citizen_agent.gd:222)
       [130] _assign_next_task (res://scripts/citizen_agent.gd:213)
       [131] _navigate_to (res://scripts/citizen_agent.gd:222)
       [132] _assign_next_task (res://scripts/citizen_agent.gd:213)
       [133] _navigate_to (res://scripts/citizen_agent.gd:222)
       [134] _assign_next_task (res://scripts/citizen_agent.gd:213)
       [135] _navigate_to (res://scripts/citizen_agent.gd:222)
       [136] _assign_next_task (res://scripts/citizen_agent.gd:213)
       [137] _navigate_to (res://scripts/citizen_agent.gd:222)
       [138] _assign_next_task (res://scripts/citizen_agent.gd:213)
       [139] _navigate_to (res://scripts/citizen_agent.gd:222)
       [140] _assign_next_task (res://scripts/citizen_agent.gd:213)
       [141] _navigate_to (res://scripts/citizen_agent.gd:222)
       [142] _assign_next_task (res://scripts/citizen_agent.gd:213)
       [143] _navigate_to (res://scripts/citizen_agent.gd:222)
       [144] _assign_next_task (res://scripts/citizen_agent.gd:213)
       [145] _navigate_to (res://scripts/citizen_agent.gd:222)
       [146] _assign_next_task (res://scripts/citizen_agent.gd:213)
       [147] _navigate_to (res://scripts/citizen_agent.gd:222)
       [148] _assign_next_task (res://scripts/citizen_agent.gd:213)
       [149] _navigate_to (res://scripts/citizen_agent.gd:222)
       [150] _assign_next_task (res://scripts/citizen_agent.gd:213)
       [151] _navigate_to (res://scripts/citizen_agent.gd:222)
       [152] _assign_next_task (res://scripts/citizen_agent.gd:213)
       [153] _navigate_to (res://scripts/citizen_agent.gd:222)
       [154] _assign_next_task (res://scripts/citizen_agent.gd:213)
       [155] _navigate_to (res://scripts/citizen_agent.gd:222)
       [156] _assign_next_task (res://scripts/citizen_agent.gd:213)
       [157] _navigate_to (res://scripts/citizen_agent.gd:222)
       [158] _assign_next_task (res://scripts/citizen_agent.gd:213)
       [159] _navigate_to (res://scripts/citizen_agent.gd:222)
       [160] _assign_next_task (res://scripts/citizen_agent.gd:213)
       [161] _navigate_to (res://scripts/citizen_agent.gd:222)
       [162] _assign_next_task (res://scripts/citizen_agent.gd:213)
       [163] _navigate_to (res://scripts/citizen_agent.gd:222)
       [164] _assign_next_task (res://scripts/citizen_agent.gd:213)
       [165] _navigate_to (res://scripts/citizen_agent.gd:222)
       [166] _assign_next_task (res://scripts/citizen_agent.gd:213)
       [167] _navigate_to (res://scripts/citizen_agent.gd:222)
       [168] _assign_next_task (res://scripts/citizen_agent.gd:213)
       [169] _navigate_to (res://scripts/citizen_agent.gd:222)
       [170] _assign_next_task (res://scripts/citizen_agent.gd:213)
       [171] _navigate_to (res://scripts/citizen_agent.gd:222)
       [172] _assign_next_task (res://scripts/citizen_agent.gd:213)
       [173] _navigate_to (res://scripts/citizen_agent.gd:222)
       [174] _assign_next_task (res://scripts/citizen_agent.gd:213)
       [175] _navigate_to (res://scripts/citizen_agent.gd:222)
       [176] _assign_next_task (res://scripts/citizen_agent.gd:213)
       [177] _navigate_to (res://scripts/citizen_agent.gd:222)
       [178] _assign_next_task (res://scripts/citizen_agent.gd:213)
       [179] _navigate_to (res://scripts/citizen_agent.gd:222)
       [180] _assign_next_task (res://scripts/citizen_agent.gd:213)
       [181] _navigate_to (res://scripts/citizen_agent.gd:222)
       [182] _assign_next_task (res://scripts/citizen_agent.gd:213)
       [183] _navigate_to (res://scripts/citizen_agent.gd:222)
       [184] _assign_next_task (res://scripts/citizen_agent.gd:213)
       [185] _navigate_to (res://scripts/citizen_agent.gd:222)
       [186] _assign_next_task (res://scripts/citizen_agent.gd:213)
       [187] _navigate_to (res://scripts/citizen_agent.gd:222)
       [188] _assign_next_task (res://scripts/citizen_agent.gd:213)
       [189] _navigate_to (res://scripts/citizen_agent.gd:222)
       [190] _assign_next_task (res://scripts/citizen_agent.gd:213)
       [191] _navigate_to (res://scripts/citizen_agent.gd:222)
       [192] _assign_next_task (res://scripts/citizen_agent.gd:213)
       [193] _navigate_to (res://scripts/citizen_agent.gd:222)
       [194] _assign_next_task (res://scripts/citizen_agent.gd:213)
       [195] _navigate_to (res://scripts/citizen_agent.gd:222)
       [196] _assign_next_task (res://scripts/citizen_agent.gd:213)
       [197] _navigate_to (res://scripts/citizen_agent.gd:222)
       [198] _assign_next_task (res://scripts/citizen_agent.gd:213)
       [199] _navigate_to (res://scripts/citizen_agent.gd:222)
       [200] _assign_next_task (res://scripts/citizen_agent.gd:213)
       [201] _navigate_to (res://scripts/citizen_agent.gd:222)
       [202] _assign_next_task (res://scripts/citizen_agent.gd:213)
       [203] _navigate_to (res://scripts/citizen_agent.gd:222)
       [204] _assign_next_task (res://scripts/citizen_agent.gd:213)
       [205] _navigate_to (res://scripts/citizen_agent.gd:222)
       [206] _assign_next_task (res://scripts/citizen_agent.gd:213)
       [207] _navigate_to (res://scripts/citizen_agent.gd:222)
       [208] _assign_next_task (res://scripts/citizen_agent.gd:213)
       [209] _navigate_to (res://scripts/citizen_agent.gd:222)
       [210] _assign_next_task (res://scripts/citizen_agent.gd:213)
       [211] _navigate_to (res://scripts/citizen_agent.gd:222)
       [212] _assign_next_task (res://scripts/citizen_agent.gd:213)
       [213] _navigate_to (res://scripts/citizen_agent.gd:222)
       [214] _assign_next_task (res://scripts/citizen_agent.gd:213)
       [215] _navigate_to (res://scripts/citizen_agent.gd:222)
       [216] _assign_next_task (res://scripts/citizen_agent.gd:213)
       [217] _navigate_to (res://scripts/citizen_agent.gd:222)
       [218] _assign_next_task (res://scripts/citizen_agent.gd:213)
       [219] _navigate_to (res://scripts/citizen_agent.gd:222)
       [220] _assign_next_task (res://scripts/citizen_agent.gd:213)
       [221] _navigate_to (res://scripts/citizen_agent.gd:222)
       [222] _assign_next_task (res://scripts/citizen_agent.gd:213)
       [223] _navigate_to (res://scripts/citizen_agent.gd:222)
       [224] _assign_next_task (res://scripts/citizen_agent.gd:213)
       [225] _navigate_to (res://scripts/citizen_agent.gd:222)
       [226] _assign_next_task (res://scripts/citizen_agent.gd:213)
       [227] _navigate_to (res://scripts/citizen_agent.gd:222)
       [228] _assign_next_task (res://scripts/citizen_agent.gd:213)
       [229] _navigate_to (res://scripts/citizen_agent.gd:222)
       [230] _assign_next_task (res://scripts/citizen_agent.gd:213)
       [231] _navigate_to (res://scripts/citizen_agent.gd:222)
       [232] _assign_next_task (res://scripts/citizen_agent.gd:213)
       [233] _navigate_to (res://scripts/citizen_agent.gd:222)
       [234] _assign_next_task (res://scripts/citizen_agent.gd:213)
       [235] _navigate_to (res://scripts/citizen_agent.gd:222)
       [236] _assign_next_task (res://scripts/citizen_agent.gd:213)
       [237] _navigate_to (res://scripts/citizen_agent.gd:222)
       [238] _assign_next_task (res://scripts/citizen_agent.gd:213)
       [239] _navigate_to (res://scripts/citizen_agent.gd:222)
       [240] _assign_next_task (res://scripts/citizen_agent.gd:213)
       [241] _navigate_to (res://scripts/citizen_agent.gd:222)
       [242] _assign_next_task (res://scripts/citizen_agent.gd:213)
       [243] _navigate_to (res://scripts/citizen_agent.gd:222)
       [244] _assign_next_task (res://scripts/citizen_agent.gd:213)
       [245] _navigate_to (res://scripts/citizen_agent.gd:222)
       [246] _assign_next_task (res://scripts/citizen_agent.gd:213)
       [247] _navigate_to (res://scripts/citizen_agent.gd:222)
       [248] _assign_next_task (res://scripts/citizen_agent.gd:213)
       [249] _navigate_to (res://scripts/citizen_agent.gd:222)
       [250] _assign_next_task (res://scripts/citizen_agent.gd:213)
       [251] _navigate_to (res://scripts/citizen_agent.gd:222)
       [252] _assign_next_task (res://scripts/citizen_agent.gd:213)
       [253] _navigate_to (res://scripts/citizen_agent.gd:222)
       [254] _assign_next_task (res://scripts/citizen_agent.gd:213)
       [255] _navigate_to (res://scripts/citizen_agent.gd:222)
       [256] _assign_next_task (res://scripts/citizen_agent.gd:213)
       [257] _navigate_to (res://scripts/citizen_agent.gd:222)
       [258] _assign_next_task (res://scripts/citizen_agent.gd:213)
       [259] _navigate_to (res://scripts/citizen_agent.gd:222)
       [260] _assign_next_task (res://scripts/citizen_agent.gd:213)
       [261] _navigate_to (res://scripts/citizen_agent.gd:222)
       [262] _assign_next_task (res://scripts/citizen_agent.gd:213)
       [263] _navigate_to (res://scripts/citizen_agent.gd:222)
       [264] _assign_next_task (res://scripts/citizen_agent.gd:213)
       [265] _navigate_to (res://scripts/citizen_agent.gd:222)
       [266] _assign_next_task (res://scripts/citizen_agent.gd:213)
       [267] _navigate_to (res://scripts/citizen_agent.gd:222)
       [268] _assign_next_task (res://scripts/citizen_agent.gd:213)
       [269] _navigate_to (res://scripts/citizen_agent.gd:222)
       [270] _assign_next_task (res://scripts/citizen_agent.gd:213)
       [271] _navigate_to (res://scripts/citizen_agent.gd:222)
       [272] _assign_next_task (res://scripts/citizen_agent.gd:213)
       [273] _navigate_to (res://scripts/citizen_agent.gd:222)
       [274] _assign_next_task (res://scripts/citizen_agent.gd:213)
       [275] _navigate_to (res://scripts/citizen_agent.gd:222)
       [276] _assign_next_task (res://scripts/citizen_agent.gd:213)
       [277] _navigate_to (res://scripts/citizen_agent.gd:222)
       [278] _assign_next_task (res://scripts/citizen_agent.gd:213)
       [279] _navigate_to (res://scripts/citizen_agent.gd:222)
       [280] _assign_next_task (res://scripts/citizen_agent.gd:213)
       [281] _navigate_to (res://scripts/citizen_agent.gd:222)
       [282] _assign_next_task (res://scripts/citizen_agent.gd:213)
       [283] _navigate_to (res://scripts/citizen_agent.gd:222)
       [284] _assign_next_task (res://scripts/citizen_agent.gd:213)
       [285] _navigate_to (res://scripts/citizen_agent.gd:222)
       [286] _assign_next_task (res://scripts/citizen_agent.gd:213)
       [287] _navigate_to (res://scripts/citizen_agent.gd:222)
       [288] _assign_next_task (res://scripts/citizen_agent.gd:213)
       [289] _navigate_to (res://scripts/citizen_agent.gd:222)
       [290] _assign_next_task (res://scripts/citizen_agent.gd:213)
       [291] _navigate_to (res://scripts/citizen_agent.gd:222)
       [292] _assign_next_task (res://scripts/citizen_agent.gd:213)
       [293] _navigate_to (res://scripts/citizen_agent.gd:222)
       [294] _assign_next_task (res://scripts/citizen_agent.gd:213)
       [295] _navigate_to (res://scripts/citizen_agent.gd:222)
       [296] _assign_next_task (res://scripts/citizen_agent.gd:213)
       [297] _navigate_to (res://scripts/citizen_agent.gd:222)
       [298] _assign_next_task (res://scripts/citizen_agent.gd:213)
       [299] _navigate_to (res://scripts/citizen_agent.gd:222)
       [300] _assign_next_task (res://scripts/citizen_agent.gd:213)
       [301] _navigate_to (res://scripts/citizen_agent.gd:222)
       [302] _assign_next_task (res://scripts/citizen_agent.gd:213)
       [303] _navigate_to (res://scripts/citizen_agent.gd:222)
       [304] _assign_next_task (res://scripts/citizen_agent.gd:213)
       [305] _navigate_to (res://scripts/citizen_agent.gd:222)
       [306] _assign_next_task (res://scripts/citizen_agent.gd:213)
       [307] _navigate_to (res://scripts/citizen_agent.gd:222)
       [308] _assign_next_task (res://scripts/citizen_agent.gd:213)
       [309] _navigate_to (res://scripts/citizen_agent.gd:222)
       [310] _assign_next_task (res://scripts/citizen_agent.gd:213)
       [311] _navigate_to (res://scripts/citizen_agent.gd:222)
       [312] _assign_next_task (res://scripts/citizen_agent.gd:213)
       [313] _navigate_to (res://scripts/citizen_agent.gd:222)
       [314] _assign_next_task (res://scripts/citizen_agent.gd:213)
       [315] _navigate_to (res://scripts/citizen_agent.gd:222)
       [316] _assign_next_task (res://scripts/citizen_agent.gd:213)
       [317] _navigate_to (res://scripts/citizen_agent.gd:222)
       [318] _assign_next_task (res://scripts/citizen_agent.gd:213)
       [319] _navigate_to (res://scripts/citizen_agent.gd:222)
       [320] _assign_next_task (res://scripts/citizen_agent.gd:213)
       [321] _navigate_to (res://scripts/citizen_agent.gd:222)
       [322] _assign_next_task (res://scripts/citizen_agent.gd:213)
       [323] _navigate_to (res://scripts/citizen_agent.gd:222)
       [324] _assign_next_task (res://scripts/citizen_agent.gd:213)
       [325] _navigate_to (res://scripts/citizen_agent.gd:222)
       [326] _assign_next_task (res://scripts/citizen_agent.gd:213)
       [327] _navigate_to (res://scripts/citizen_agent.gd:222)
       [328] _assign_next_task (res://scripts/citizen_agent.gd:213)
       [329] _navigate_to (res://scripts/citizen_agent.gd:222)
       [330] _assign_next_task (res://scripts/citizen_agent.gd:213)
       [331] _navigate_to (res://scripts/citizen_agent.gd:222)
       [332] _assign_next_task (res://scripts/citizen_agent.gd:213)
       [333] _navigate_to (res://scripts/citizen_agent.gd:222)
       [334] _assign_next_task (res://scripts/citizen_agent.gd:213)
       [335] _navigate_to (res://scripts/citizen_agent.gd:222)
       [336] _assign_next_task (res://scripts/citizen_agent.gd:213)
       [337] _navigate_to (res://scripts/citizen_agent.gd:222)
       [338] _assign_next_task (res://scripts/citizen_agent.gd:213)
       [339] _navigate_to (res://scripts/citizen_agent.gd:222)
       [340] _assign_next_task (res://scripts/citizen_agent.gd:213)
       [341] _navigate_to (res://scripts/citizen_agent.gd:222)
       [342] _assign_next_task (res://scripts/citizen_agent.gd:213)
       [343] _navigate_to (res://scripts/citizen_agent.gd:222)
       [344] _assign_next_task (res://scripts/citizen_agent.gd:213)
       [345] _navigate_to (res://scripts/citizen_agent.gd:222)
       [346] _assign_next_task (res://scripts/citizen_agent.gd:213)
       [347] _navigate_to (res://scripts/citizen_agent.gd:222)
       [348] _assign_next_task (res://scripts/citizen_agent.gd:213)
       [349] _navigate_to (res://scripts/citizen_agent.gd:222)
       [350] _assign_next_task (res://scripts/citizen_agent.gd:213)
       [351] _navigate_to (res://scripts/citizen_agent.gd:222)
       [352] _assign_next_task (res://scripts/citizen_agent.gd:213)
       [353] _navigate_to (res://scripts/citizen_agent.gd:222)
       [354] _assign_next_task (res://scripts/citizen_agent.gd:213)
       [355] _navigate_to (res://scripts/citizen_agent.gd:222)
       [356] _assign_next_task (res://scripts/citizen_agent.gd:213)
       [357] _navigate_to (res://scripts/citizen_agent.gd:222)
       [358] _assign_next_task (res://scripts/citizen_agent.gd:213)
       [359] _navigate_to (res://scripts/citizen_agent.gd:222)
       [360] _assign_next_task (res://scripts/citizen_agent.gd:213)
       [361] _navigate_to (res://scripts/citizen_agent.gd:222)
       [362] _assign_next_task (res://scripts/citizen_agent.gd:213)
       [363] _navigate_to (res://scripts/citizen_agent.gd:222)
       [364] _assign_next_task (res://scripts/citizen_agent.gd:213)
       [365] _navigate_to (res://scripts/citizen_agent.gd:222)
       [366] _assign_next_task (res://scripts/citizen_agent.gd:213)
       [367] _navigate_to (res://scripts/citizen_agent.gd:222)
       [368] _assign_next_task (res://scripts/citizen_agent.gd:213)
       [369] _navigate_to (res://scripts/citizen_agent.gd:222)
       [370] _assign_next_task (res://scripts/citizen_agent.gd:213)
       [371] _navigate_to (res://scripts/citizen_agent.gd:222)
       [372] _assign_next_task (res://scripts/citizen_agent.gd:213)
       [373] _navigate_to (res://scripts/citizen_agent.gd:222)
       [374] _assign_next_task (res://scripts/citizen_agent.gd:213)
       [375] _navigate_to (res://scripts/citizen_agent.gd:222)
       [376] _assign_next_task (res://scripts/citizen_agent.gd:213)
       [377] _navigate_to (res://scripts/citizen_agent.gd:222)
       [378] _assign_next_task (res://scripts/citizen_agent.gd:213)
       [379] _navigate_to (res://scripts/citizen_agent.gd:222)
       [380] _assign_next_task (res://scripts/citizen_agent.gd:213)
       [381] _navigate_to (res://scripts/citizen_agent.gd:222)
       [382] _assign_next_task (res://scripts/citizen_agent.gd:213)
       [383] _navigate_to (res://scripts/citizen_agent.gd:222)
       [384] _assign_next_task (res://scripts/citizen_agent.gd:213)
       [385] _navigate_to (res://scripts/citizen_agent.gd:222)
       [386] _assign_next_task (res://scripts/citizen_agent.gd:213)
       [387] _navigate_to (res://scripts/citizen_agent.gd:222)
       [388] _assign_next_task (res://scripts/citizen_agent.gd:213)
       [389] _navigate_to (res://scripts/citizen_agent.gd:222)
       [390] _assign_next_task (res://scripts/citizen_agent.gd:213)
       [391] _navigate_to (res://scripts/citizen_agent.gd:222)
       [392] _assign_next_task (res://scripts/citizen_agent.gd:213)
       [393] _navigate_to (res://scripts/citizen_agent.gd:222)
       [394] _assign_next_task (res://scripts/citizen_agent.gd:213)
       [395] _navigate_to (res://scripts/citizen_agent.gd:222)
       [396] _assign_next_task (res://scripts/citizen_agent.gd:213)
       [397] _navigate_to (res://scripts/citizen_agent.gd:222)
       [398] _assign_next_task (res://scripts/citizen_agent.gd:213)
       [399] _navigate_to (res://scripts/citizen_agent.gd:222)
       [400] _assign_next_task (res://scripts/citizen_agent.gd:213)
       [401] _navigate_to (res://scripts/citizen_agent.gd:222)
       [402] _assign_next_task (res://scripts/citizen_agent.gd:213)
       [403] _navigate_to (res://scripts/citizen_agent.gd:222)
       [404] _assign_next_task (res://scripts/citizen_agent.gd:213)
       [405] _navigate_to (res://scripts/citizen_agent.gd:222)
       [406] _assign_next_task (res://scripts/citizen_agent.gd:213)
       [407] _navigate_to (res://scripts/citizen_agent.gd:222)
       [408] _assign_next_task (res://scripts/citizen_agent.gd:213)
       [409] _navigate_to (res://scripts/citizen_agent.gd:222)
       [410] _assign_next_task (res://scripts/citizen_agent.gd:213)
       [411] _navigate_to (res://scripts/citizen_agent.gd:222)
       [412] _assign_next_task (res://scripts/citizen_agent.gd:213)
       [413] _navigate_to (res://scripts/citizen_agent.gd:222)
       [414] _assign_next_task (res://scripts/citizen_agent.gd:213)
       [415] _navigate_to (res://scripts/citizen_agent.gd:222)
       [416] _assign_next_task (res://scripts/citizen_agent.gd:213)
       [417] _navigate_to (res://scripts/citizen_agent.gd:222)
       [418] _assign_next_task (res://scripts/citizen_agent.gd:213)
       [419] _navigate_to (res://scripts/citizen_agent.gd:222)
       [420] _assign_next_task (res://scripts/citizen_agent.gd:213)
       [421] _navigate_to (res://scripts/citizen_agent.gd:222)
       [422] _assign_next_task (res://scripts/citizen_agent.gd:213)
       [423] _navigate_to (res://scripts/citizen_agent.gd:222)
       [424] _assign_next_task (res://scripts/citizen_agent.gd:213)
       [425] _navigate_to (res://scripts/citizen_agent.gd:222)
       [426] _assign_next_task (res://scripts/citizen_agent.gd:213)
       [427] _navigate_to (res://scripts/citizen_agent.gd:222)
       [428] _assign_next_task (res://scripts/citizen_agent.gd:213)
       [429] _navigate_to (res://scripts/citizen_agent.gd:222)
       [430] _assign_next_task (res://scripts/citizen_agent.gd:213)
       [431] _navigate_to (res://scripts/citizen_agent.gd:222)
       [432] _assign_next_task (res://scripts/citizen_agent.gd:213)
       [433] _navigate_to (res://scripts/citizen_agent.gd:222)
       [434] _assign_next_task (res://scripts/citizen_agent.gd:213)
       [435] _navigate_to (res://scripts/citizen_agent.gd:222)
       [436] _assign_next_task (res://scripts/citizen_agent.gd:213)
       [437] _navigate_to (res://scripts/citizen_agent.gd:222)
       [438] _assign_next_task (res://scripts/citizen_agent.gd:213)
       [439] _navigate_to (res://scripts/citizen_agent.gd:222)
       [440] _assign_next_task (res://scripts/citizen_agent.gd:213)
       [441] _navigate_to (res://scripts/citizen_agent.gd:222)
       [442] _assign_next_task (res://scripts/citizen_agent.gd:213)
       [443] _navigate_to (res://scripts/citizen_agent.gd:222)
       [444] _assign_next_task (res://scripts/citizen_agent.gd:213)
       [445] _navigate_to (res://scripts/citizen_agent.gd:222)
       [446] _assign_next_task (res://scripts/citizen_agent.gd:213)
       [447] _navigate_to (res://scripts/citizen_agent.gd:222)
       [448] _assign_next_task (res://scripts/citizen_agent.gd:213)
       [449] _navigate_to (res://scripts/citizen_agent.gd:222)
       [450] _assign_next_task (res://scripts/citizen_agent.gd:213)
       [451] _navigate_to (res://scripts/citizen_agent.gd:222)
       [452] _assign_next_task (res://scripts/citizen_agent.gd:213)
       [453] _navigate_to (res://scripts/citizen_agent.gd:222)
       [454] _assign_next_task (res://scripts/citizen_agent.gd:213)
       [455] _navigate_to (res://scripts/citizen_agent.gd:222)
       [456] _assign_next_task (res://scripts/citizen_agent.gd:213)
       [457] _navigate_to (res://scripts/citizen_agent.gd:222)
       [458] _assign_next_task (res://scripts/citizen_agent.gd:213)
       [459] _navigate_to (res://scripts/citizen_agent.gd:222)
       [460] _assign_next_task (res://scripts/citizen_agent.gd:213)
       [461] _navigate_to (res://scripts/citizen_agent.gd:222)
       [462] _assign_next_task (res://scripts/citizen_agent.gd:213)
       [463] _navigate_to (res://scripts/citizen_agent.gd:222)
       [464] _assign_next_task (res://scripts/citizen_agent.gd:213)
       [465] _navigate_to (res://scripts/citizen_agent.gd:222)
       [466] _assign_next_task (res://scripts/citizen_agent.gd:213)
       [467] _navigate_to (res://scripts/citizen_agent.gd:222)
       [468] _assign_next_task (res://scripts/citizen_agent.gd:213)
       [469] _navigate_to (res://scripts/citizen_agent.gd:222)
       [470] _assign_next_task (res://scripts/citizen_agent.gd:213)
       [471] _navigate_to (res://scripts/citizen_agent.gd:222)
       [472] _assign_next_task (res://scripts/citizen_agent.gd:213)
       [473] _navigate_to (res://scripts/citizen_agent.gd:222)
       [474] _assign_next_task (res://scripts/citizen_agent.gd:213)
       [475] _navigate_to (res://scripts/citizen_agent.gd:222)
       [476] _assign_next_task (res://scripts/citizen_agent.gd:213)
       [477] _navigate_to (res://scripts/citizen_agent.gd:222)
       [478] _assign_next_task (res://scripts/citizen_agent.gd:213)
       [479] _navigate_to (res://scripts/citizen_agent.gd:222)
       [480] _assign_next_task (res://scripts/citizen_agent.gd:213)
       [481] _navigate_to (res://scripts/citizen_agent.gd:222)
       [482] _assign_next_task (res://scripts/citizen_agent.gd:213)
       [483] _navigate_to (res://scripts/citizen_agent.gd:222)
       [484] _assign_next_task (res://scripts/citizen_agent.gd:213)
       [485] _navigate_to (res://scripts/citizen_agent.gd:222)
       [486] _assign_next_task (res://scripts/citizen_agent.gd:213)
       [487] _navigate_to (res://scripts/citizen_agent.gd:222)
       [488] _assign_next_task (res://scripts/citizen_agent.gd:213)
       [489] _navigate_to (res://scripts/citizen_agent.gd:222)
       [490] _assign_next_task (res://scripts/citizen_agent.gd:213)
       [491] _navigate_to (res://scripts/citizen_agent.gd:222)
       [492] _assign_next_task (res://scripts/citizen_agent.gd:213)
       [493] _navigate_to (res://scripts/citizen_agent.gd:222)
       [494] _assign_next_task (res://scripts/citizen_agent.gd:213)
       [495] _navigate_to (res://scripts/citizen_agent.gd:222)
       [496] _assign_next_task (res://scripts/citizen_agent.gd:213)
       [497] _navigate_to (res://scripts/citizen_agent.gd:222)
       [498] _assign_next_task (res://scripts/citizen_agent.gd:213)
       [499] _navigate_to (res://scripts/citizen_agent.gd:222)
       [500] _assign_next_task (res://scripts/citizen_agent.gd:213)
       [501] _navigate_to (res://scripts/citizen_agent.gd:222)
       [502] _assign_next_task (res://scripts/citizen_agent.gd:213)
       [503] _navigate_to (res://scripts/citizen_agent.gd:222)
       [504] _assign_next_task (res://scripts/citizen_agent.gd:213)
       [505] _navigate_to (res://scripts/citizen_agent.gd:222)
       [506] _assign_next_task (res://scripts/citizen_agent.gd:213)
       [507] _navigate_to (res://scripts/citizen_agent.gd:222)
       [508] _assign_next_task (res://scripts/citizen_agent.gd:213)
       [509] _navigate_to (res://scripts/citizen_agent.gd:222)
       [510] _assign_next_task (res://scripts/citizen_agent.gd:213)
       [511] _navigate_to (res://scripts/citizen_agent.gd:222)
       [512] _assign_next_task (res://scripts/citizen_agent.gd:213)
       [513] _navigate_to (res://scripts/citizen_agent.gd:222)
       [514] _assign_next_task (res://scripts/citizen_agent.gd:213)
       [515] _navigate_to (res://scripts/citizen_agent.gd:222)
       [516] _assign_next_task (res://scripts/citizen_agent.gd:213)
       [517] _navigate_to (res://scripts/citizen_agent.gd:222)
       [518] _assign_next_task (res://scripts/citizen_agent.gd:213)
       [519] _navigate_to (res://scripts/citizen_agent.gd:222)
       [520] _assign_next_task (res://scripts/citizen_agent.gd:213)
       [521] _navigate_to (res://scripts/citizen_agent.gd:222)
       [522] _assign_next_task (res://scripts/citizen_agent.gd:213)
       [523] _navigate_to (res://scripts/citizen_agent.gd:222)
       [524] _assign_next_task (res://scripts/citizen_agent.gd:213)
       [525] _navigate_to (res://scripts/citizen_agent.gd:222)
       [526] _assign_next_task (res://scripts/citizen_agent.gd:213)
       [527] _navigate_to (res://scripts/citizen_agent.gd:222)
       [528] _assign_next_task (res://scripts/citizen_agent.gd:213)
       [529] _navigate_to (res://scripts/citizen_agent.gd:222)
       [530] _assign_next_task (res://scripts/citizen_agent.gd:213)
       [531] _navigate_to (res://scripts/citizen_agent.gd:222)
       [532] _assign_next_task (res://scripts/citizen_agent.gd:213)
       [533] _navigate_to (res://scripts/citizen_agent.gd:222)
       [534] _assign_next_task (res://scripts/citizen_agent.gd:213)
       [535] _navigate_to (res://scripts/citizen_agent.gd:222)
       [536] _assign_next_task (res://scripts/citizen_agent.gd:213)
       [537] _navigate_to (res://scripts/citizen_agent.gd:222)
       [538] _assign_next_task (res://scripts/citizen_agent.gd:213)
       [539] _navigate_to (res://scripts/citizen_agent.gd:222)
       [540] _assign_next_task (res://scripts/citizen_agent.gd:213)
       [541] _navigate_to (res://scripts/citizen_agent.gd:222)
       [542] _assign_next_task (res://scripts/citizen_agent.gd:213)
       [543] _navigate_to (res://scripts/citizen_agent.gd:222)
       [544] _assign_next_task (res://scripts/citizen_agent.gd:213)
       [545] _navigate_to (res://scripts/citizen_agent.gd:222)
       [546] _assign_next_task (res://scripts/citizen_agent.gd:213)
       [547] _navigate_to (res://scripts/citizen_agent.gd:222)
       [548] _assign_next_task (res://scripts/citizen_agent.gd:213)
       [549] _navigate_to (res://scripts/citizen_agent.gd:222)
       [550] _assign_next_task (res://scripts/citizen_agent.gd:213)
       [551] _navigate_to (res://scripts/citizen_agent.gd:222)
       [552] _assign_next_task (res://scripts/citizen_agent.gd:213)
       [553] _navigate_to (res://scripts/citizen_agent.gd:222)
       [554] _assign_next_task (res://scripts/citizen_agent.gd:213)
       [555] _navigate_to (res://scripts/citizen_agent.gd:222)
       [556] _assign_next_task (res://scripts/citizen_agent.gd:213)
       [557] _navigate_to (res://scripts/citizen_agent.gd:222)
       [558] _assign_next_task (res://scripts/citizen_agent.gd:213)
       [559] _navigate_to (res://scripts/citizen_agent.gd:222)
       [560] _assign_next_task (res://scripts/citizen_agent.gd:213)
       [561] _navigate_to (res://scripts/citizen_agent.gd:222)
       [562] _assign_next_task (res://scripts/citizen_agent.gd:213)
       [563] _navigate_to (res://scripts/citizen_agent.gd:222)
       [564] _assign_next_task (res://scripts/citizen_agent.gd:213)
       [565] _navigate_to (res://scripts/citizen_agent.gd:222)
       [566] _assign_next_task (res://scripts/citizen_agent.gd:213)
       [567] _navigate_to (res://scripts/citizen_agent.gd:222)
       [568] _assign_next_task (res://scripts/citizen_agent.gd:213)
       [569] _navigate_to (res://scripts/citizen_agent.gd:222)
       [570] _assign_next_task (res://scripts/citizen_agent.gd:213)
       [571] _navigate_to (res://scripts/citizen_agent.gd:222)
       [572] _assign_next_task (res://scripts/citizen_agent.gd:213)
       [573] _navigate_to (res://scripts/citizen_agent.gd:222)
       [574] _assign_next_task (res://scripts/citizen_agent.gd:213)
       [575] _navigate_to (res://scripts/citizen_agent.gd:222)
       [576] _assign_next_task (res://scripts/citizen_agent.gd:213)
       [577] _navigate_to (res://scripts/citizen_agent.gd:222)
       [578] _assign_next_task (res://scripts/citizen_agent.gd:213)
       [579] _navigate_to (res://scripts/citizen_agent.gd:222)
       [580] _assign_next_task (res://scripts/citizen_agent.gd:213)
       [581] _navigate_to (res://scripts/citizen_agent.gd:222)
       [582] _assign_next_task (res://scripts/citizen_agent.gd:213)
       [583] _navigate_to (res://scripts/citizen_agent.gd:222)
       [584] _assign_next_task (res://scripts/citizen_agent.gd:213)
       [585] _navigate_to (res://scripts/citizen_agent.gd:222)
       [586] _assign_next_task (res://scripts/citizen_agent.gd:213)
       [587] _navigate_to (res://scripts/citizen_agent.gd:222)
       [588] _assign_next_task (res://scripts/citizen_agent.gd:213)
       [589] _navigate_to (res://scripts/citizen_agent.gd:222)
       [590] _assign_next_task (res://scripts/citizen_agent.gd:213)
       [591] _navigate_to (res://scripts/citizen_agent.gd:222)
       [592] _assign_next_task (res://scripts/citizen_agent.gd:213)
       [593] _navigate_to (res://scripts/citizen_agent.gd:222)
       [594] _assign_next_task (res://scripts/citizen_agent.gd:213)
       [595] _navigate_to (res://scripts/citizen_agent.gd:222)
       [596] _assign_next_task (res://scripts/citizen_agent.gd:213)
       [597] _navigate_to (res://scripts/citizen_agent.gd:222)
       [598] _assign_next_task (res://scripts/citizen_agent.gd:213)
       [599] _navigate_to (res://scripts/citizen_agent.gd:222)
       [600] _assign_next_task (res://scripts/citizen_agent.gd:213)
       [601] _navigate_to (res://scripts/citizen_agent.gd:222)
       [602] _assign_next_task (res://scripts/citizen_agent.gd:213)
       [603] _navigate_to (res://scripts/citizen_agent.gd:222)
       [604] _assign_next_task (res://scripts/citizen_agent.gd:213)
       [605] _navigate_to (res://scripts/citizen_agent.gd:222)
       [606] _assign_next_task (res://scripts/citizen_agent.gd:213)
       [607] _navigate_to (res://scripts/citizen_agent.gd:222)
       [608] _assign_next_task (res://scripts/citizen_agent.gd:213)
       [609] _navigate_to (res://scripts/citizen_agent.gd:222)
       [610] _assign_next_task (res://scripts/citizen_agent.gd:213)
       [611] _navigate_to (res://scripts/citizen_agent.gd:222)
       [612] _assign_next_task (res://scripts/citizen_agent.gd:213)
       [613] _navigate_to (res://scripts/citizen_agent.gd:222)
       [614] _assign_next_task (res://scripts/citizen_agent.gd:213)
       [615] _navigate_to (res://scripts/citizen_agent.gd:222)
       [616] _assign_next_task (res://scripts/citizen_agent.gd:213)
       [617] _navigate_to (res://scripts/citizen_agent.gd:222)
       [618] _assign_next_task (res://scripts/citizen_agent.gd:213)
       [619] _navigate_to (res://scripts/citizen_agent.gd:222)
       [620] _assign_next_task (res://scripts/citizen_agent.gd:213)
       [621] _navigate_to (res://scripts/citizen_agent.gd:222)
       [622] _assign_next_task (res://scripts/citizen_agent.gd:213)
       [623] _navigate_to (res://scripts/citizen_agent.gd:222)
       [624] _assign_next_task (res://scripts/citizen_agent.gd:213)
       [625] _navigate_to (res://scripts/citizen_agent.gd:222)
       [626] _assign_next_task (res://scripts/citizen_agent.gd:213)
       [627] _navigate_to (res://scripts/citizen_agent.gd:222)
       [628] _assign_next_task (res://scripts/citizen_agent.gd:213)
       [629] _navigate_to (res://scripts/citizen_agent.gd:222)
       [630] _assign_next_task (res://scripts/citizen_agent.gd:213)
       [631] _navigate_to (res://scripts/citizen_agent.gd:222)
       [632] _assign_next_task (res://scripts/citizen_agent.gd:213)
       [633] _navigate_to (res://scripts/citizen_agent.gd:222)
       [634] _assign_next_task (res://scripts/citizen_agent.gd:213)
       [635] _navigate_to (res://scripts/citizen_agent.gd:222)
       [636] _assign_next_task (res://scripts/citizen_agent.gd:213)
       [637] _navigate_to (res://scripts/citizen_agent.gd:222)
       [638] _assign_next_task (res://scripts/citizen_agent.gd:213)
       [639] _navigate_to (res://scripts/citizen_agent.gd:222)
       [640] _assign_next_task (res://scripts/citizen_agent.gd:213)
       [641] _navigate_to (res://scripts/citizen_agent.gd:222)
       [642] _assign_next_task (res://scripts/citizen_agent.gd:213)
       [643] _navigate_to (res://scripts/citizen_agent.gd:222)
       [644] _assign_next_task (res://scripts/citizen_agent.gd:213)
       [645] _navigate_to (res://scripts/citizen_agent.gd:222)
       [646] _assign_next_task (res://scripts/citizen_agent.gd:213)
       [647] _navigate_to (res://scripts/citizen_agent.gd:222)
       [648] _assign_next_task (res://scripts/citizen_agent.gd:213)
       [649] _navigate_to (res://scripts/citizen_agent.gd:222)
       [650] _assign_next_task (res://scripts/citizen_agent.gd:213)
       [651] _navigate_to (res://scripts/citizen_agent.gd:222)
       [652] _assign_next_task (res://scripts/citizen_agent.gd:213)
       [653] _navigate_to (res://scripts/citizen_agent.gd:222)
       [654] _assign_next_task (res://scripts/citizen_agent.gd:213)
       [655] _navigate_to (res://scripts/citizen_agent.gd:222)
       [656] _assign_next_task (res://scripts/citizen_agent.gd:213)
       [657] _navigate_to (res://scripts/citizen_agent.gd:222)
       [658] _assign_next_task (res://scripts/citizen_agent.gd:213)
       [659] _navigate_to (res://scripts/citizen_agent.gd:222)
       [660] _assign_next_task (res://scripts/citizen_agent.gd:213)
       [661] _navigate_to (res://scripts/citizen_agent.gd:222)
       [662] _assign_next_task (res://scripts/citizen_agent.gd:213)
       [663] _navigate_to (res://scripts/citizen_agent.gd:222)
       [664] _assign_next_task (res://scripts/citizen_agent.gd:213)
       [665] _navigate_to (res://scripts/citizen_agent.gd:222)
       [666] _assign_next_task (res://scripts/citizen_agent.gd:213)
       [667] _navigate_to (res://scripts/citizen_agent.gd:222)
       [668] _assign_next_task (res://scripts/citizen_agent.gd:213)
       [669] _navigate_to (res://scripts/citizen_agent.gd:222)
       [670] _assign_next_task (res://scripts/citizen_agent.gd:213)
       [671] _navigate_to (res://scripts/citizen_agent.gd:222)
       [672] _assign_next_task (res://scripts/citizen_agent.gd:213)
       [673] _navigate_to (res://scripts/citizen_agent.gd:222)
       [674] _assign_next_task (res://scripts/citizen_agent.gd:213)
       [675] _navigate_to (res://scripts/citizen_agent.gd:222)
       [676] _assign_next_task (res://scripts/citizen_agent.gd:213)
       [677] _navigate_to (res://scripts/citizen_agent.gd:222)
       [678] _assign_next_task (res://scripts/citizen_agent.gd:213)
       [679] _navigate_to (res://scripts/citizen_agent.gd:222)
       [680] _assign_next_task (res://scripts/citizen_agent.gd:213)
       [681] _navigate_to (res://scripts/citizen_agent.gd:222)
       [682] _assign_next_task (res://scripts/citizen_agent.gd:213)
       [683] _navigate_to (res://scripts/citizen_agent.gd:222)
       [684] _assign_next_task (res://scripts/citizen_agent.gd:213)
       [685] _navigate_to (res://scripts/citizen_agent.gd:222)
       [686] _assign_next_task (res://scripts/citizen_agent.gd:213)
       [687] _navigate_to (res://scripts/citizen_agent.gd:222)
       [688] _assign_next_task (res://scripts/citizen_agent.gd:213)
       [689] _navigate_to (res://scripts/citizen_agent.gd:222)
       [690] _assign_next_task (res://scripts/citizen_agent.gd:213)
       [691] _navigate_to (res://scripts/citizen_agent.gd:222)
       [692] _assign_next_task (res://scripts/citizen_agent.gd:213)
       [693] _navigate_to (res://scripts/citizen_agent.gd:222)
       [694] _assign_next_task (res://scripts/citizen_agent.gd:213)
       [695] _navigate_to (res://scripts/citizen_agent.gd:222)
       [696] _assign_next_task (res://scripts/citizen_agent.gd:213)
       [697] _navigate_to (res://scripts/citizen_agent.gd:222)
       [698] _assign_next_task (res://scripts/citizen_agent.gd:213)
       [699] _navigate_to (res://scripts/citizen_agent.gd:222)
       [700] _assign_next_task (res://scripts/citizen_agent.gd:213)
       [701] _navigate_to (res://scripts/citizen_agent.gd:222)
       [702] _assign_next_task (res://scripts/citizen_agent.gd:213)
       [703] _navigate_to (res://scripts/citizen_agent.gd:222)
       [704] _assign_next_task (res://scripts/citizen_agent.gd:213)
       [705] _navigate_to (res://scripts/citizen_agent.gd:222)
       [706] _assign_next_task (res://scripts/citizen_agent.gd:213)
       [707] _navigate_to (res://scripts/citizen_agent.gd:222)
       [708] _assign_next_task (res://scripts/citizen_agent.gd:213)
       [709] _navigate_to (res://scripts/citizen_agent.gd:222)
       [710] _assign_next_task (res://scripts/citizen_agent.gd:213)
       [711] _navigate_to (res://scripts/citizen_agent.gd:222)
       [712] _assign_next_task (res://scripts/citizen_agent.gd:213)
       [713] _navigate_to (res://scripts/citizen_agent.gd:222)
       [714] _assign_next_task (res://scripts/citizen_agent.gd:213)
       [715] _navigate_to (res://scripts/citizen_agent.gd:222)
       [716] _assign_next_task (res://scripts/citizen_agent.gd:213)
       [717] _navigate_to (res://scripts/citizen_agent.gd:222)
       [718] _assign_next_task (res://scripts/citizen_agent.gd:213)
       [719] _navigate_to (res://scripts/citizen_agent.gd:222)
       [720] _assign_next_task (res://scripts/citizen_agent.gd:213)
       [721] _navigate_to (res://scripts/citizen_agent.gd:222)
       [722] _assign_next_task (res://scripts/citizen_agent.gd:213)
       [723] _navigate_to (res://scripts/citizen_agent.gd:222)
       [724] _assign_next_task (res://scripts/citizen_agent.gd:213)
       [725] _navigate_to (res://scripts/citizen_agent.gd:222)
       [726] _assign_next_task (res://scripts/citizen_agent.gd:213)
       [727] _navigate_to (res://scripts/citizen_agent.gd:222)
       [728] _assign_next_task (res://scripts/citizen_agent.gd:213)
       [729] _navigate_to (res://scripts/citizen_agent.gd:222)
       [730] _assign_next_task (res://scripts/citizen_agent.gd:213)
       [731] _navigate_to (res://scripts/citizen_agent.gd:222)
       [732] _assign_next_task (res://scripts/citizen_agent.gd:213)
       [733] _navigate_to (res://scripts/citizen_agent.gd:222)
       [734] _assign_next_task (res://scripts/citizen_agent.gd:213)
       [735] _navigate_to (res://scripts/citizen_agent.gd:222)
       [736] _assign_next_task (res://scripts/citizen_agent.gd:213)
       [737] _navigate_to (res://scripts/citizen_agent.gd:222)
       [738] _assign_next_task (res://scripts/citizen_agent.gd:213)
       [739] _navigate_to (res://scripts/citizen_agent.gd:222)
       [740] _assign_next_task (res://scripts/citizen_agent.gd:213)
       [741] _navigate_to (res://scripts/citizen_agent.gd:222)
       [742] _assign_next_task (res://scripts/citizen_agent.gd:213)
       [743] _navigate_to (res://scripts/citizen_agent.gd:222)
       [744] _assign_next_task (res://scripts/citizen_agent.gd:213)
       [745] _navigate_to (res://scripts/citizen_agent.gd:222)
       [746] _assign_next_task (res://scripts/citizen_agent.gd:213)
       [747] _navigate_to (res://scripts/citizen_agent.gd:222)
       [748] _assign_next_task (res://scripts/citizen_agent.gd:213)
       [749] _navigate_to (res://scripts/citizen_agent.gd:222)
       [750] _assign_next_task (res://scripts/citizen_agent.gd:213)
       [751] _navigate_to (res://scripts/citizen_agent.gd:222)
       [752] _assign_next_task (res://scripts/citizen_agent.gd:213)
       [753] _navigate_to (res://scripts/citizen_agent.gd:222)
       [754] _assign_next_task (res://scripts/citizen_agent.gd:213)
       [755] _navigate_to (res://scripts/citizen_agent.gd:222)
       [756] _assign_next_task (res://scripts/citizen_agent.gd:213)
       [757] _navigate_to (res://scripts/citizen_agent.gd:222)
       [758] _assign_next_task (res://scripts/citizen_agent.gd:213)
       [759] _navigate_to (res://scripts/citizen_agent.gd:222)
       [760] _assign_next_task (res://scripts/citizen_agent.gd:213)
       [761] _navigate_to (res://scripts/citizen_agent.gd:222)
       [762] _assign_next_task (res://scripts/citizen_agent.gd:213)
       [763] _navigate_to (res://scripts/citizen_agent.gd:222)
       [764] _assign_next_task (res://scripts/citizen_agent.gd:213)
       [765] _navigate_to (res://scripts/citizen_agent.gd:222)
       [766] _assign_next_task (res://scripts/citizen_agent.gd:213)
       [767] _navigate_to (res://scripts/citizen_agent.gd:222)
       [768] _assign_next_task (res://scripts/citizen_agent.gd:213)
       [769] _navigate_to (res://scripts/citizen_agent.gd:222)
       [770] _assign_next_task (res://scripts/citizen_agent.gd:213)
       [771] _navigate_to (res://scripts/citizen_agent.gd:222)
       [772] _assign_next_task (res://scripts/citizen_agent.gd:213)
       [773] _navigate_to (res://scripts/citizen_agent.gd:222)
       [774] _assign_next_task (res://scripts/citizen_agent.gd:213)
       [775] _navigate_to (res://scripts/citizen_agent.gd:222)
       [776] _assign_next_task (res://scripts/citizen_agent.gd:213)
       [777] _navigate_to (res://scripts/citizen_agent.gd:222)
       [778] _assign_next_task (res://scripts/citizen_agent.gd:213)
       [779] _navigate_to (res://scripts/citizen_agent.gd:222)
       [780] _assign_next_task (res://scripts/citizen_agent.gd:213)
       [781] _navigate_to (res://scripts/citizen_agent.gd:222)
       [782] _assign_next_task (res://scripts/citizen_agent.gd:213)
       [783] _navigate_to (res://scripts/citizen_agent.gd:222)
       [784] _assign_next_task (res://scripts/citizen_agent.gd:213)
       [785] _navigate_to (res://scripts/citizen_agent.gd:222)
       [786] _assign_next_task (res://scripts/citizen_agent.gd:213)
       [787] _navigate_to (res://scripts/citizen_agent.gd:222)
       [788] _assign_next_task (res://scripts/citizen_agent.gd:213)
       [789] _navigate_to (res://scripts/citizen_agent.gd:222)
       [790] _assign_next_task (res://scripts/citizen_agent.gd:213)
       [791] _navigate_to (res://scripts/citizen_agent.gd:222)
       [792] _assign_next_task (res://scripts/citizen_agent.gd:213)
       [793] _navigate_to (res://scripts/citizen_agent.gd:222)
       [794] _assign_next_task (res://scripts/citizen_agent.gd:213)
       [795] _navigate_to (res://scripts/citizen_agent.gd:222)
       [796] _assign_next_task (res://scripts/citizen_agent.gd:213)
       [797] _navigate_to (res://scripts/citizen_agent.gd:222)
       [798] _assign_next_task (res://scripts/citizen_agent.gd:213)
       [799] _navigate_to (res://scripts/citizen_agent.gd:222)
       [800] _assign_next_task (res://scripts/citizen_agent.gd:213)
       [801] _navigate_to (res://scripts/citizen_agent.gd:222)
       [802] _assign_next_task (res://scripts/citizen_agent.gd:213)
       [803] _navigate_to (res://scripts/citizen_agent.gd:222)
       [804] _assign_next_task (res://scripts/citizen_agent.gd:213)
       [805] _navigate_to (res://scripts/citizen_agent.gd:222)
       [806] _assign_next_task (res://scripts/citizen_agent.gd:213)
       [807] _navigate_to (res://scripts/citizen_agent.gd:222)
       [808] _assign_next_task (res://scripts/citizen_agent.gd:213)
       [809] _navigate_to (res://scripts/citizen_agent.gd:222)
       [810] _assign_next_task (res://scripts/citizen_agent.gd:213)
       [811] _navigate_to (res://scripts/citizen_agent.gd:222)
       [812] _assign_next_task (res://scripts/citizen_agent.gd:213)
       [813] _navigate_to (res://scripts/citizen_agent.gd:222)
       [814] _assign_next_task (res://scripts/citizen_agent.gd:213)
       [815] _navigate_to (res://scripts/citizen_agent.gd:222)
       [816] _assign_next_task (res://scripts/citizen_agent.gd:213)
       [817] _navigate_to (res://scripts/citizen_agent.gd:222)
       [818] _assign_next_task (res://scripts/citizen_agent.gd:213)
       [819] _navigate_to (res://scripts/citizen_agent.gd:222)
       [820] _assign_next_task (res://scripts/citizen_agent.gd:213)
       [821] _navigate_to (res://scripts/citizen_agent.gd:222)
       [822] _assign_next_task (res://scripts/citizen_agent.gd:213)
       [823] _navigate_to (res://scripts/citizen_agent.gd:222)
       [824] _assign_next_task (res://scripts/citizen_agent.gd:213)
       [825] _navigate_to (res://scripts/citizen_agent.gd:222)
       [826] _assign_next_task (res://scripts/citizen_agent.gd:213)
       [827] _navigate_to (res://scripts/citizen_agent.gd:222)
       [828] _assign_next_task (res://scripts/citizen_agent.gd:213)
       [829] _navigate_to (res://scripts/citizen_agent.gd:222)
       [830] _assign_next_task (res://scripts/citizen_agent.gd:213)
       [831] _navigate_to (res://scripts/citizen_agent.gd:222)
       [832] _assign_next_task (res://scripts/citizen_agent.gd:213)
       [833] _navigate_to (res://scripts/citizen_agent.gd:222)
       [834] _assign_next_task (res://scripts/citizen_agent.gd:213)
       [835] _navigate_to (res://scripts/citizen_agent.gd:222)
       [836] _assign_next_task (res://scripts/citizen_agent.gd:213)
       [837] _navigate_to (res://scripts/citizen_agent.gd:222)
       [838] _assign_next_task (res://scripts/citizen_agent.gd:213)
       [839] _navigate_to (res://scripts/citizen_agent.gd:222)
       [840] _assign_next_task (res://scripts/citizen_agent.gd:213)
       [841] _navigate_to (res://scripts/citizen_agent.gd:222)
       [842] _assign_next_task (res://scripts/citizen_agent.gd:213)
       [843] _navigate_to (res://scripts/citizen_agent.gd:222)
       [844] _assign_next_task (res://scripts/citizen_agent.gd:213)
       [845] _navigate_to (res://scripts/citizen_agent.gd:222)
       [846] _assign_next_task (res://scripts/citizen_agent.gd:213)
       [847] _navigate_to (res://scripts/citizen_agent.gd:222)
       [848] _assign_next_task (res://scripts/citizen_agent.gd:213)
       [849] _navigate_to (res://scripts/citizen_agent.gd:222)
       [850] _assign_next_task (res://scripts/citizen_agent.gd:213)
       [851] _navigate_to (res://scripts/citizen_agent.gd:222)
       [852] _assign_next_task (res://scripts/citizen_agent.gd:213)
       [853] _navigate_to (res://scripts/citizen_agent.gd:222)
       [854] _assign_next_task (res://scripts/citizen_agent.gd:213)
       [855] _navigate_to (res://scripts/citizen_agent.gd:222)
       [856] _assign_next_task (res://scripts/citizen_agent.gd:213)
       [857] _navigate_to (res://scripts/citizen_agent.gd:222)
       [858] _assign_next_task (res://scripts/citizen_agent.gd:213)
       [859] _navigate_to (res://scripts/citizen_agent.gd:222)
       [860] _assign_next_task (res://scripts/citizen_agent.gd:213)
       [861] _navigate_to (res://scripts/citizen_agent.gd:222)
       [862] _assign_next_task (res://scripts/citizen_agent.gd:213)
       [863] _navigate_to (res://scripts/citizen_agent.gd:222)
       [864] _assign_next_task (res://scripts/citizen_agent.gd:213)
       [865] _navigate_to (res://scripts/citizen_agent.gd:222)
       [866] _assign_next_task (res://scripts/citizen_agent.gd:213)
       [867] _navigate_to (res://scripts/citizen_agent.gd:222)
       [868] _assign_next_task (res://scripts/citizen_agent.gd:213)
       [869] _navigate_to (res://scripts/citizen_agent.gd:222)
       [870] _assign_next_task (res://scripts/citizen_agent.gd:213)
       [871] _navigate_to (res://scripts/citizen_agent.gd:222)
       [872] _assign_next_task (res://scripts/citizen_agent.gd:213)
       [873] _navigate_to (res://scripts/citizen_agent.gd:222)
       [874] _assign_next_task (res://scripts/citizen_agent.gd:213)
       [875] _navigate_to (res://scripts/citizen_agent.gd:222)
       [876] _assign_next_task (res://scripts/citizen_agent.gd:213)
       [877] _navigate_to (res://scripts/citizen_agent.gd:222)
       [878] _assign_next_task (res://scripts/citizen_agent.gd:213)
       [879] _navigate_to (res://scripts/citizen_agent.gd:222)
       [880] _assign_next_task (res://scripts/citizen_agent.gd:213)
       [881] _navigate_to (res://scripts/citizen_agent.gd:222)
       [882] _assign_next_task (res://scripts/citizen_agent.gd:213)
       [883] _navigate_to (res://scripts/citizen_agent.gd:222)
       [884] _assign_next_task (res://scripts/citizen_agent.gd:213)
       [885] _navigate_to (res://scripts/citizen_agent.gd:222)
       [886] _assign_next_task (res://scripts/citizen_agent.gd:213)
       [887] _navigate_to (res://scripts/citizen_agent.gd:222)
       [888] _assign_next_task (res://scripts/citizen_agent.gd:213)
       [889] _navigate_to (res://scripts/citizen_agent.gd:222)
       [890] _assign_next_task (res://scripts/citizen_agent.gd:213)
       [891] _navigate_to (res://scripts/citizen_agent.gd:222)
       [892] _assign_next_task (res://scripts/citizen_agent.gd:213)
       [893] _navigate_to (res://scripts/citizen_agent.gd:222)
       [894] _assign_next_task (res://scripts/citizen_agent.gd:213)
       [895] _navigate_to (res://scripts/citizen_agent.gd:222)
       [896] _assign_next_task (res://scripts/citizen_agent.gd:213)
       [897] _navigate_to (res://scripts/citizen_agent.gd:222)
       [898] _assign_next_task (res://scripts/citizen_agent.gd:213)
       [899] _navigate_to (res://scripts/citizen_agent.gd:222)
       [900] _assign_next_task (res://scripts/citizen_agent.gd:213)
       [901] _navigate_to (res://scripts/citizen_agent.gd:222)
       [902] _assign_next_task (res://scripts/citizen_agent.gd:213)
       [903] _navigate_to (res://scripts/citizen_agent.gd:222)
       [904] _assign_next_task (res://scripts/citizen_agent.gd:213)
       [905] _navigate_to (res://scripts/citizen_agent.gd:222)
       [906] _assign_next_task (res://scripts/citizen_agent.gd:213)
       [907] _navigate_to (res://scripts/citizen_agent.gd:222)
       [908] _assign_next_task (res://scripts/citizen_agent.gd:213)
       [909] _navigate_to (res://scripts/citizen_agent.gd:222)
       [910] _assign_next_task (res://scripts/citizen_agent.gd:213)
       [911] _navigate_to (res://scripts/citizen_agent.gd:222)
       [912] _assign_next_task (res://scripts/citizen_agent.gd:213)
       [913] _navigate_to (res://scripts/citizen_agent.gd:222)
       [914] _assign_next_task (res://scripts/citizen_agent.gd:213)
       [915] _navigate_to (res://scripts/citizen_agent.gd:222)
       [916] _assign_next_task (res://scripts/citizen_agent.gd:213)
       [917] _navigate_to (res://scripts/citizen_agent.gd:222)
       [918] _assign_next_task (res://scripts/citizen_agent.gd:213)
       [919] _navigate_to (res://scripts/citizen_agent.gd:222)
       [920] _assign_next_task (res://scripts/citizen_agent.gd:213)
       [921] _navigate_to (res://scripts/citizen_agent.gd:222)
       [922] _assign_next_task (res://scripts/citizen_agent.gd:213)
       [923] _navigate_to (res://scripts/citizen_agent.gd:222)
       [924] _assign_next_task (res://scripts/citizen_agent.gd:213)
       [925] _navigate_to (res://scripts/citizen_agent.gd:222)
       [926] _assign_next_task (res://scripts/citizen_agent.gd:213)
       [927] _navigate_to (res://scripts/citizen_agent.gd:222)
       [928] _assign_next_task (res://scripts/citizen_agent.gd:213)
       [929] _navigate_to (res://scripts/citizen_agent.gd:222)
       [930] _assign_next_task (res://scripts/citizen_agent.gd:213)
       [931] _navigate_to (res://scripts/citizen_agent.gd:222)
       [932] _assign_next_task (res://scripts/citizen_agent.gd:213)
       [933] _navigate_to (res://scripts/citizen_agent.gd:222)
       [934] _assign_next_task (res://scripts/citizen_agent.gd:213)
       [935] _navigate_to (res://scripts/citizen_agent.gd:222)
       [936] _assign_next_task (res://scripts/citizen_agent.gd:213)
       [937] _navigate_to (res://scripts/citizen_agent.gd:222)
       [938] _assign_next_task (res://scripts/citizen_agent.gd:213)
       [939] _navigate_to (res://scripts/citizen_agent.gd:222)
       [940] _assign_next_task (res://scripts/citizen_agent.gd:213)
       [941] _navigate_to (res://scripts/citizen_agent.gd:222)
       [942] _assign_next_task (res://scripts/citizen_agent.gd:213)
       [943] _navigate_to (res://scripts/citizen_agent.gd:222)
       [944] _assign_next_task (res://scripts/citizen_agent.gd:213)
       [945] _navigate_to (res://scripts/citizen_agent.gd:222)
       [946] _assign_next_task (res://scripts/citizen_agent.gd:213)
       [947] _navigate_to (res://scripts/citizen_agent.gd:222)
       [948] _assign_next_task (res://scripts/citizen_agent.gd:213)
       [949] _navigate_to (res://scripts/citizen_agent.gd:222)
       [950] _assign_next_task (res://scripts/citizen_agent.gd:213)
       [951] _navigate_to (res://scripts/citizen_agent.gd:222)
       [952] _assign_next_task (res://scripts/citizen_agent.gd:213)
       [953] _navigate_to (res://scripts/citizen_agent.gd:222)
       [954] _assign_next_task (res://scripts/citizen_agent.gd:213)
       [955] _navigate_to (res://scripts/citizen_agent.gd:222)
       [956] _assign_next_task (res://scripts/citizen_agent.gd:213)
       [957] _navigate_to (res://scripts/citizen_agent.gd:222)
       [958] _assign_next_task (res://scripts/citizen_agent.gd:213)
       [959] _navigate_to (res://scripts/citizen_agent.gd:222)
       [960] _assign_next_task (res://scripts/citizen_agent.gd:213)
       [961] _navigate_to (res://scripts/citizen_agent.gd:222)
       [962] _assign_next_task (res://scripts/citizen_agent.gd:213)
       [963] _navigate_to (res://scripts/citizen_agent.gd:222)
       [964] _assign_next_task (res://scripts/citizen_agent.gd:213)
       [965] _navigate_to (res://scripts/citizen_agent.gd:222)
       [966] _assign_next_task (res://scripts/citizen_agent.gd:213)
       [967] _navigate_to (res://scripts/citizen_agent.gd:222)
       [968] _assign_next_task (res://scripts/citizen_agent.gd:213)
       [969] _navigate_to (res://scripts/citizen_agent.gd:222)
       [970] _assign_next_task (res://scripts/citizen_agent.gd:213)
       [971] _navigate_to (res://scripts/citizen_agent.gd:222)
       [972] _assign_next_task (res://scripts/citizen_agent.gd:213)
       [973] _navigate_to (res://scripts/citizen_agent.gd:222)
       [974] _assign_next_task (res://scripts/citizen_agent.gd:213)
       [975] _navigate_to (res://scripts/citizen_agent.gd:222)
       [976] _assign_next_task (res://scripts/citizen_agent.gd:213)
       [977] _navigate_to (res://scripts/citizen_agent.gd:222)
       [978] _assign_next_task (res://scripts/citizen_agent.gd:213)
       [979] _navigate_to (res://scripts/citizen_agent.gd:222)
       [980] _assign_next_task (res://scripts/citizen_agent.gd:213)
       [981] _navigate_to (res://scripts/citizen_agent.gd:222)
       [982] _assign_next_task (res://scripts/citizen_agent.gd:213)
       [983] _navigate_to (res://scripts/citizen_agent.gd:222)
       [984] _assign_next_task (res://scripts/citizen_agent.gd:213)
       [985] _navigate_to (res://scripts/citizen_agent.gd:222)
       [986] _assign_next_task (res://scripts/citizen_agent.gd:213)
       [987] _navigate_to (res://scripts/citizen_agent.gd:222)
       [988] _assign_next_task (res://scripts/citizen_agent.gd:213)
       [989] _navigate_to (res://scripts/citizen_agent.gd:222)
       [990] _assign_next_task (res://scripts/citizen_agent.gd:213)
       [991] _navigate_to (res://scripts/citizen_agent.gd:222)
       [992] _assign_next_task (res://scripts/citizen_agent.gd:213)
       [993] _navigate_to (res://scripts/citizen_agent.gd:222)
       [994] _assign_next_task (res://scripts/citizen_agent.gd:213)
       [995] _navigate_to (res://scripts/citizen_agent.gd:222)
       [996] _assign_next_task (res://scripts/citizen_agent.gd:213)
       [997] _navigate_to (res://scripts/citizen_agent.gd:222)
       [998] _assign_next_task (res://scripts/citizen_agent.gd:213)
       [999] _navigate_to (res://scripts/citizen_agent.gd:222)
       [1000] _assign_next_task (res://scripts/citizen_agent.gd:213)
       [1001] _navigate_to (res://scripts/citizen_agent.gd:222)
       [1002] _assign_next_task (res://scripts/citizen_agent.gd:213)
       [1003] _navigate_to (res://scripts/citizen_agent.gd:222)
       [1004] _assign_next_task (res://scripts/citizen_agent.gd:213)
       [1005] _navigate_to (res://scripts/citizen_agent.gd:222)
       [1006] _assign_next_task (res://scripts/citizen_agent.gd:213)
       [1007] _navigate_to (res://scripts/citizen_agent.gd:222)
       [1008] _assign_next_task (res://scripts/citizen_agent.gd:213)
       [1009] _navigate_to (res://scripts/citizen_agent.gd:222)
       [1010] _assign_next_task (res://scripts/citizen_agent.gd:213)
       [1011] _navigate_to (res://scripts/citizen_agent.gd:222)
       [1012] _assign_next_task (res://scripts/citizen_agent.gd:213)
       [1013] _navigate_to (res://scripts/citizen_agent.gd:222)
       [1014] _assign_next_task (res://scripts/citizen_agent.gd:213)
       [1015] _navigate_to (res://scripts/citizen_agent.gd:222)
       [1016] _assign_next_task (res://scripts/citizen_agent.gd:213)
       [1017] _navigate_to (res://scripts/citizen_agent.gd:222)
       [1018] _assign_next_task (res://scripts/citizen_agent.gd:213)
       [1019] _navigate_to (res://scripts/citizen_agent.gd:222)
       [1020] _assign_next_task (res://scripts/citizen_agent.gd:213)
       [1021] _process (res://scripts/citizen_agent.gd:66)
       [1022] step (res://scripts/civilization_simulation.gd:127)
       [1023] run (res://scripts/poc45_fast_test.gd:177)
SCRIPT ERROR: Stack overflow. Check for infinite recursion in your script.
   at: get_traversal_goal_status (res://scripts/task_coordinator.gd:526)
   GDScript backtrace (most recent call first):
       [0] status (res://scripts/construction_system.gd:166)
       [1] get_m6_status (res://scripts/task_coordinator.gd:501)
       [2] _update_population_ui (res://scripts/pipeline_proof.gd:1587)
       [3] _on_task_board_updated (res://scripts/pipeline_proof.gd:1604)
       [4] fail_task (res://scripts/task_coordinator.gd:137)
       [5] _assign_next_task (res://scripts/citizen_agent.gd:213)
       [6] _assign_next_task (res://scripts/citizen_agent.gd:213)
       [7] _navigate_to (res://scripts/citizen_agent.gd:222)
       [8] _assign_next_task (res://scripts/citizen_agent.gd:213)
       [9] _navigate_to (res://scripts/citizen_agent.gd:222)
       [10] _assign_next_task (res://scripts/citizen_agent.gd:213)
       [11] _navigate_to (res://scripts/citizen_agent.gd:222)
       [12] _assign_next_task (res://scripts/citizen_agent.gd:213)
       [13] _navigate_to (res://scripts/citizen_agent.gd:222)
       [14] _assign_next_task (res://scripts/citizen_agent.gd:213)
       [15] _navigate_to (res://scripts/citizen_agent.gd:222)
       [16] _assign_next_task (res://scripts/citizen_agent.gd:213)
       [17] _navigate_to (res://scripts/citizen_agent.gd:222)
       [18] _assign_next_task (res://scripts/citizen_agent.gd:213)
       [19] _navigate_to (res://scripts/citizen_agent.gd:222)
       [20] _assign_next_task (res://scripts/citizen_agent.gd:213)
       [21] _navigate_to (res://scripts/citizen_agent.gd:222)
       [22] _assign_next_task (res://scripts/citizen_agent.gd:213)
       [23] _navigate_to (res://scripts/citizen_agent.gd:222)
       [24] _assign_next_task (res://scripts/citizen_agent.gd:213)
       [25] _navigate_to (res://scripts/citizen_agent.gd:222)
       [26] _assign_next_task (res://scripts/citizen_agent.gd:213)
       [27] _navigate_to (res://scripts/citizen_agent.gd:222)
       [28] _assign_next_task (res://scripts/citizen_agent.gd:213)
       [29] _navigate_to (res://scripts/citizen_agent.gd:222)
       [30] _assign_next_task (res://scripts/citizen_agent.gd:213)
       [31] _navigate_to (res://scripts/citizen_agent.gd:222)
       [32] _assign_next_task (res://scripts/citizen_agent.gd:213)
       [33] _navigate_to (res://scripts/citizen_agent.gd:222)
       [34] _assign_next_task (res://scripts/citizen_agent.gd:213)
       [35] _navigate_to (res://scripts/citizen_agent.gd:222)
       [36] _assign_next_task (res://scripts/citizen_agent.gd:213)
       [37] _navigate_to (res://scripts/citizen_agent.gd:222)
       [38] _assign_next_task (res://scripts/citizen_agent.gd:213)
       [39] _navigate_to (res://scripts/citizen_agent.gd:222)
       [40] _assign_next_task (res://scripts/citizen_agent.gd:213)
       [41] _navigate_to (res://scripts/citizen_agent.gd:222)
       [42] _assign_next_task (res://scripts/citizen_agent.gd:213)
       [43] _navigate_to (res://scripts/citizen_agent.gd:222)
       [44] _assign_next_task (res://scripts/citizen_agent.gd:213)
       [45] _navigate_to (res://scripts/citizen_agent.gd:222)
       [46] _assign_next_task (res://scripts/citizen_agent.gd:213)
       [47] _navigate_to (res://scripts/citizen_agent.gd:222)
       [48] _assign_next_task (res://scripts/citizen_agent.gd:213)
       [49] _navigate_to (res://scripts/citizen_agent.gd:222)
       [50] _assign_next_task (res://scripts/citizen_agent.gd:213)
       [51] _navigate_to (res://scripts/citizen_agent.gd:222)
       [52] _assign_next_task (res://scripts/citizen_agent.gd:213)
       [53] _navigate_to (res://scripts/citizen_agent.gd:222)
       [54] _assign_next_task (res://scripts/citizen_agent.gd:213)
       [55] _navigate_to (res://scripts/citizen_agent.gd:222)
       [56] _assign_next_task (res://scripts/citizen_agent.gd:213)
       [57] _navigate_to (res://scripts/citizen_agent.gd:222)
       [58] _assign_next_task (res://scripts/citizen_agent.gd:213)
       [59] _navigate_to (res://scripts/citizen_agent.gd:222)
       [60] _assign_next_task (res://scripts/citizen_agent.gd:213)
       [61] _navigate_to (res://scripts/citizen_agent.gd:222)
       [62] _assign_next_task (res://scripts/citizen_agent.gd:213)
       [63] _navigate_to (res://scripts/citizen_agent.gd:222)
       [64] _assign_next_task (res://scripts/citizen_agent.gd:213)
       [65] _navigate_to (res://scripts/citizen_agent.gd:222)
       [66] _assign_next_task (res://scripts/citizen_agent.gd:213)
       [67] _navigate_to (res://scripts/citizen_agent.gd:222)
       [68] _assign_next_task (res://scripts/citizen_agent.gd:213)
       [69] _navigate_to (res://scripts/citizen_agent.gd:222)
       [70] _assign_next_task (res://scripts/citizen_agent.gd:213)
       [71] _navigate_to (res://scripts/citizen_agent.gd:222)
       [72] _assign_next_task (res://scripts/citizen_agent.gd:213)
       [73] _navigate_to (res://scripts/citizen_agent.gd:222)
       [74] _assign_next_task (res://scripts/citizen_agent.gd:213)
       [75] _navigate_to (res://scripts/citizen_agent.gd:222)
       [76] _assign_next_task (res://scripts/citizen_agent.gd:213)
       [77] _navigate_to (res://scripts/citizen_agent.gd:222)
       [78] _assign_next_task (res://scripts/citizen_agent.gd:213)
       [79] _navigate_to (res://scripts/citizen_agent.gd:222)
       [80] _assign_next_task (res://scripts/citizen_agent.gd:213)
       [81] _navigate_to (res://scripts/citizen_agent.gd:222)
       [82] _assign_next_task (res://scripts/citizen_agent.gd:213)
       [83] _navigate_to (res://scripts/citizen_agent.gd:222)
       [84] _assign_next_task (res://scripts/citizen_agent.gd:213)
       [85] _navigate_to (res://scripts/citizen_agent.gd:222)
       [86] _assign_next_task (res://scripts/citizen_agent.gd:213)
       [87] _navigate_to (res://scripts/citizen_agent.gd:222)
       [88] _assign_next_task (res://scripts/citizen_agent.gd:213)
       [89] _navigate_to (res://scripts/citizen_agent.gd:222)
       [90] _assign_next_task (res://scripts/citizen_agent.gd:213)
       [91] _navigate_to (res://scripts/citizen_agent.gd:222)
       [92] _assign_next_task (res://scripts/citizen_agent.gd:213)
       [93] _navigate_to (res://scripts/citizen_agent.gd:222)
       [94] _assign_next_task (res://scripts/citizen_agent.gd:213)
       [95] _navigate_to (res://scripts/citizen_agent.gd:222)
       [96] _assign_next_task (res://scripts/citizen_agent.gd:213)
       [97] _navigate_to (res://scripts/citizen_agent.gd:222)
       [98] _assign_next_task (res://scripts/citizen_agent.gd:213)
       [99] _navigate_to (res://scripts/citizen_agent.gd:222)
       [100] _assign_next_task (res://scripts/citizen_agent.gd:213)
       [101] _navigate_to (res://scripts/citizen_agent.gd:222)
       [102] _assign_next_task (res://scripts/citizen_agent.gd:213)
       [103] _navigate_to (res://scripts/citizen_agent.gd:222)
       [104] _assign_next_task (res://scripts/citizen_agent.gd:213)
       [105] _navigate_to (res://scripts/citizen_agent.gd:222)
       [106] _assign_next_task (res://scripts/citizen_agent.gd:213)
       [107] _navigate_to (res://scripts/citizen_agent.gd:222)
       [108] _assign_next_task (res://scripts/citizen_agent.gd:213)
       [109] _navigate_to (res://scripts/citizen_agent.gd:222)
       [110] _assign_next_task (res://scripts/citizen_agent.gd:213)
       [111] _navigate_to (res://scripts/citizen_agent.gd:222)
       [112] _assign_next_task (res://scripts/citizen_agent.gd:213)
       [113] _navigate_to (res://scripts/citizen_agent.gd:222)
       [114] _assign_next_task (res://scripts/citizen_agent.gd:213)
       [115] _navigate_to (res://scripts/citizen_agent.gd:222)
       [116] _assign_next_task (res://scripts/citizen_agent.gd:213)
       [117] _navigate_to (res://scripts/citizen_agent.gd:222)
       [118] _assign_next_task (res://scripts/citizen_agent.gd:213)
       [119] _navigate_to (res://scripts/citizen_agent.gd:222)
       [120] _assign_next_task (res://scripts/citizen_agent.gd:213)
       [121] _navigate_to (res://scripts/citizen_agent.gd:222)
       [122] _assign_next_task (res://scripts/citizen_agent.gd:213)
       [123] _navigate_to (res://scripts/citizen_agent.gd:222)
       [124] _assign_next_task (res://scripts/citizen_agent.gd:213)
       [125] _navigate_to (res://scripts/citizen_agent.gd:222)
       [126] _assign_next_task (res://scripts/citizen_agent.gd:213)
       [127] _navigate_to (res://scripts/citizen_agent.gd:222)
       [128] _assign_next_task (res://scripts/citizen_agent.gd:213)
       [129] _navigate_to (res://scripts/citizen_agent.gd:222)
       [130] _assign_next_task (res://scripts/citizen_agent.gd:213)
       [131] _navigate_to (res://scripts/citizen_agent.gd:222)
       [132] _assign_next_task (res://scripts/citizen_agent.gd:213)
       [133] _navigate_to (res://scripts/citizen_agent.gd:222)
       [134] _assign_next_task (res://scripts/citizen_agent.gd:213)
       [135] _navigate_to (res://scripts/citizen_agent.gd:222)
       [136] _assign_next_task (res://scripts/citizen_agent.gd:213)
       [137] _navigate_to (res://scripts/citizen_agent.gd:222)
       [138] _assign_next_task (res://scripts/citizen_agent.gd:213)
       [139] _navigate_to (res://scripts/citizen_agent.gd:222)
       [140] _assign_next_task (res://scripts/citizen_agent.gd:213)
       [141] _navigate_to (res://scripts/citizen_agent.gd:222)
       [142] _assign_next_task (res://scripts/citizen_agent.gd:213)
       [143] _navigate_to (res://scripts/citizen_agent.gd:222)
       [144] _assign_next_task (res://scripts/citizen_agent.gd:213)
       [145] _navigate_to (res://scripts/citizen_agent.gd:222)
       [146] _assign_next_task (res://scripts/citizen_agent.gd:213)
       [147] _navigate_to (res://scripts/citizen_agent.gd:222)
       [148] _assign_next_task (res://scripts/citizen_agent.gd:213)
       [149] _navigate_to (res://scripts/citizen_agent.gd:222)
       [150] _assign_next_task (res://scripts/citizen_agent.gd:213)
       [151] _navigate_to (res://scripts/citizen_agent.gd:222)
       [152] _assign_next_task (res://scripts/citizen_agent.gd:213)
       [153] _navigate_to (res://scripts/citizen_agent.gd:222)
       [154] _assign_next_task (res://scripts/citizen_agent.gd:213)
       [155] _navigate_to (res://scripts/citizen_agent.gd:222)
       [156] _assign_next_task (res://scripts/citizen_agent.gd:213)
       [157] _navigate_to (res://scripts/citizen_agent.gd:222)
       [158] _assign_next_task (res://scripts/citizen_agent.gd:213)
       [159] _navigate_to (res://scripts/citizen_agent.gd:222)
       [160] _assign_next_task (res://scripts/citizen_agent.gd:213)
       [161] _navigate_to (res://scripts/citizen_agent.gd:222)
       [162] _assign_next_task (res://scripts/citizen_agent.gd:213)
       [163] _navigate_to (res://scripts/citizen_agent.gd:222)
       [164] _assign_next_task (res://scripts/citizen_agent.gd:213)
       [165] _navigate_to (res://scripts/citizen_agent.gd:222)
       [166] _assign_next_task (res://scripts/citizen_agent.gd:213)
       [167] _navigate_to (res://scripts/citizen_agent.gd:222)
       [168] _assign_next_task (res://scripts/citizen_agent.gd:213)
       [169] _navigate_to (res://scripts/citizen_agent.gd:222)
       [170] _assign_next_task (res://scripts/citizen_agent.gd:213)
       [171] _navigate_to (res://scripts/citizen_agent.gd:222)
       [172] _assign_next_task (res://scripts/citizen_agent.gd:213)
       [173] _navigate_to (res://scripts/citizen_agent.gd:222)
       [174] _assign_next_task (res://scripts/citizen_agent.gd:213)
       [175] _navigate_to (res://scripts/citizen_agent.gd:222)
       [176] _assign_next_task (res://scripts/citizen_agent.gd:213)
       [177] _navigate_to (res://scripts/citizen_agent.gd:222)
       [178] _assign_next_task (res://scripts/citizen_agent.gd:213)
       [179] _navigate_to (res://scripts/citizen_agent.gd:222)
       [180] _assign_next_task (res://scripts/citizen_agent.gd:213)
       [181] _navigate_to (res://scripts/citizen_agent.gd:222)
       [182] _assign_next_task (res://scripts/citizen_agent.gd:213)
       [183] _navigate_to (res://scripts/citizen_agent.gd:222)
       [184] _assign_next_task (res://scripts/citizen_agent.gd:213)
       [185] _navigate_to (res://scripts/citizen_agent.gd:222)
       [186] _assign_next_task (res://scripts/citizen_agent.gd:213)
       [187] _navigate_to (res://scripts/citizen_agent.gd:222)
       [188] _assign_next_task (res://scripts/citizen_agent.gd:213)
       [189] _navigate_to (res://scripts/citizen_agent.gd:222)
       [190] _assign_next_task (res://scripts/citizen_agent.gd:213)
       [191] _navigate_to (res://scripts/citizen_agent.gd:222)
       [192] _assign_next_task (res://scripts/citizen_agent.gd:213)
       [193] _navigate_to (res://scripts/citizen_agent.gd:222)
       [194] _assign_next_task (res://scripts/citizen_agent.gd:213)
       [195] _navigate_to (res://scripts/citizen_agent.gd:222)
       [196] _assign_next_task (res://scripts/citizen_agent.gd:213)
       [197] _navigate_to (res://scripts/citizen_agent.gd:222)
       [198] _assign_next_task (res://scripts/citizen_agent.gd:213)
       [199] _navigate_to (res://scripts/citizen_agent.gd:222)
       [200] _assign_next_task (res://scripts/citizen_agent.gd:213)
       [201] _navigate_to (res://scripts/citizen_agent.gd:222)
       [202] _assign_next_task (res://scripts/citizen_agent.gd:213)
       [203] _navigate_to (res://scripts/citizen_agent.gd:222)
       [204] _assign_next_task (res://scripts/citizen_agent.gd:213)
       [205] _navigate_to (res://scripts/citizen_agent.gd:222)
       [206] _assign_next_task (res://scripts/citizen_agent.gd:213)
       [207] _navigate_to (res://scripts/citizen_agent.gd:222)
       [208] _assign_next_task (res://scripts/citizen_agent.gd:213)
       [209] _navigate_to (res://scripts/citizen_agent.gd:222)
       [210] _assign_next_task (res://scripts/citizen_agent.gd:213)
       [211] _navigate_to (res://scripts/citizen_agent.gd:222)
       [212] _assign_next_task (res://scripts/citizen_agent.gd:213)
       [213] _navigate_to (res://scripts/citizen_agent.gd:222)
       [214] _assign_next_task (res://scripts/citizen_agent.gd:213)
       [215] _navigate_to (res://scripts/citizen_agent.gd:222)
       [216] _assign_next_task (res://scripts/citizen_agent.gd:213)
       [217] _navigate_to (res://scripts/citizen_agent.gd:222)
       [218] _assign_next_task (res://scripts/citizen_agent.gd:213)
       [219] _navigate_to (res://scripts/citizen_agent.gd:222)
       [220] _assign_next_task (res://scripts/citizen_agent.gd:213)
       [221] _navigate_to (res://scripts/citizen_agent.gd:222)
       [222] _assign_next_task (res://scripts/citizen_agent.gd:213)
       [223] _navigate_to (res://scripts/citizen_agent.gd:222)
       [224] _assign_next_task (res://scripts/citizen_agent.gd:213)
       [225] _navigate_to (res://scripts/citizen_agent.gd:222)
       [226] _assign_next_task (res://scripts/citizen_agent.gd:213)
       [227] _navigate_to (res://scripts/citizen_agent.gd:222)
       [228] _assign_next_task (res://scripts/citizen_agent.gd:213)
       [229] _navigate_to (res://scripts/citizen_agent.gd:222)
       [230] _assign_next_task (res://scripts/citizen_agent.gd:213)
       [231] _navigate_to (res://scripts/citizen_agent.gd:222)
       [232] _assign_next_task (res://scripts/citizen_agent.gd:213)
       [233] _navigate_to (res://scripts/citizen_agent.gd:222)
       [234] _assign_next_task (res://scripts/citizen_agent.gd:213)
       [235] _navigate_to (res://scripts/citizen_agent.gd:222)
       [236] _assign_next_task (res://scripts/citizen_agent.gd:213)
       [237] _navigate_to (res://scripts/citizen_agent.gd:222)
       [238] _assign_next_task (res://scripts/citizen_agent.gd:213)
       [239] _navigate_to (res://scripts/citizen_agent.gd:222)
       [240] _assign_next_task (res://scripts/citizen_agent.gd:213)
       [241] _navigate_to (res://scripts/citizen_agent.gd:222)
       [242] _assign_next_task (res://scripts/citizen_agent.gd:213)
       [243] _navigate_to (res://scripts/citizen_agent.gd:222)
       [244] _assign_next_task (res://scripts/citizen_agent.gd:213)
       [245] _navigate_to (res://scripts/citizen_agent.gd:222)
       [246] _assign_next_task (res://scripts/citizen_agent.gd:213)
       [247] _navigate_to (res://scripts/citizen_agent.gd:222)
       [248] _assign_next_task (res://scripts/citizen_agent.gd:213)
       [249] _navigate_to (res://scripts/citizen_agent.gd:222)
       [250] _assign_next_task (res://scripts/citizen_agent.gd:213)
       [251] _navigate_to (res://scripts/citizen_agent.gd:222)
       [252] _assign_next_task (res://scripts/citizen_agent.gd:213)
       [253] _navigate_to (res://scripts/citizen_agent.gd:222)
       [254] _assign_next_task (res://scripts/citizen_agent.gd:213)
       [255] _navigate_to (res://scripts/citizen_agent.gd:222)
       [256] _assign_next_task (res://scripts/citizen_agent.gd:213)
       [257] _navigate_to (res://scripts/citizen_agent.gd:222)
       [258] _assign_next_task (res://scripts/citizen_agent.gd:213)
       [259] _navigate_to (res://scripts/citizen_agent.gd:222)
       [260] _assign_next_task (res://scripts/citizen_agent.gd:213)
       [261] _navigate_to (res://scripts/citizen_agent.gd:222)
       [262] _assign_next_task (res://scripts/citizen_agent.gd:213)
       [263] _navigate_to (res://scripts/citizen_agent.gd:222)
       [264] _assign_next_task (res://scripts/citizen_agent.gd:213)
       [265] _navigate_to (res://scripts/citizen_agent.gd:222)
       [266] _assign_next_task (res://scripts/citizen_agent.gd:213)
       [267] _navigate_to (res://scripts/citizen_agent.gd:222)
       [268] _assign_next_task (res://scripts/citizen_agent.gd:213)
       [269] _navigate_to (res://scripts/citizen_agent.gd:222)
       [270] _assign_next_task (res://scripts/citizen_agent.gd:213)
       [271] _navigate_to (res://scripts/citizen_agent.gd:222)
       [272] _assign_next_task (res://scripts/citizen_agent.gd:213)
       [273] _navigate_to (res://scripts/citizen_agent.gd:222)
       [274] _assign_next_task (res://scripts/citizen_agent.gd:213)
       [275] _navigate_to (res://scripts/citizen_agent.gd:222)
       [276] _assign_next_task (res://scripts/citizen_agent.gd:213)
       [277] _navigate_to (res://scripts/citizen_agent.gd:222)
       [278] _assign_next_task (res://scripts/citizen_agent.gd:213)
       [279] _navigate_to (res://scripts/citizen_agent.gd:222)
       [280] _assign_next_task (res://scripts/citizen_agent.gd:213)
       [281] _navigate_to (res://scripts/citizen_agent.gd:222)
       [282] _assign_next_task (res://scripts/citizen_agent.gd:213)
       [283] _navigate_to (res://scripts/citizen_agent.gd:222)
       [284] _assign_next_task (res://scripts/citizen_agent.gd:213)
       [285] _navigate_to (res://scripts/citizen_agent.gd:222)
       [286] _assign_next_task (res://scripts/citizen_agent.gd:213)
       [287] _navigate_to (res://scripts/citizen_agent.gd:222)
       [288] _assign_next_task (res://scripts/citizen_agent.gd:213)
       [289] _navigate_to (res://scripts/citizen_agent.gd:222)
       [290] _assign_next_task (res://scripts/citizen_agent.gd:213)
       [291] _navigate_to (res://scripts/citizen_agent.gd:222)
       [292] _assign_next_task (res://scripts/citizen_agent.gd:213)
       [293] _navigate_to (res://scripts/citizen_agent.gd:222)
       [294] _assign_next_task (res://scripts/citizen_agent.gd:213)
       [295] _navigate_to (res://scripts/citizen_agent.gd:222)
       [296] _assign_next_task (res://scripts/citizen_agent.gd:213)
       [297] _navigate_to (res://scripts/citizen_agent.gd:222)
       [298] _assign_next_task (res://scripts/citizen_agent.gd:213)
       [299] _navigate_to (res://scripts/citizen_agent.gd:222)
       [300] _assign_next_task (res://scripts/citizen_agent.gd:213)
       [301] _navigate_to (res://scripts/citizen_agent.gd:222)
       [302] _assign_next_task (res://scripts/citizen_agent.gd:213)
       [303] _navigate_to (res://scripts/citizen_agent.gd:222)
       [304] _assign_next_task (res://scripts/citizen_agent.gd:213)
       [305] _navigate_to (res://scripts/citizen_agent.gd:222)
       [306] _assign_next_task (res://scripts/citizen_agent.gd:213)
       [307] _navigate_to (res://scripts/citizen_agent.gd:222)
       [308] _assign_next_task (res://scripts/citizen_agent.gd:213)
       [309] _navigate_to (res://scripts/citizen_agent.gd:222)
       [310] _assign_next_task (res://scripts/citizen_agent.gd:213)
       [311] _navigate_to (res://scripts/citizen_agent.gd:222)
       [312] _assign_next_task (res://scripts/citizen_agent.gd:213)
       [313] _navigate_to (res://scripts/citizen_agent.gd:222)
       [314] _assign_next_task (res://scripts/citizen_agent.gd:213)
       [315] _navigate_to (res://scripts/citizen_agent.gd:222)
       [316] _assign_next_task (res://scripts/citizen_agent.gd:213)
       [317] _navigate_to (res://scripts/citizen_agent.gd:222)
       [318] _assign_next_task (res://scripts/citizen_agent.gd:213)
       [319] _navigate_to (res://scripts/citizen_agent.gd:222)
       [320] _assign_next_task (res://scripts/citizen_agent.gd:213)
       [321] _navigate_to (res://scripts/citizen_agent.gd:222)
       [322] _assign_next_task (res://scripts/citizen_agent.gd:213)
       [323] _navigate_to (res://scripts/citizen_agent.gd:222)
       [324] _assign_next_task (res://scripts/citizen_agent.gd:213)
       [325] _navigate_to (res://scripts/citizen_agent.gd:222)
       [326] _assign_next_task (res://scripts/citizen_agent.gd:213)
       [327] _navigate_to (res://scripts/citizen_agent.gd:222)
       [328] _assign_next_task (res://scripts/citizen_agent.gd:213)
       [329] _navigate_to (res://scripts/citizen_agent.gd:222)
       [330] _assign_next_task (res://scripts/citizen_agent.gd:213)
       [331] _navigate_to (res://scripts/citizen_agent.gd:222)
       [332] _assign_next_task (res://scripts/citizen_agent.gd:213)
       [333] _navigate_to (res://scripts/citizen_agent.gd:222)
       [334] _assign_next_task (res://scripts/citizen_agent.gd:213)
       [335] _navigate_to (res://scripts/citizen_agent.gd:222)
       [336] _assign_next_task (res://scripts/citizen_agent.gd:213)
       [337] _navigate_to (res://scripts/citizen_agent.gd:222)
       [338] _assign_next_task (res://scripts/citizen_agent.gd:213)
       [339] _navigate_to (res://scripts/citizen_agent.gd:222)
       [340] _assign_next_task (res://scripts/citizen_agent.gd:213)
       [341] _navigate_to (res://scripts/citizen_agent.gd:222)
       [342] _assign_next_task (res://scripts/citizen_agent.gd:213)
       [343] _navigate_to (res://scripts/citizen_agent.gd:222)
       [344] _assign_next_task (res://scripts/citizen_agent.gd:213)
       [345] _navigate_to (res://scripts/citizen_agent.gd:222)
       [346] _assign_next_task (res://scripts/citizen_agent.gd:213)
       [347] _navigate_to (res://scripts/citizen_agent.gd:222)
       [348] _assign_next_task (res://scripts/citizen_agent.gd:213)
       [349] _navigate_to (res://scripts/citizen_agent.gd:222)
       [350] _assign_next_task (res://scripts/citizen_agent.gd:213)
       [351] _navigate_to (res://scripts/citizen_agent.gd:222)
       [352] _assign_next_task (res://scripts/citizen_agent.gd:213)
       [353] _navigate_to (res://scripts/citizen_agent.gd:222)
       [354] _assign_next_task (res://scripts/citizen_agent.gd:213)
       [355] _navigate_to (res://scripts/citizen_agent.gd:222)
       [356] _assign_next_task (res://scripts/citizen_agent.gd:213)
       [357] _navigate_to (res://scripts/citizen_agent.gd:222)
       [358] _assign_next_task (res://scripts/citizen_agent.gd:213)
       [359] _navigate_to (res://scripts/citizen_agent.gd:222)
       [360] _assign_next_task (res://scripts/citizen_agent.gd:213)
       [361] _navigate_to (res://scripts/citizen_agent.gd:222)
       [362] _assign_next_task (res://scripts/citizen_agent.gd:213)
       [363] _navigate_to (res://scripts/citizen_agent.gd:222)
       [364] _assign_next_task (res://scripts/citizen_agent.gd:213)
       [365] _navigate_to (res://scripts/citizen_agent.gd:222)
       [366] _assign_next_task (res://scripts/citizen_agent.gd:213)
       [367] _navigate_to (res://scripts/citizen_agent.gd:222)
       [368] _assign_next_task (res://scripts/citizen_agent.gd:213)
       [369] _navigate_to (res://scripts/citizen_agent.gd:222)
       [370] _assign_next_task (res://scripts/citizen_agent.gd:213)
       [371] _navigate_to (res://scripts/citizen_agent.gd:222)
       [372] _assign_next_task (res://scripts/citizen_agent.gd:213)
       [373] _navigate_to (res://scripts/citizen_agent.gd:222)
       [374] _assign_next_task (res://scripts/citizen_agent.gd:213)
       [375] _navigate_to (res://scripts/citizen_agent.gd:222)
       [376] _assign_next_task (res://scripts/citizen_agent.gd:213)
       [377] _navigate_to (res://scripts/citizen_agent.gd:222)
       [378] _assign_next_task (res://scripts/citizen_agent.gd:213)
       [379] _navigate_to (res://scripts/citizen_agent.gd:222)
       [380] _assign_next_task (res://scripts/citizen_agent.gd:213)
       [381] _navigate_to (res://scripts/citizen_agent.gd:222)
       [382] _assign_next_task (res://scripts/citizen_agent.gd:213)
       [383] _navigate_to (res://scripts/citizen_agent.gd:222)
       [384] _assign_next_task (res://scripts/citizen_agent.gd:213)
       [385] _navigate_to (res://scripts/citizen_agent.gd:222)
       [386] _assign_next_task (res://scripts/citizen_agent.gd:213)
       [387] _navigate_to (res://scripts/citizen_agent.gd:222)
       [388] _assign_next_task (res://scripts/citizen_agent.gd:213)
       [389] _navigate_to (res://scripts/citizen_agent.gd:222)
       [390] _assign_next_task (res://scripts/citizen_agent.gd:213)
       [391] _navigate_to (res://scripts/citizen_agent.gd:222)
       [392] _assign_next_task (res://scripts/citizen_agent.gd:213)
       [393] _navigate_to (res://scripts/citizen_agent.gd:222)
       [394] _assign_next_task (res://scripts/citizen_agent.gd:213)
       [395] _navigate_to (res://scripts/citizen_agent.gd:222)
       [396] _assign_next_task (res://scripts/citizen_agent.gd:213)
       [397] _navigate_to (res://scripts/citizen_agent.gd:222)
       [398] _assign_next_task (res://scripts/citizen_agent.gd:213)
       [399] _navigate_to (res://scripts/citizen_agent.gd:222)
       [400] _assign_next_task (res://scripts/citizen_agent.gd:213)
       [401] _navigate_to (res://scripts/citizen_agent.gd:222)
       [402] _assign_next_task (res://scripts/citizen_agent.gd:213)
       [403] _navigate_to (res://scripts/citizen_agent.gd:222)
       [404] _assign_next_task (res://scripts/citizen_agent.gd:213)
       [405] _navigate_to (res://scripts/citizen_agent.gd:222)
       [406] _assign_next_task (res://scripts/citizen_agent.gd:213)
       [407] _navigate_to (res://scripts/citizen_agent.gd:222)
       [408] _assign_next_task (res://scripts/citizen_agent.gd:213)
       [409] _navigate_to (res://scripts/citizen_agent.gd:222)
       [410] _assign_next_task (res://scripts/citizen_agent.gd:213)
       [411] _navigate_to (res://scripts/citizen_agent.gd:222)
       [412] _assign_next_task (res://scripts/citizen_agent.gd:213)
       [413] _navigate_to (res://scripts/citizen_agent.gd:222)
       [414] _assign_next_task (res://scripts/citizen_agent.gd:213)
       [415] _navigate_to (res://scripts/citizen_agent.gd:222)
       [416] _assign_next_task (res://scripts/citizen_agent.gd:213)
       [417] _navigate_to (res://scripts/citizen_agent.gd:222)
       [418] _assign_next_task (res://scripts/citizen_agent.gd:213)
       [419] _navigate_to (res://scripts/citizen_agent.gd:222)
       [420] _assign_next_task (res://scripts/citizen_agent.gd:213)
       [421] _navigate_to (res://scripts/citizen_agent.gd:222)
       [422] _assign_next_task (res://scripts/citizen_agent.gd:213)
       [423] _navigate_to (res://scripts/citizen_agent.gd:222)
       [424] _assign_next_task (res://scripts/citizen_agent.gd:213)
       [425] _navigate_to (res://scripts/citizen_agent.gd:222)
       [426] _assign_next_task (res://scripts/citizen_agent.gd:213)
       [427] _navigate_to (res://scripts/citizen_agent.gd:222)
       [428] _assign_next_task (res://scripts/citizen_agent.gd:213)
       [429] _navigate_to (res://scripts/citizen_agent.gd:222)
       [430] _assign_next_task (res://scripts/citizen_agent.gd:213)
       [431] _navigate_to (res://scripts/citizen_agent.gd:222)
       [432] _assign_next_task (res://scripts/citizen_agent.gd:213)
       [433] _navigate_to (res://scripts/citizen_agent.gd:222)
       [434] _assign_next_task (res://scripts/citizen_agent.gd:213)
       [435] _navigate_to (res://scripts/citizen_agent.gd:222)
       [436] _assign_next_task (res://scripts/citizen_agent.gd:213)
       [437] _navigate_to (res://scripts/citizen_agent.gd:222)
       [438] _assign_next_task (res://scripts/citizen_agent.gd:213)
       [439] _navigate_to (res://scripts/citizen_agent.gd:222)
       [440] _assign_next_task (res://scripts/citizen_agent.gd:213)
       [441] _navigate_to (res://scripts/citizen_agent.gd:222)
       [442] _assign_next_task (res://scripts/citizen_agent.gd:213)
       [443] _navigate_to (res://scripts/citizen_agent.gd:222)
       [444] _assign_next_task (res://scripts/citizen_agent.gd:213)
       [445] _navigate_to (res://scripts/citizen_agent.gd:222)
       [446] _assign_next_task (res://scripts/citizen_agent.gd:213)
       [447] _navigate_to (res://scripts/citizen_agent.gd:222)
       [448] _assign_next_task (res://scripts/citizen_agent.gd:213)
       [449] _navigate_to (res://scripts/citizen_agent.gd:222)
       [450] _assign_next_task (res://scripts/citizen_agent.gd:213)
       [451] _navigate_to (res://scripts/citizen_agent.gd:222)
       [452] _assign_next_task (res://scripts/citizen_agent.gd:213)
       [453] _navigate_to (res://scripts/citizen_agent.gd:222)
       [454] _assign_next_task (res://scripts/citizen_agent.gd:213)
       [455] _navigate_to (res://scripts/citizen_agent.gd:222)
       [456] _assign_next_task (res://scripts/citizen_agent.gd:213)
       [457] _navigate_to (res://scripts/citizen_agent.gd:222)
       [458] _assign_next_task (res://scripts/citizen_agent.gd:213)
       [459] _navigate_to (res://scripts/citizen_agent.gd:222)
       [460] _assign_next_task (res://scripts/citizen_agent.gd:213)
       [461] _navigate_to (res://scripts/citizen_agent.gd:222)
       [462] _assign_next_task (res://scripts/citizen_agent.gd:213)
       [463] _navigate_to (res://scripts/citizen_agent.gd:222)
       [464] _assign_next_task (res://scripts/citizen_agent.gd:213)
       [465] _navigate_to (res://scripts/citizen_agent.gd:222)
       [466] _assign_next_task (res://scripts/citizen_agent.gd:213)
       [467] _navigate_to (res://scripts/citizen_agent.gd:222)
       [468] _assign_next_task (res://scripts/citizen_agent.gd:213)
       [469] _navigate_to (res://scripts/citizen_agent.gd:222)
       [470] _assign_next_task (res://scripts/citizen_agent.gd:213)
       [471] _navigate_to (res://scripts/citizen_agent.gd:222)
       [472] _assign_next_task (res://scripts/citizen_agent.gd:213)
       [473] _navigate_to (res://scripts/citizen_agent.gd:222)
       [474] _assign_next_task (res://scripts/citizen_agent.gd:213)
       [475] _navigate_to (res://scripts/citizen_agent.gd:222)
       [476] _assign_next_task (res://scripts/citizen_agent.gd:213)
       [477] _navigate_to (res://scripts/citizen_agent.gd:222)
       [478] _assign_next_task (res://scripts/citizen_agent.gd:213)
       [479] _navigate_to (res://scripts/citizen_agent.gd:222)
       [480] _assign_next_task (res://scripts/citizen_agent.gd:213)
       [481] _navigate_to (res://scripts/citizen_agent.gd:222)
       [482] _assign_next_task (res://scripts/citizen_agent.gd:213)
       [483] _navigate_to (res://scripts/citizen_agent.gd:222)
       [484] _assign_next_task (res://scripts/citizen_agent.gd:213)
       [485] _navigate_to (res://scripts/citizen_agent.gd:222)
       [486] _assign_next_task (res://scripts/citizen_agent.gd:213)
       [487] _navigate_to (res://scripts/citizen_agent.gd:222)
       [488] _assign_next_task (res://scripts/citizen_agent.gd:213)
       [489] _navigate_to (res://scripts/citizen_agent.gd:222)
       [490] _assign_next_task (res://scripts/citizen_agent.gd:213)
       [491] _navigate_to (res://scripts/citizen_agent.gd:222)
       [492] _assign_next_task (res://scripts/citizen_agent.gd:213)
       [493] _navigate_to (res://scripts/citizen_agent.gd:222)
       [494] _assign_next_task (res://scripts/citizen_agent.gd:213)
       [495] _navigate_to (res://scripts/citizen_agent.gd:222)
       [496] _assign_next_task (res://scripts/citizen_agent.gd:213)
       [497] _navigate_to (res://scripts/citizen_agent.gd:222)
       [498] _assign_next_task (res://scripts/citizen_agent.gd:213)
       [499] _navigate_to (res://scripts/citizen_agent.gd:222)
       [500] _assign_next_task (res://scripts/citizen_agent.gd:213)
       [501] _navigate_to (res://scripts/citizen_agent.gd:222)
       [502] _assign_next_task (res://scripts/citizen_agent.gd:213)
       [503] _navigate_to (res://scripts/citizen_agent.gd:222)
       [504] _assign_next_task (res://scripts/citizen_agent.gd:213)
       [505] _navigate_to (res://scripts/citizen_agent.gd:222)
       [506] _assign_next_task (res://scripts/citizen_agent.gd:213)
       [507] _navigate_to (res://scripts/citizen_agent.gd:222)
       [508] _assign_next_task (res://scripts/citizen_agent.gd:213)
       [509] _navigate_to (res://scripts/citizen_agent.gd:222)
       [510] _assign_next_task (res://scripts/citizen_agent.gd:213)
       [511] _navigate_to (res://scripts/citizen_agent.gd:222)
       [512] _assign_next_task (res://scripts/citizen_agent.gd:213)
       [513] _navigate_to (res://scripts/citizen_agent.gd:222)
       [514] _assign_next_task (res://scripts/citizen_agent.gd:213)
       [515] _navigate_to (res://scripts/citizen_agent.gd:222)
       [516] _assign_next_task (res://scripts/citizen_agent.gd:213)
       [517] _navigate_to (res://scripts/citizen_agent.gd:222)
       [518] _assign_next_task (res://scripts/citizen_agent.gd:213)
       [519] _navigate_to (res://scripts/citizen_agent.gd:222)
       [520] _assign_next_task (res://scripts/citizen_agent.gd:213)
       [521] _navigate_to (res://scripts/citizen_agent.gd:222)
       [522] _assign_next_task (res://scripts/citizen_agent.gd:213)
       [523] _navigate_to (res://scripts/citizen_agent.gd:222)
       [524] _assign_next_task (res://scripts/citizen_agent.gd:213)
       [525] _navigate_to (res://scripts/citizen_agent.gd:222)
       [526] _assign_next_task (res://scripts/citizen_agent.gd:213)
       [527] _navigate_to (res://scripts/citizen_agent.gd:222)
       [528] _assign_next_task (res://scripts/citizen_agent.gd:213)
       [529] _navigate_to (res://scripts/citizen_agent.gd:222)
       [530] _assign_next_task (res://scripts/citizen_agent.gd:213)
       [531] _navigate_to (res://scripts/citizen_agent.gd:222)
       [532] _assign_next_task (res://scripts/citizen_agent.gd:213)
       [533] _navigate_to (res://scripts/citizen_agent.gd:222)
       [534] _assign_next_task (res://scripts/citizen_agent.gd:213)
       [535] _navigate_to (res://scripts/citizen_agent.gd:222)
       [536] _assign_next_task (res://scripts/citizen_agent.gd:213)
       [537] _navigate_to (res://scripts/citizen_agent.gd:222)
       [538] _assign_next_task (res://scripts/citizen_agent.gd:213)
       [539] _navigate_to (res://scripts/citizen_agent.gd:222)
       [540] _assign_next_task (res://scripts/citizen_agent.gd:213)
       [541] _navigate_to (res://scripts/citizen_agent.gd:222)
       [542] _assign_next_task (res://scripts/citizen_agent.gd:213)
       [543] _navigate_to (res://scripts/citizen_agent.gd:222)
       [544] _assign_next_task (res://scripts/citizen_agent.gd:213)
       [545] _navigate_to (res://scripts/citizen_agent.gd:222)
       [546] _assign_next_task (res://scripts/citizen_agent.gd:213)
       [547] _navigate_to (res://scripts/citizen_agent.gd:222)
       [548] _assign_next_task (res://scripts/citizen_agent.gd:213)
       [549] _navigate_to (res://scripts/citizen_agent.gd:222)
       [550] _assign_next_task (res://scripts/citizen_agent.gd:213)
       [551] _navigate_to (res://scripts/citizen_agent.gd:222)
       [552] _assign_next_task (res://scripts/citizen_agent.gd:213)
       [553] _navigate_to (res://scripts/citizen_agent.gd:222)
       [554] _assign_next_task (res://scripts/citizen_agent.gd:213)
       [555] _navigate_to (res://scripts/citizen_agent.gd:222)
       [556] _assign_next_task (res://scripts/citizen_agent.gd:213)
       [557] _navigate_to (res://scripts/citizen_agent.gd:222)
       [558] _assign_next_task (res://scripts/citizen_agent.gd:213)
       [559] _navigate_to (res://scripts/citizen_agent.gd:222)
       [560] _assign_next_task (res://scripts/citizen_agent.gd:213)
       [561] _navigate_to (res://scripts/citizen_agent.gd:222)
       [562] _assign_next_task (res://scripts/citizen_agent.gd:213)
       [563] _navigate_to (res://scripts/citizen_agent.gd:222)
       [564] _assign_next_task (res://scripts/citizen_agent.gd:213)
       [565] _navigate_to (res://scripts/citizen_agent.gd:222)
       [566] _assign_next_task (res://scripts/citizen_agent.gd:213)
       [567] _navigate_to (res://scripts/citizen_agent.gd:222)
       [568] _assign_next_task (res://scripts/citizen_agent.gd:213)
       [569] _navigate_to (res://scripts/citizen_agent.gd:222)
       [570] _assign_next_task (res://scripts/citizen_agent.gd:213)
       [571] _navigate_to (res://scripts/citizen_agent.gd:222)
       [572] _assign_next_task (res://scripts/citizen_agent.gd:213)
       [573] _navigate_to (res://scripts/citizen_agent.gd:222)
       [574] _assign_next_task (res://scripts/citizen_agent.gd:213)
       [575] _navigate_to (res://scripts/citizen_agent.gd:222)
       [576] _assign_next_task (res://scripts/citizen_agent.gd:213)
       [577] _navigate_to (res://scripts/citizen_agent.gd:222)
       [578] _assign_next_task (res://scripts/citizen_agent.gd:213)
       [579] _navigate_to (res://scripts/citizen_agent.gd:222)
       [580] _assign_next_task (res://scripts/citizen_agent.gd:213)
       [581] _navigate_to (res://scripts/citizen_agent.gd:222)
       [582] _assign_next_task (res://scripts/citizen_agent.gd:213)
       [583] _navigate_to (res://scripts/citizen_agent.gd:222)
       [584] _assign_next_task (res://scripts/citizen_agent.gd:213)
       [585] _navigate_to (res://scripts/citizen_agent.gd:222)
       [586] _assign_next_task (res://scripts/citizen_agent.gd:213)
       [587] _navigate_to (res://scripts/citizen_agent.gd:222)
       [588] _assign_next_task (res://scripts/citizen_agent.gd:213)
       [589] _navigate_to (res://scripts/citizen_agent.gd:222)
       [590] _assign_next_task (res://scripts/citizen_agent.gd:213)
       [591] _navigate_to (res://scripts/citizen_agent.gd:222)
       [592] _assign_next_task (res://scripts/citizen_agent.gd:213)
       [593] _navigate_to (res://scripts/citizen_agent.gd:222)
       [594] _assign_next_task (res://scripts/citizen_agent.gd:213)
       [595] _navigate_to (res://scripts/citizen_agent.gd:222)
       [596] _assign_next_task (res://scripts/citizen_agent.gd:213)
       [597] _navigate_to (res://scripts/citizen_agent.gd:222)
       [598] _assign_next_task (res://scripts/citizen_agent.gd:213)
       [599] _navigate_to (res://scripts/citizen_agent.gd:222)
       [600] _assign_next_task (res://scripts/citizen_agent.gd:213)
       [601] _navigate_to (res://scripts/citizen_agent.gd:222)
       [602] _assign_next_task (res://scripts/citizen_agent.gd:213)
       [603] _navigate_to (res://scripts/citizen_agent.gd:222)
       [604] _assign_next_task (res://scripts/citizen_agent.gd:213)
       [605] _navigate_to (res://scripts/citizen_agent.gd:222)
       [606] _assign_next_task (res://scripts/citizen_agent.gd:213)
       [607] _navigate_to (res://scripts/citizen_agent.gd:222)
       [608] _assign_next_task (res://scripts/citizen_agent.gd:213)
       [609] _navigate_to (res://scripts/citizen_agent.gd:222)
       [610] _assign_next_task (res://scripts/citizen_agent.gd:213)
       [611] _navigate_to (res://scripts/citizen_agent.gd:222)
       [612] _assign_next_task (res://scripts/citizen_agent.gd:213)
       [613] _navigate_to (res://scripts/citizen_agent.gd:222)
       [614] _assign_next_task (res://scripts/citizen_agent.gd:213)
       [615] _navigate_to (res://scripts/citizen_agent.gd:222)
       [616] _assign_next_task (res://scripts/citizen_agent.gd:213)
       [617] _navigate_to (res://scripts/citizen_agent.gd:222)
       [618] _assign_next_task (res://scripts/citizen_agent.gd:213)
       [619] _navigate_to (res://scripts/citizen_agent.gd:222)
       [620] _assign_next_task (res://scripts/citizen_agent.gd:213)
       [621] _navigate_to (res://scripts/citizen_agent.gd:222)
       [622] _assign_next_task (res://scripts/citizen_agent.gd:213)
       [623] _navigate_to (res://scripts/citizen_agent.gd:222)
       [624] _assign_next_task (res://scripts/citizen_agent.gd:213)
       [625] _navigate_to (res://scripts/citizen_agent.gd:222)
       [626] _assign_next_task (res://scripts/citizen_agent.gd:213)
       [627] _navigate_to (res://scripts/citizen_agent.gd:222)
       [628] _assign_next_task (res://scripts/citizen_agent.gd:213)
       [629] _navigate_to (res://scripts/citizen_agent.gd:222)
       [630] _assign_next_task (res://scripts/citizen_agent.gd:213)
       [631] _navigate_to (res://scripts/citizen_agent.gd:222)
       [632] _assign_next_task (res://scripts/citizen_agent.gd:213)
       [633] _navigate_to (res://scripts/citizen_agent.gd:222)
       [634] _assign_next_task (res://scripts/citizen_agent.gd:213)
       [635] _navigate_to (res://scripts/citizen_agent.gd:222)
       [636] _assign_next_task (res://scripts/citizen_agent.gd:213)
       [637] _navigate_to (res://scripts/citizen_agent.gd:222)
       [638] _assign_next_task (res://scripts/citizen_agent.gd:213)
       [639] _navigate_to (res://scripts/citizen_agent.gd:222)
       [640] _assign_next_task (res://scripts/citizen_agent.gd:213)
       [641] _navigate_to (res://scripts/citizen_agent.gd:222)
       [642] _assign_next_task (res://scripts/citizen_agent.gd:213)
       [643] _navigate_to (res://scripts/citizen_agent.gd:222)
       [644] _assign_next_task (res://scripts/citizen_agent.gd:213)
       [645] _navigate_to (res://scripts/citizen_agent.gd:222)
       [646] _assign_next_task (res://scripts/citizen_agent.gd:213)
       [647] _navigate_to (res://scripts/citizen_agent.gd:222)
       [648] _assign_next_task (res://scripts/citizen_agent.gd:213)
       [649] _navigate_to (res://scripts/citizen_agent.gd:222)
       [650] _assign_next_task (res://scripts/citizen_agent.gd:213)
       [651] _navigate_to (res://scripts/citizen_agent.gd:222)
       [652] _assign_next_task (res://scripts/citizen_agent.gd:213)
       [653] _navigate_to (res://scripts/citizen_agent.gd:222)
       [654] _assign_next_task (res://scripts/citizen_agent.gd:213)
       [655] _navigate_to (res://scripts/citizen_agent.gd:222)
       [656] _assign_next_task (res://scripts/citizen_agent.gd:213)
       [657] _navigate_to (res://scripts/citizen_agent.gd:222)
       [658] _assign_next_task (res://scripts/citizen_agent.gd:213)
       [659] _navigate_to (res://scripts/citizen_agent.gd:222)
       [660] _assign_next_task (res://scripts/citizen_agent.gd:213)
       [661] _navigate_to (res://scripts/citizen_agent.gd:222)
       [662] _assign_next_task (res://scripts/citizen_agent.gd:213)
       [663] _navigate_to (res://scripts/citizen_agent.gd:222)
       [664] _assign_next_task (res://scripts/citizen_agent.gd:213)
       [665] _navigate_to (res://scripts/citizen_agent.gd:222)
       [666] _assign_next_task (res://scripts/citizen_agent.gd:213)
       [667] _navigate_to (res://scripts/citizen_agent.gd:222)
       [668] _assign_next_task (res://scripts/citizen_agent.gd:213)
       [669] _navigate_to (res://scripts/citizen_agent.gd:222)
       [670] _assign_next_task (res://scripts/citizen_agent.gd:213)
       [671] _navigate_to (res://scripts/citizen_agent.gd:222)
       [672] _assign_next_task (res://scripts/citizen_agent.gd:213)
       [673] _navigate_to (res://scripts/citizen_agent.gd:222)
       [674] _assign_next_task (res://scripts/citizen_agent.gd:213)
       [675] _navigate_to (res://scripts/citizen_agent.gd:222)
       [676] _assign_next_task (res://scripts/citizen_agent.gd:213)
       [677] _navigate_to (res://scripts/citizen_agent.gd:222)
       [678] _assign_next_task (res://scripts/citizen_agent.gd:213)
       [679] _navigate_to (res://scripts/citizen_agent.gd:222)
       [680] _assign_next_task (res://scripts/citizen_agent.gd:213)
       [681] _navigate_to (res://scripts/citizen_agent.gd:222)
       [682] _assign_next_task (res://scripts/citizen_agent.gd:213)
       [683] _navigate_to (res://scripts/citizen_agent.gd:222)
       [684] _assign_next_task (res://scripts/citizen_agent.gd:213)
       [685] _navigate_to (res://scripts/citizen_agent.gd:222)
       [686] _assign_next_task (res://scripts/citizen_agent.gd:213)
       [687] _navigate_to (res://scripts/citizen_agent.gd:222)
       [688] _assign_next_task (res://scripts/citizen_agent.gd:213)
       [689] _navigate_to (res://scripts/citizen_agent.gd:222)
       [690] _assign_next_task (res://scripts/citizen_agent.gd:213)
       [691] _navigate_to (res://scripts/citizen_agent.gd:222)
       [692] _assign_next_task (res://scripts/citizen_agent.gd:213)
       [693] _navigate_to (res://scripts/citizen_agent.gd:222)
       [694] _assign_next_task (res://scripts/citizen_agent.gd:213)
       [695] _navigate_to (res://scripts/citizen_agent.gd:222)
       [696] _assign_next_task (res://scripts/citizen_agent.gd:213)
       [697] _navigate_to (res://scripts/citizen_agent.gd:222)
       [698] _assign_next_task (res://scripts/citizen_agent.gd:213)
       [699] _navigate_to (res://scripts/citizen_agent.gd:222)
       [700] _assign_next_task (res://scripts/citizen_agent.gd:213)
       [701] _navigate_to (res://scripts/citizen_agent.gd:222)
       [702] _assign_next_task (res://scripts/citizen_agent.gd:213)
       [703] _navigate_to (res://scripts/citizen_agent.gd:222)
       [704] _assign_next_task (res://scripts/citizen_agent.gd:213)
       [705] _navigate_to (res://scripts/citizen_agent.gd:222)
       [706] _assign_next_task (res://scripts/citizen_agent.gd:213)
       [707] _navigate_to (res://scripts/citizen_agent.gd:222)
       [708] _assign_next_task (res://scripts/citizen_agent.gd:213)
       [709] _navigate_to (res://scripts/citizen_agent.gd:222)
       [710] _assign_next_task (res://scripts/citizen_agent.gd:213)
       [711] _navigate_to (res://scripts/citizen_agent.gd:222)
       [712] _assign_next_task (res://scripts/citizen_agent.gd:213)
       [713] _navigate_to (res://scripts/citizen_agent.gd:222)
       [714] _assign_next_task (res://scripts/citizen_agent.gd:213)
       [715] _navigate_to (res://scripts/citizen_agent.gd:222)
       [716] _assign_next_task (res://scripts/citizen_agent.gd:213)
       [717] _navigate_to (res://scripts/citizen_agent.gd:222)
       [718] _assign_next_task (res://scripts/citizen_agent.gd:213)
       [719] _navigate_to (res://scripts/citizen_agent.gd:222)
       [720] _assign_next_task (res://scripts/citizen_agent.gd:213)
       [721] _navigate_to (res://scripts/citizen_agent.gd:222)
       [722] _assign_next_task (res://scripts/citizen_agent.gd:213)
       [723] _navigate_to (res://scripts/citizen_agent.gd:222)
       [724] _assign_next_task (res://scripts/citizen_agent.gd:213)
       [725] _navigate_to (res://scripts/citizen_agent.gd:222)
       [726] _assign_next_task (res://scripts/citizen_agent.gd:213)
       [727] _navigate_to (res://scripts/citizen_agent.gd:222)
       [728] _assign_next_task (res://scripts/citizen_agent.gd:213)
       [729] _navigate_to (res://scripts/citizen_agent.gd:222)
       [730] _assign_next_task (res://scripts/citizen_agent.gd:213)
       [731] _navigate_to (res://scripts/citizen_agent.gd:222)
       [732] _assign_next_task (res://scripts/citizen_agent.gd:213)
       [733] _navigate_to (res://scripts/citizen_agent.gd:222)
       [734] _assign_next_task (res://scripts/citizen_agent.gd:213)
       [735] _navigate_to (res://scripts/citizen_agent.gd:222)
       [736] _assign_next_task (res://scripts/citizen_agent.gd:213)
       [737] _navigate_to (res://scripts/citizen_agent.gd:222)
       [738] _assign_next_task (res://scripts/citizen_agent.gd:213)
       [739] _navigate_to (res://scripts/citizen_agent.gd:222)
       [740] _assign_next_task (res://scripts/citizen_agent.gd:213)
       [741] _navigate_to (res://scripts/citizen_agent.gd:222)
       [742] _assign_next_task (res://scripts/citizen_agent.gd:213)
       [743] _navigate_to (res://scripts/citizen_agent.gd:222)
       [744] _assign_next_task (res://scripts/citizen_agent.gd:213)
       [745] _navigate_to (res://scripts/citizen_agent.gd:222)
       [746] _assign_next_task (res://scripts/citizen_agent.gd:213)
       [747] _navigate_to (res://scripts/citizen_agent.gd:222)
       [748] _assign_next_task (res://scripts/citizen_agent.gd:213)
       [749] _navigate_to (res://scripts/citizen_agent.gd:222)
       [750] _assign_next_task (res://scripts/citizen_agent.gd:213)
       [751] _navigate_to (res://scripts/citizen_agent.gd:222)
       [752] _assign_next_task (res://scripts/citizen_agent.gd:213)
       [753] _navigate_to (res://scripts/citizen_agent.gd:222)
       [754] _assign_next_task (res://scripts/citizen_agent.gd:213)
       [755] _navigate_to (res://scripts/citizen_agent.gd:222)
       [756] _assign_next_task (res://scripts/citizen_agent.gd:213)
       [757] _navigate_to (res://scripts/citizen_agent.gd:222)
       [758] _assign_next_task (res://scripts/citizen_agent.gd:213)
       [759] _navigate_to (res://scripts/citizen_agent.gd:222)
       [760] _assign_next_task (res://scripts/citizen_agent.gd:213)
       [761] _navigate_to (res://scripts/citizen_agent.gd:222)
       [762] _assign_next_task (res://scripts/citizen_agent.gd:213)
       [763] _navigate_to (res://scripts/citizen_agent.gd:222)
       [764] _assign_next_task (res://scripts/citizen_agent.gd:213)
       [765] _navigate_to (res://scripts/citizen_agent.gd:222)
       [766] _assign_next_task (res://scripts/citizen_agent.gd:213)
       [767] _navigate_to (res://scripts/citizen_agent.gd:222)
       [768] _assign_next_task (res://scripts/citizen_agent.gd:213)
       [769] _navigate_to (res://scripts/citizen_agent.gd:222)
       [770] _assign_next_task (res://scripts/citizen_agent.gd:213)
       [771] _navigate_to (res://scripts/citizen_agent.gd:222)
       [772] _assign_next_task (res://scripts/citizen_agent.gd:213)
       [773] _navigate_to (res://scripts/citizen_agent.gd:222)
       [774] _assign_next_task (res://scripts/citizen_agent.gd:213)
       [775] _navigate_to (res://scripts/citizen_agent.gd:222)
       [776] _assign_next_task (res://scripts/citizen_agent.gd:213)
       [777] _navigate_to (res://scripts/citizen_agent.gd:222)
       [778] _assign_next_task (res://scripts/citizen_agent.gd:213)
       [779] _navigate_to (res://scripts/citizen_agent.gd:222)
       [780] _assign_next_task (res://scripts/citizen_agent.gd:213)
       [781] _navigate_to (res://scripts/citizen_agent.gd:222)
       [782] _assign_next_task (res://scripts/citizen_agent.gd:213)
       [783] _navigate_to (res://scripts/citizen_agent.gd:222)
       [784] _assign_next_task (res://scripts/citizen_agent.gd:213)
       [785] _navigate_to (res://scripts/citizen_agent.gd:222)
       [786] _assign_next_task (res://scripts/citizen_agent.gd:213)
       [787] _navigate_to (res://scripts/citizen_agent.gd:222)
       [788] _assign_next_task (res://scripts/citizen_agent.gd:213)
       [789] _navigate_to (res://scripts/citizen_agent.gd:222)
       [790] _assign_next_task (res://scripts/citizen_agent.gd:213)
       [791] _navigate_to (res://scripts/citizen_agent.gd:222)
       [792] _assign_next_task (res://scripts/citizen_agent.gd:213)
       [793] _navigate_to (res://scripts/citizen_agent.gd:222)
       [794] _assign_next_task (res://scripts/citizen_agent.gd:213)
       [795] _navigate_to (res://scripts/citizen_agent.gd:222)
       [796] _assign_next_task (res://scripts/citizen_agent.gd:213)
       [797] _navigate_to (res://scripts/citizen_agent.gd:222)
       [798] _assign_next_task (res://scripts/citizen_agent.gd:213)
       [799] _navigate_to (res://scripts/citizen_agent.gd:222)
       [800] _assign_next_task (res://scripts/citizen_agent.gd:213)
       [801] _navigate_to (res://scripts/citizen_agent.gd:222)
       [802] _assign_next_task (res://scripts/citizen_agent.gd:213)
       [803] _navigate_to (res://scripts/citizen_agent.gd:222)
       [804] _assign_next_task (res://scripts/citizen_agent.gd:213)
       [805] _navigate_to (res://scripts/citizen_agent.gd:222)
       [806] _assign_next_task (res://scripts/citizen_agent.gd:213)
       [807] _navigate_to (res://scripts/citizen_agent.gd:222)
       [808] _assign_next_task (res://scripts/citizen_agent.gd:213)
       [809] _navigate_to (res://scripts/citizen_agent.gd:222)
       [810] _assign_next_task (res://scripts/citizen_agent.gd:213)
       [811] _navigate_to (res://scripts/citizen_agent.gd:222)
       [812] _assign_next_task (res://scripts/citizen_agent.gd:213)
       [813] _navigate_to (res://scripts/citizen_agent.gd:222)
       [814] _assign_next_task (res://scripts/citizen_agent.gd:213)
       [815] _navigate_to (res://scripts/citizen_agent.gd:222)
       [816] _assign_next_task (res://scripts/citizen_agent.gd:213)
       [817] _navigate_to (res://scripts/citizen_agent.gd:222)
       [818] _assign_next_task (res://scripts/citizen_agent.gd:213)
       [819] _navigate_to (res://scripts/citizen_agent.gd:222)
       [820] _assign_next_task (res://scripts/citizen_agent.gd:213)
       [821] _navigate_to (res://scripts/citizen_agent.gd:222)
       [822] _assign_next_task (res://scripts/citizen_agent.gd:213)
       [823] _navigate_to (res://scripts/citizen_agent.gd:222)
       [824] _assign_next_task (res://scripts/citizen_agent.gd:213)
       [825] _navigate_to (res://scripts/citizen_agent.gd:222)
       [826] _assign_next_task (res://scripts/citizen_agent.gd:213)
       [827] _navigate_to (res://scripts/citizen_agent.gd:222)
       [828] _assign_next_task (res://scripts/citizen_agent.gd:213)
       [829] _navigate_to (res://scripts/citizen_agent.gd:222)
       [830] _assign_next_task (res://scripts/citizen_agent.gd:213)
       [831] _navigate_to (res://scripts/citizen_agent.gd:222)
       [832] _assign_next_task (res://scripts/citizen_agent.gd:213)
       [833] _navigate_to (res://scripts/citizen_agent.gd:222)
       [834] _assign_next_task (res://scripts/citizen_agent.gd:213)
       [835] _navigate_to (res://scripts/citizen_agent.gd:222)
       [836] _assign_next_task (res://scripts/citizen_agent.gd:213)
       [837] _navigate_to (res://scripts/citizen_agent.gd:222)
       [838] _assign_next_task (res://scripts/citizen_agent.gd:213)
       [839] _navigate_to (res://scripts/citizen_agent.gd:222)
       [840] _assign_next_task (res://scripts/citizen_agent.gd:213)
       [841] _navigate_to (res://scripts/citizen_agent.gd:222)
       [842] _assign_next_task (res://scripts/citizen_agent.gd:213)
       [843] _navigate_to (res://scripts/citizen_agent.gd:222)
       [844] _assign_next_task (res://scripts/citizen_agent.gd:213)
       [845] _navigate_to (res://scripts/citizen_agent.gd:222)
       [846] _assign_next_task (res://scripts/citizen_agent.gd:213)
       [847] _navigate_to (res://scripts/citizen_agent.gd:222)
       [848] _assign_next_task (res://scripts/citizen_agent.gd:213)
       [849] _navigate_to (res://scripts/citizen_agent.gd:222)
       [850] _assign_next_task (res://scripts/citizen_agent.gd:213)
       [851] _navigate_to (res://scripts/citizen_agent.gd:222)
       [852] _assign_next_task (res://scripts/citizen_agent.gd:213)
       [853] _navigate_to (res://scripts/citizen_agent.gd:222)
       [854] _assign_next_task (res://scripts/citizen_agent.gd:213)
       [855] _navigate_to (res://scripts/citizen_agent.gd:222)
       [856] _assign_next_task (res://scripts/citizen_agent.gd:213)
       [857] _navigate_to (res://scripts/citizen_agent.gd:222)
       [858] _assign_next_task (res://scripts/citizen_agent.gd:213)
       [859] _navigate_to (res://scripts/citizen_agent.gd:222)
       [860] _assign_next_task (res://scripts/citizen_agent.gd:213)
       [861] _navigate_to (res://scripts/citizen_agent.gd:222)
       [862] _assign_next_task (res://scripts/citizen_agent.gd:213)
       [863] _navigate_to (res://scripts/citizen_agent.gd:222)
       [864] _assign_next_task (res://scripts/citizen_agent.gd:213)
       [865] _navigate_to (res://scripts/citizen_agent.gd:222)
       [866] _assign_next_task (res://scripts/citizen_agent.gd:213)
       [867] _navigate_to (res://scripts/citizen_agent.gd:222)
       [868] _assign_next_task (res://scripts/citizen_agent.gd:213)
       [869] _navigate_to (res://scripts/citizen_agent.gd:222)
       [870] _assign_next_task (res://scripts/citizen_agent.gd:213)
       [871] _navigate_to (res://scripts/citizen_agent.gd:222)
       [872] _assign_next_task (res://scripts/citizen_agent.gd:213)
       [873] _navigate_to (res://scripts/citizen_agent.gd:222)
       [874] _assign_next_task (res://scripts/citizen_agent.gd:213)
       [875] _navigate_to (res://scripts/citizen_agent.gd:222)
       [876] _assign_next_task (res://scripts/citizen_agent.gd:213)
       [877] _navigate_to (res://scripts/citizen_agent.gd:222)
       [878] _assign_next_task (res://scripts/citizen_agent.gd:213)
       [879] _navigate_to (res://scripts/citizen_agent.gd:222)
       [880] _assign_next_task (res://scripts/citizen_agent.gd:213)
       [881] _navigate_to (res://scripts/citizen_agent.gd:222)
       [882] _assign_next_task (res://scripts/citizen_agent.gd:213)
       [883] _navigate_to (res://scripts/citizen_agent.gd:222)
       [884] _assign_next_task (res://scripts/citizen_agent.gd:213)
       [885] _navigate_to (res://scripts/citizen_agent.gd:222)
       [886] _assign_next_task (res://scripts/citizen_agent.gd:213)
       [887] _navigate_to (res://scripts/citizen_agent.gd:222)
       [888] _assign_next_task (res://scripts/citizen_agent.gd:213)
       [889] _navigate_to (res://scripts/citizen_agent.gd:222)
       [890] _assign_next_task (res://scripts/citizen_agent.gd:213)
       [891] _navigate_to (res://scripts/citizen_agent.gd:222)
       [892] _assign_next_task (res://scripts/citizen_agent.gd:213)
       [893] _navigate_to (res://scripts/citizen_agent.gd:222)
       [894] _assign_next_task (res://scripts/citizen_agent.gd:213)
       [895] _navigate_to (res://scripts/citizen_agent.gd:222)
       [896] _assign_next_task (res://scripts/citizen_agent.gd:213)
       [897] _navigate_to (res://scripts/citizen_agent.gd:222)
       [898] _assign_next_task (res://scripts/citizen_agent.gd:213)
       [899] _navigate_to (res://scripts/citizen_agent.gd:222)
       [900] _assign_next_task (res://scripts/citizen_agent.gd:213)
       [901] _navigate_to (res://scripts/citizen_agent.gd:222)
       [902] _assign_next_task (res://scripts/citizen_agent.gd:213)
       [903] _navigate_to (res://scripts/citizen_agent.gd:222)
       [904] _assign_next_task (res://scripts/citizen_agent.gd:213)
       [905] _navigate_to (res://scripts/citizen_agent.gd:222)
       [906] _assign_next_task (res://scripts/citizen_agent.gd:213)
       [907] _navigate_to (res://scripts/citizen_agent.gd:222)
       [908] _assign_next_task (res://scripts/citizen_agent.gd:213)
       [909] _navigate_to (res://scripts/citizen_agent.gd:222)
       [910] _assign_next_task (res://scripts/citizen_agent.gd:213)
       [911] _navigate_to (res://scripts/citizen_agent.gd:222)
       [912] _assign_next_task (res://scripts/citizen_agent.gd:213)
       [913] _navigate_to (res://scripts/citizen_agent.gd:222)
       [914] _assign_next_task (res://scripts/citizen_agent.gd:213)
       [915] _navigate_to (res://scripts/citizen_agent.gd:222)
       [916] _assign_next_task (res://scripts/citizen_agent.gd:213)
       [917] _navigate_to (res://scripts/citizen_agent.gd:222)
       [918] _assign_next_task (res://scripts/citizen_agent.gd:213)
       [919] _navigate_to (res://scripts/citizen_agent.gd:222)
       [920] _assign_next_task (res://scripts/citizen_agent.gd:213)
       [921] _navigate_to (res://scripts/citizen_agent.gd:222)
       [922] _assign_next_task (res://scripts/citizen_agent.gd:213)
       [923] _navigate_to (res://scripts/citizen_agent.gd:222)
       [924] _assign_next_task (res://scripts/citizen_agent.gd:213)
       [925] _navigate_to (res://scripts/citizen_agent.gd:222)
       [926] _assign_next_task (res://scripts/citizen_agent.gd:213)
       [927] _navigate_to (res://scripts/citizen_agent.gd:222)
       [928] _assign_next_task (res://scripts/citizen_agent.gd:213)
       [929] _navigate_to (res://scripts/citizen_agent.gd:222)
       [930] _assign_next_task (res://scripts/citizen_agent.gd:213)
       [931] _navigate_to (res://scripts/citizen_agent.gd:222)
       [932] _assign_next_task (res://scripts/citizen_agent.gd:213)
       [933] _navigate_to (res://scripts/citizen_agent.gd:222)
       [934] _assign_next_task (res://scripts/citizen_agent.gd:213)
       [935] _navigate_to (res://scripts/citizen_agent.gd:222)
       [936] _assign_next_task (res://scripts/citizen_agent.gd:213)
       [937] _navigate_to (res://scripts/citizen_agent.gd:222)
       [938] _assign_next_task (res://scripts/citizen_agent.gd:213)
       [939] _navigate_to (res://scripts/citizen_agent.gd:222)
       [940] _assign_next_task (res://scripts/citizen_agent.gd:213)
       [941] _navigate_to (res://scripts/citizen_agent.gd:222)
       [942] _assign_next_task (res://scripts/citizen_agent.gd:213)
       [943] _navigate_to (res://scripts/citizen_agent.gd:222)
       [944] _assign_next_task (res://scripts/citizen_agent.gd:213)
       [945] _navigate_to (res://scripts/citizen_agent.gd:222)
       [946] _assign_next_task (res://scripts/citizen_agent.gd:213)
       [947] _navigate_to (res://scripts/citizen_agent.gd:222)
       [948] _assign_next_task (res://scripts/citizen_agent.gd:213)
       [949] _navigate_to (res://scripts/citizen_agent.gd:222)
       [950] _assign_next_task (res://scripts/citizen_agent.gd:213)
       [951] _navigate_to (res://scripts/citizen_agent.gd:222)
       [952] _assign_next_task (res://scripts/citizen_agent.gd:213)
       [953] _navigate_to (res://scripts/citizen_agent.gd:222)
       [954] _assign_next_task (res://scripts/citizen_agent.gd:213)
       [955] _navigate_to (res://scripts/citizen_agent.gd:222)
       [956] _assign_next_task (res://scripts/citizen_agent.gd:213)
       [957] _navigate_to (res://scripts/citizen_agent.gd:222)
       [958] _assign_next_task (res://scripts/citizen_agent.gd:213)
       [959] _navigate_to (res://scripts/citizen_agent.gd:222)
       [960] _assign_next_task (res://scripts/citizen_agent.gd:213)
       [961] _navigate_to (res://scripts/citizen_agent.gd:222)
       [962] _assign_next_task (res://scripts/citizen_agent.gd:213)
       [963] _navigate_to (res://scripts/citizen_agent.gd:222)
       [964] _assign_next_task (res://scripts/citizen_agent.gd:213)
       [965] _navigate_to (res://scripts/citizen_agent.gd:222)
       [966] _assign_next_task (res://scripts/citizen_agent.gd:213)
       [967] _navigate_to (res://scripts/citizen_agent.gd:222)
       [968] _assign_next_task (res://scripts/citizen_agent.gd:213)
       [969] _navigate_to (res://scripts/citizen_agent.gd:222)
       [970] _assign_next_task (res://scripts/citizen_agent.gd:213)
       [971] _navigate_to (res://scripts/citizen_agent.gd:222)
       [972] _assign_next_task (res://scripts/citizen_agent.gd:213)
       [973] _navigate_to (res://scripts/citizen_agent.gd:222)
       [974] _assign_next_task (res://scripts/citizen_agent.gd:213)
       [975] _navigate_to (res://scripts/citizen_agent.gd:222)
       [976] _assign_next_task (res://scripts/citizen_agent.gd:213)
       [977] _navigate_to (res://scripts/citizen_agent.gd:222)
       [978] _assign_next_task (res://scripts/citizen_agent.gd:213)
       [979] _navigate_to (res://scripts/citizen_agent.gd:222)
       [980] _assign_next_task (res://scripts/citizen_agent.gd:213)
       [981] _navigate_to (res://scripts/citizen_agent.gd:222)
       [982] _assign_next_task (res://scripts/citizen_agent.gd:213)
       [983] _navigate_to (res://scripts/citizen_agent.gd:222)
       [984] _assign_next_task (res://scripts/citizen_agent.gd:213)
       [985] _navigate_to (res://scripts/citizen_agent.gd:222)
       [986] _assign_next_task (res://scripts/citizen_agent.gd:213)
       [987] _navigate_to (res://scripts/citizen_agent.gd:222)
       [988] _assign_next_task (res://scripts/citizen_agent.gd:213)
       [989] _navigate_to (res://scripts/citizen_agent.gd:222)
       [990] _assign_next_task (res://scripts/citizen_agent.gd:213)
       [991] _navigate_to (res://scripts/citizen_agent.gd:222)
       [992] _assign_next_task (res://scripts/citizen_agent.gd:213)
       [993] _navigate_to (res://scripts/citizen_agent.gd:222)
       [994] _assign_next_task (res://scripts/citizen_agent.gd:213)
       [995] _navigate_to (res://scripts/citizen_agent.gd:222)
       [996] _assign_next_task (res://scripts/citizen_agent.gd:213)
       [997] _navigate_to (res://scripts/citizen_agent.gd:222)
       [998] _assign_next_task (res://scripts/citizen_agent.gd:213)
       [999] _navigate_to (res://scripts/citizen_agent.gd:222)
       [1000] _assign_next_task (res://scripts/citizen_agent.gd:213)
       [1001] _navigate_to (res://scripts/citizen_agent.gd:222)
       [1002] _assign_next_task (res://scripts/citizen_agent.gd:213)
       [1003] _navigate_to (res://scripts/citizen_agent.gd:222)
       [1004] _assign_next_task (res://scripts/citizen_agent.gd:213)
       [1005] _navigate_to (res://scripts/citizen_agent.gd:222)
       [1006] _assign_next_task (res://scripts/citizen_agent.gd:213)
       [1007] _navigate_to (res://scripts/citizen_agent.gd:222)
       [1008] _assign_next_task (res://scripts/citizen_agent.gd:213)
       [1009] _navigate_to (res://scripts/citizen_agent.gd:222)
       [1010] _assign_next_task (res://scripts/citizen_agent.gd:213)
       [1011] _navigate_to (res://scripts/citizen_agent.gd:222)
       [1012] _assign_next_task (res://scripts/citizen_agent.gd:213)
       [1013] _navigate_to (res://scripts/citizen_agent.gd:222)
       [1014] _assign_next_task (res://scripts/citizen_agent.gd:213)
       [1015] _navigate_to (res://scripts/citizen_agent.gd:222)
       [1016] _assign_next_task (res://scripts/citizen_agent.gd:213)
       [1017] _navigate_to (res://scripts/citizen_agent.gd:222)
       [1018] _assign_next_task (res://scripts/citizen_agent.gd:213)
       [1019] _navigate_to (res://scripts/citizen_agent.gd:222)
       [1020] _assign_next_task (res://scripts/citizen_agent.gd:213)
       [1021] _process (res://scripts/citizen_agent.gd:66)
       [1022] step (res://scripts/civilization_simulation.gd:127)
       [1023] run (res://scripts/poc45_fast_test.gd:177)
SCRIPT ERROR: Stack overflow. Check for infinite recursion in your script.
   at: requirements (res://scripts/construction_system.gd:54)
   GDScript backtrace (most recent call first):
       [0] status (res://scripts/construction_system.gd:166)
       [1] _update_project_ui (res://scripts/pipeline_proof.gd:1615)
       [2] _update_population_ui (res://scripts/pipeline_proof.gd:1589)
       [3] _on_task_board_updated (res://scripts/pipeline_proof.gd:1604)
       [4] fail_task (res://scripts/task_coordinator.gd:137)
       [5] _assign_next_task (res://scripts/citizen_agent.gd:213)
       [6] _assign_next_task (res://scripts/citizen_agent.gd:213)
       [7] _navigate_to (res://scripts/citizen_agent.gd:222)
       [8] _assign_next_task (res://scripts/citizen_agent.gd:213)
       [9] _navigate_to (res://scripts/citizen_agent.gd:222)
       [10] _assign_next_task (res://scripts/citizen_agent.gd:213)
       [11] _navigate_to (res://scripts/citizen_agent.gd:222)
       [12] _assign_next_task (res://scripts/citizen_agent.gd:213)
       [13] _navigate_to (res://scripts/citizen_agent.gd:222)
       [14] _assign_next_task (res://scripts/citizen_agent.gd:213)
       [15] _navigate_to (res://scripts/citizen_agent.gd:222)
       [16] _assign_next_task (res://scripts/citizen_agent.gd:213)
       [17] _navigate_to (res://scripts/citizen_agent.gd:222)
       [18] _assign_next_task (res://scripts/citizen_agent.gd:213)
       [19] _navigate_to (res://scripts/citizen_agent.gd:222)
       [20] _assign_next_task (res://scripts/citizen_agent.gd:213)
       [21] _navigate_to (res://scripts/citizen_agent.gd:222)
       [22] _assign_next_task (res://scripts/citizen_agent.gd:213)
       [23] _navigate_to (res://scripts/citizen_agent.gd:222)
       [24] _assign_next_task (res://scripts/citizen_agent.gd:213)
       [25] _navigate_to (res://scripts/citizen_agent.gd:222)
       [26] _assign_next_task (res://scripts/citizen_agent.gd:213)
       [27] _navigate_to (res://scripts/citizen_agent.gd:222)
       [28] _assign_next_task (res://scripts/citizen_agent.gd:213)
       [29] _navigate_to (res://scripts/citizen_agent.gd:222)
       [30] _assign_next_task (res://scripts/citizen_agent.gd:213)
       [31] _navigate_to (res://scripts/citizen_agent.gd:222)
       [32] _assign_next_task (res://scripts/citizen_agent.gd:213)
       [33] _navigate_to (res://scripts/citizen_agent.gd:222)
       [34] _assign_next_task (res://scripts/citizen_agent.gd:213)
       [35] _navigate_to (res://scripts/citizen_agent.gd:222)
       [36] _assign_next_task (res://scripts/citizen_agent.gd:213)
       [37] _navigate_to (res://scripts/citizen_agent.gd:222)
       [38] _assign_next_task (res://scripts/citizen_agent.gd:213)
       [39] _navigate_to (res://scripts/citizen_agent.gd:222)
       [40] _assign_next_task (res://scripts/citizen_agent.gd:213)
       [41] _navigate_to (res://scripts/citizen_agent.gd:222)
       [42] _assign_next_task (res://scripts/citizen_agent.gd:213)
       [43] _navigate_to (res://scripts/citizen_agent.gd:222)
       [44] _assign_next_task (res://scripts/citizen_agent.gd:213)
       [45] _navigate_to (res://scripts/citizen_agent.gd:222)
       [46] _assign_next_task (res://scripts/citizen_agent.gd:213)
       [47] _navigate_to (res://scripts/citizen_agent.gd:222)
       [48] _assign_next_task (res://scripts/citizen_agent.gd:213)
       [49] _navigate_to (res://scripts/citizen_agent.gd:222)
       [50] _assign_next_task (res://scripts/citizen_agent.gd:213)
       [51] _navigate_to (res://scripts/citizen_agent.gd:222)
       [52] _assign_next_task (res://scripts/citizen_agent.gd:213)
       [53] _navigate_to (res://scripts/citizen_agent.gd:222)
       [54] _assign_next_task (res://scripts/citizen_agent.gd:213)
       [55] _navigate_to (res://scripts/citizen_agent.gd:222)
       [56] _assign_next_task (res://scripts/citizen_agent.gd:213)
       [57] _navigate_to (res://scripts/citizen_agent.gd:222)
       [58] _assign_next_task (res://scripts/citizen_agent.gd:213)
       [59] _navigate_to (res://scripts/citizen_agent.gd:222)
       [60] _assign_next_task (res://scripts/citizen_agent.gd:213)
       [61] _navigate_to (res://scripts/citizen_agent.gd:222)
       [62] _assign_next_task (res://scripts/citizen_agent.gd:213)
       [63] _navigate_to (res://scripts/citizen_agent.gd:222)
       [64] _assign_next_task (res://scripts/citizen_agent.gd:213)
       [65] _navigate_to (res://scripts/citizen_agent.gd:222)
       [66] _assign_next_task (res://scripts/citizen_agent.gd:213)
       [67] _navigate_to (res://scripts/citizen_agent.gd:222)
       [68] _assign_next_task (res://scripts/citizen_agent.gd:213)
       [69] _navigate_to (res://scripts/citizen_agent.gd:222)
       [70] _assign_next_task (res://scripts/citizen_agent.gd:213)
       [71] _navigate_to (res://scripts/citizen_agent.gd:222)
       [72] _assign_next_task (res://scripts/citizen_agent.gd:213)
       [73] _navigate_to (res://scripts/citizen_agent.gd:222)
       [74] _assign_next_task (res://scripts/citizen_agent.gd:213)
       [75] _navigate_to (res://scripts/citizen_agent.gd:222)
       [76] _assign_next_task (res://scripts/citizen_agent.gd:213)
       [77] _navigate_to (res://scripts/citizen_agent.gd:222)
       [78] _assign_next_task (res://scripts/citizen_agent.gd:213)
       [79] _navigate_to (res://scripts/citizen_agent.gd:222)
       [80] _assign_next_task (res://scripts/citizen_agent.gd:213)
       [81] _navigate_to (res://scripts/citizen_agent.gd:222)
       [82] _assign_next_task (res://scripts/citizen_agent.gd:213)
       [83] _navigate_to (res://scripts/citizen_agent.gd:222)
       [84] _assign_next_task (res://scripts/citizen_agent.gd:213)
       [85] _navigate_to (res://scripts/citizen_agent.gd:222)
       [86] _assign_next_task (res://scripts/citizen_agent.gd:213)
       [87] _navigate_to (res://scripts/citizen_agent.gd:222)
       [88] _assign_next_task (res://scripts/citizen_agent.gd:213)
       [89] _navigate_to (res://scripts/citizen_agent.gd:222)
       [90] _assign_next_task (res://scripts/citizen_agent.gd:213)
       [91] _navigate_to (res://scripts/citizen_agent.gd:222)
       [92] _assign_next_task (res://scripts/citizen_agent.gd:213)
       [93] _navigate_to (res://scripts/citizen_agent.gd:222)
       [94] _assign_next_task (res://scripts/citizen_agent.gd:213)
       [95] _navigate_to (res://scripts/citizen_agent.gd:222)
       [96] _assign_next_task (res://scripts/citizen_agent.gd:213)
       [97] _navigate_to (res://scripts/citizen_agent.gd:222)
       [98] _assign_next_task (res://scripts/citizen_agent.gd:213)
       [99] _navigate_to (res://scripts/citizen_agent.gd:222)
       [100] _assign_next_task (res://scripts/citizen_agent.gd:213)
       [101] _navigate_to (res://scripts/citizen_agent.gd:222)
       [102] _assign_next_task (res://scripts/citizen_agent.gd:213)
       [103] _navigate_to (res://scripts/citizen_agent.gd:222)
       [104] _assign_next_task (res://scripts/citizen_agent.gd:213)
       [105] _navigate_to (res://scripts/citizen_agent.gd:222)
       [106] _assign_next_task (res://scripts/citizen_agent.gd:213)
       [107] _navigate_to (res://scripts/citizen_agent.gd:222)
       [108] _assign_next_task (res://scripts/citizen_agent.gd:213)
       [109] _navigate_to (res://scripts/citizen_agent.gd:222)
       [110] _assign_next_task (res://scripts/citizen_agent.gd:213)
       [111] _navigate_to (res://scripts/citizen_agent.gd:222)
       [112] _assign_next_task (res://scripts/citizen_agent.gd:213)
       [113] _navigate_to (res://scripts/citizen_agent.gd:222)
       [114] _assign_next_task (res://scripts/citizen_agent.gd:213)
       [115] _navigate_to (res://scripts/citizen_agent.gd:222)
       [116] _assign_next_task (res://scripts/citizen_agent.gd:213)
       [117] _navigate_to (res://scripts/citizen_agent.gd:222)
       [118] _assign_next_task (res://scripts/citizen_agent.gd:213)
       [119] _navigate_to (res://scripts/citizen_agent.gd:222)
       [120] _assign_next_task (res://scripts/citizen_agent.gd:213)
       [121] _navigate_to (res://scripts/citizen_agent.gd:222)
       [122] _assign_next_task (res://scripts/citizen_agent.gd:213)
       [123] _navigate_to (res://scripts/citizen_agent.gd:222)
       [124] _assign_next_task (res://scripts/citizen_agent.gd:213)
       [125] _navigate_to (res://scripts/citizen_agent.gd:222)
       [126] _assign_next_task (res://scripts/citizen_agent.gd:213)
       [127] _navigate_to (res://scripts/citizen_agent.gd:222)
       [128] _assign_next_task (res://scripts/citizen_agent.gd:213)
       [129] _navigate_to (res://scripts/citizen_agent.gd:222)
       [130] _assign_next_task (res://scripts/citizen_agent.gd:213)
       [131] _navigate_to (res://scripts/citizen_agent.gd:222)
       [132] _assign_next_task (res://scripts/citizen_agent.gd:213)
       [133] _navigate_to (res://scripts/citizen_agent.gd:222)
       [134] _assign_next_task (res://scripts/citizen_agent.gd:213)
       [135] _navigate_to (res://scripts/citizen_agent.gd:222)
       [136] _assign_next_task (res://scripts/citizen_agent.gd:213)
       [137] _navigate_to (res://scripts/citizen_agent.gd:222)
       [138] _assign_next_task (res://scripts/citizen_agent.gd:213)
       [139] _navigate_to (res://scripts/citizen_agent.gd:222)
       [140] _assign_next_task (res://scripts/citizen_agent.gd:213)
       [141] _navigate_to (res://scripts/citizen_agent.gd:222)
       [142] _assign_next_task (res://scripts/citizen_agent.gd:213)
       [143] _navigate_to (res://scripts/citizen_agent.gd:222)
       [144] _assign_next_task (res://scripts/citizen_agent.gd:213)
       [145] _navigate_to (res://scripts/citizen_agent.gd:222)
       [146] _assign_next_task (res://scripts/citizen_agent.gd:213)
       [147] _navigate_to (res://scripts/citizen_agent.gd:222)
       [148] _assign_next_task (res://scripts/citizen_agent.gd:213)
       [149] _navigate_to (res://scripts/citizen_agent.gd:222)
       [150] _assign_next_task (res://scripts/citizen_agent.gd:213)
       [151] _navigate_to (res://scripts/citizen_agent.gd:222)
       [152] _assign_next_task (res://scripts/citizen_agent.gd:213)
       [153] _navigate_to (res://scripts/citizen_agent.gd:222)
       [154] _assign_next_task (res://scripts/citizen_agent.gd:213)
       [155] _navigate_to (res://scripts/citizen_agent.gd:222)
       [156] _assign_next_task (res://scripts/citizen_agent.gd:213)
       [157] _navigate_to (res://scripts/citizen_agent.gd:222)
       [158] _assign_next_task (res://scripts/citizen_agent.gd:213)
       [159] _navigate_to (res://scripts/citizen_agent.gd:222)
       [160] _assign_next_task (res://scripts/citizen_agent.gd:213)
       [161] _navigate_to (res://scripts/citizen_agent.gd:222)
       [162] _assign_next_task (res://scripts/citizen_agent.gd:213)
       [163] _navigate_to (res://scripts/citizen_agent.gd:222)
       [164] _assign_next_task (res://scripts/citizen_agent.gd:213)
       [165] _navigate_to (res://scripts/citizen_agent.gd:222)
       [166] _assign_next_task (res://scripts/citizen_agent.gd:213)
       [167] _navigate_to (res://scripts/citizen_agent.gd:222)
       [168] _assign_next_task (res://scripts/citizen_agent.gd:213)
       [169] _navigate_to (res://scripts/citizen_agent.gd:222)
       [170] _assign_next_task (res://scripts/citizen_agent.gd:213)
       [171] _navigate_to (res://scripts/citizen_agent.gd:222)
       [172] _assign_next_task (res://scripts/citizen_agent.gd:213)
       [173] _navigate_to (res://scripts/citizen_agent.gd:222)
       [174] _assign_next_task (res://scripts/citizen_agent.gd:213)
       [175] _navigate_to (res://scripts/citizen_agent.gd:222)
       [176] _assign_next_task (res://scripts/citizen_agent.gd:213)
       [177] _navigate_to (res://scripts/citizen_agent.gd:222)
       [178] _assign_next_task (res://scripts/citizen_agent.gd:213)
       [179] _navigate_to (res://scripts/citizen_agent.gd:222)
       [180] _assign_next_task (res://scripts/citizen_agent.gd:213)
       [181] _navigate_to (res://scripts/citizen_agent.gd:222)
       [182] _assign_next_task (res://scripts/citizen_agent.gd:213)
       [183] _navigate_to (res://scripts/citizen_agent.gd:222)
       [184] _assign_next_task (res://scripts/citizen_agent.gd:213)
       [185] _navigate_to (res://scripts/citizen_agent.gd:222)
       [186] _assign_next_task (res://scripts/citizen_agent.gd:213)
       [187] _navigate_to (res://scripts/citizen_agent.gd:222)
       [188] _assign_next_task (res://scripts/citizen_agent.gd:213)
       [189] _navigate_to (res://scripts/citizen_agent.gd:222)
       [190] _assign_next_task (res://scripts/citizen_agent.gd:213)
       [191] _navigate_to (res://scripts/citizen_agent.gd:222)
       [192] _assign_next_task (res://scripts/citizen_agent.gd:213)
       [193] _navigate_to (res://scripts/citizen_agent.gd:222)
       [194] _assign_next_task (res://scripts/citizen_agent.gd:213)
       [195] _navigate_to (res://scripts/citizen_agent.gd:222)
       [196] _assign_next_task (res://scripts/citizen_agent.gd:213)
       [197] _navigate_to (res://scripts/citizen_agent.gd:222)
       [198] _assign_next_task (res://scripts/citizen_agent.gd:213)
       [199] _navigate_to (res://scripts/citizen_agent.gd:222)
       [200] _assign_next_task (res://scripts/citizen_agent.gd:213)
       [201] _navigate_to (res://scripts/citizen_agent.gd:222)
       [202] _assign_next_task (res://scripts/citizen_agent.gd:213)
       [203] _navigate_to (res://scripts/citizen_agent.gd:222)
       [204] _assign_next_task (res://scripts/citizen_agent.gd:213)
       [205] _navigate_to (res://scripts/citizen_agent.gd:222)
       [206] _assign_next_task (res://scripts/citizen_agent.gd:213)
       [207] _navigate_to (res://scripts/citizen_agent.gd:222)
       [208] _assign_next_task (res://scripts/citizen_agent.gd:213)
       [209] _navigate_to (res://scripts/citizen_agent.gd:222)
       [210] _assign_next_task (res://scripts/citizen_agent.gd:213)
       [211] _navigate_to (res://scripts/citizen_agent.gd:222)
       [212] _assign_next_task (res://scripts/citizen_agent.gd:213)
       [213] _navigate_to (res://scripts/citizen_agent.gd:222)
       [214] _assign_next_task (res://scripts/citizen_agent.gd:213)
       [215] _navigate_to (res://scripts/citizen_agent.gd:222)
       [216] _assign_next_task (res://scripts/citizen_agent.gd:213)
       [217] _navigate_to (res://scripts/citizen_agent.gd:222)
       [218] _assign_next_task (res://scripts/citizen_agent.gd:213)
       [219] _navigate_to (res://scripts/citizen_agent.gd:222)
       [220] _assign_next_task (res://scripts/citizen_agent.gd:213)
       [221] _navigate_to (res://scripts/citizen_agent.gd:222)
       [222] _assign_next_task (res://scripts/citizen_agent.gd:213)
       [223] _navigate_to (res://scripts/citizen_agent.gd:222)
       [224] _assign_next_task (res://scripts/citizen_agent.gd:213)
       [225] _navigate_to (res://scripts/citizen_agent.gd:222)
       [226] _assign_next_task (res://scripts/citizen_agent.gd:213)
       [227] _navigate_to (res://scripts/citizen_agent.gd:222)
       [228] _assign_next_task (res://scripts/citizen_agent.gd:213)
       [229] _navigate_to (res://scripts/citizen_agent.gd:222)
       [230] _assign_next_task (res://scripts/citizen_agent.gd:213)
       [231] _navigate_to (res://scripts/citizen_agent.gd:222)
       [232] _assign_next_task (res://scripts/citizen_agent.gd:213)
       [233] _navigate_to (res://scripts/citizen_agent.gd:222)
       [234] _assign_next_task (res://scripts/citizen_agent.gd:213)
       [235] _navigate_to (res://scripts/citizen_agent.gd:222)
       [236] _assign_next_task (res://scripts/citizen_agent.gd:213)
       [237] _navigate_to (res://scripts/citizen_agent.gd:222)
       [238] _assign_next_task (res://scripts/citizen_agent.gd:213)
       [239] _navigate_to (res://scripts/citizen_agent.gd:222)
       [240] _assign_next_task (res://scripts/citizen_agent.gd:213)
       [241] _navigate_to (res://scripts/citizen_agent.gd:222)
       [242] _assign_next_task (res://scripts/citizen_agent.gd:213)
       [243] _navigate_to (res://scripts/citizen_agent.gd:222)
       [244] _assign_next_task (res://scripts/citizen_agent.gd:213)
       [245] _navigate_to (res://scripts/citizen_agent.gd:222)
       [246] _assign_next_task (res://scripts/citizen_agent.gd:213)
       [247] _navigate_to (res://scripts/citizen_agent.gd:222)
       [248] _assign_next_task (res://scripts/citizen_agent.gd:213)
       [249] _navigate_to (res://scripts/citizen_agent.gd:222)
       [250] _assign_next_task (res://scripts/citizen_agent.gd:213)
       [251] _navigate_to (res://scripts/citizen_agent.gd:222)
       [252] _assign_next_task (res://scripts/citizen_agent.gd:213)
       [253] _navigate_to (res://scripts/citizen_agent.gd:222)
       [254] _assign_next_task (res://scripts/citizen_agent.gd:213)
       [255] _navigate_to (res://scripts/citizen_agent.gd:222)
       [256] _assign_next_task (res://scripts/citizen_agent.gd:213)
       [257] _navigate_to (res://scripts/citizen_agent.gd:222)
       [258] _assign_next_task (res://scripts/citizen_agent.gd:213)
       [259] _navigate_to (res://scripts/citizen_agent.gd:222)
       [260] _assign_next_task (res://scripts/citizen_agent.gd:213)
       [261] _navigate_to (res://scripts/citizen_agent.gd:222)
       [262] _assign_next_task (res://scripts/citizen_agent.gd:213)
       [263] _navigate_to (res://scripts/citizen_agent.gd:222)
       [264] _assign_next_task (res://scripts/citizen_agent.gd:213)
       [265] _navigate_to (res://scripts/citizen_agent.gd:222)
       [266] _assign_next_task (res://scripts/citizen_agent.gd:213)
       [267] _navigate_to (res://scripts/citizen_agent.gd:222)
       [268] _assign_next_task (res://scripts/citizen_agent.gd:213)
       [269] _navigate_to (res://scripts/citizen_agent.gd:222)
       [270] _assign_next_task (res://scripts/citizen_agent.gd:213)
       [271] _navigate_to (res://scripts/citizen_agent.gd:222)
       [272] _assign_next_task (res://scripts/citizen_agent.gd:213)
       [273] _navigate_to (res://scripts/citizen_agent.gd:222)
       [274] _assign_next_task (res://scripts/citizen_agent.gd:213)
       [275] _navigate_to (res://scripts/citizen_agent.gd:222)
       [276] _assign_next_task (res://scripts/citizen_agent.gd:213)
       [277] _navigate_to (res://scripts/citizen_agent.gd:222)
       [278] _assign_next_task (res://scripts/citizen_agent.gd:213)
       [279] _navigate_to (res://scripts/citizen_agent.gd:222)
       [280] _assign_next_task (res://scripts/citizen_agent.gd:213)
       [281] _navigate_to (res://scripts/citizen_agent.gd:222)
       [282] _assign_next_task (res://scripts/citizen_agent.gd:213)
       [283] _navigate_to (res://scripts/citizen_agent.gd:222)
       [284] _assign_next_task (res://scripts/citizen_agent.gd:213)
       [285] _navigate_to (res://scripts/citizen_agent.gd:222)
       [286] _assign_next_task (res://scripts/citizen_agent.gd:213)
       [287] _navigate_to (res://scripts/citizen_agent.gd:222)
       [288] _assign_next_task (res://scripts/citizen_agent.gd:213)
       [289] _navigate_to (res://scripts/citizen_agent.gd:222)
       [290] _assign_next_task (res://scripts/citizen_agent.gd:213)
       [291] _navigate_to (res://scripts/citizen_agent.gd:222)
       [292] _assign_next_task (res://scripts/citizen_agent.gd:213)
       [293] _navigate_to (res://scripts/citizen_agent.gd:222)
       [294] _assign_next_task (res://scripts/citizen_agent.gd:213)
       [295] _navigate_to (res://scripts/citizen_agent.gd:222)
       [296] _assign_next_task (res://scripts/citizen_agent.gd:213)
       [297] _navigate_to (res://scripts/citizen_agent.gd:222)
       [298] _assign_next_task (res://scripts/citizen_agent.gd:213)
       [299] _navigate_to (res://scripts/citizen_agent.gd:222)
       [300] _assign_next_task (res://scripts/citizen_agent.gd:213)
       [301] _navigate_to (res://scripts/citizen_agent.gd:222)
       [302] _assign_next_task (res://scripts/citizen_agent.gd:213)
       [303] _navigate_to (res://scripts/citizen_agent.gd:222)
       [304] _assign_next_task (res://scripts/citizen_agent.gd:213)
       [305] _navigate_to (res://scripts/citizen_agent.gd:222)
       [306] _assign_next_task (res://scripts/citizen_agent.gd:213)
       [307] _navigate_to (res://scripts/citizen_agent.gd:222)
       [308] _assign_next_task (res://scripts/citizen_agent.gd:213)
       [309] _navigate_to (res://scripts/citizen_agent.gd:222)
       [310] _assign_next_task (res://scripts/citizen_agent.gd:213)
       [311] _navigate_to (res://scripts/citizen_agent.gd:222)
       [312] _assign_next_task (res://scripts/citizen_agent.gd:213)
       [313] _navigate_to (res://scripts/citizen_agent.gd:222)
       [314] _assign_next_task (res://scripts/citizen_agent.gd:213)
       [315] _navigate_to (res://scripts/citizen_agent.gd:222)
       [316] _assign_next_task (res://scripts/citizen_agent.gd:213)
       [317] _navigate_to (res://scripts/citizen_agent.gd:222)
       [318] _assign_next_task (res://scripts/citizen_agent.gd:213)
       [319] _navigate_to (res://scripts/citizen_agent.gd:222)
       [320] _assign_next_task (res://scripts/citizen_agent.gd:213)
       [321] _navigate_to (res://scripts/citizen_agent.gd:222)
       [322] _assign_next_task (res://scripts/citizen_agent.gd:213)
       [323] _navigate_to (res://scripts/citizen_agent.gd:222)
       [324] _assign_next_task (res://scripts/citizen_agent.gd:213)
       [325] _navigate_to (res://scripts/citizen_agent.gd:222)
       [326] _assign_next_task (res://scripts/citizen_agent.gd:213)
       [327] _navigate_to (res://scripts/citizen_agent.gd:222)
       [328] _assign_next_task (res://scripts/citizen_agent.gd:213)
       [329] _navigate_to (res://scripts/citizen_agent.gd:222)
       [330] _assign_next_task (res://scripts/citizen_agent.gd:213)
       [331] _navigate_to (res://scripts/citizen_agent.gd:222)
       [332] _assign_next_task (res://scripts/citizen_agent.gd:213)
       [333] _navigate_to (res://scripts/citizen_agent.gd:222)
       [334] _assign_next_task (res://scripts/citizen_agent.gd:213)
       [335] _navigate_to (res://scripts/citizen_agent.gd:222)
       [336] _assign_next_task (res://scripts/citizen_agent.gd:213)
       [337] _navigate_to (res://scripts/citizen_agent.gd:222)
       [338] _assign_next_task (res://scripts/citizen_agent.gd:213)
       [339] _navigate_to (res://scripts/citizen_agent.gd:222)
       [340] _assign_next_task (res://scripts/citizen_agent.gd:213)
       [341] _navigate_to (res://scripts/citizen_agent.gd:222)
       [342] _assign_next_task (res://scripts/citizen_agent.gd:213)
       [343] _navigate_to (res://scripts/citizen_agent.gd:222)
       [344] _assign_next_task (res://scripts/citizen_agent.gd:213)
       [345] _navigate_to (res://scripts/citizen_agent.gd:222)
       [346] _assign_next_task (res://scripts/citizen_agent.gd:213)
       [347] _navigate_to (res://scripts/citizen_agent.gd:222)
       [348] _assign_next_task (res://scripts/citizen_agent.gd:213)
       [349] _navigate_to (res://scripts/citizen_agent.gd:222)
       [350] _assign_next_task (res://scripts/citizen_agent.gd:213)
       [351] _navigate_to (res://scripts/citizen_agent.gd:222)
       [352] _assign_next_task (res://scripts/citizen_agent.gd:213)
       [353] _navigate_to (res://scripts/citizen_agent.gd:222)
       [354] _assign_next_task (res://scripts/citizen_agent.gd:213)
       [355] _navigate_to (res://scripts/citizen_agent.gd:222)
       [356] _assign_next_task (res://scripts/citizen_agent.gd:213)
       [357] _navigate_to (res://scripts/citizen_agent.gd:222)
       [358] _assign_next_task (res://scripts/citizen_agent.gd:213)
       [359] _navigate_to (res://scripts/citizen_agent.gd:222)
       [360] _assign_next_task (res://scripts/citizen_agent.gd:213)
       [361] _navigate_to (res://scripts/citizen_agent.gd:222)
       [362] _assign_next_task (res://scripts/citizen_agent.gd:213)
       [363] _navigate_to (res://scripts/citizen_agent.gd:222)
       [364] _assign_next_task (res://scripts/citizen_agent.gd:213)
       [365] _navigate_to (res://scripts/citizen_agent.gd:222)
       [366] _assign_next_task (res://scripts/citizen_agent.gd:213)
       [367] _navigate_to (res://scripts/citizen_agent.gd:222)
       [368] _assign_next_task (res://scripts/citizen_agent.gd:213)
       [369] _navigate_to (res://scripts/citizen_agent.gd:222)
       [370] _assign_next_task (res://scripts/citizen_agent.gd:213)
       [371] _navigate_to (res://scripts/citizen_agent.gd:222)
       [372] _assign_next_task (res://scripts/citizen_agent.gd:213)
       [373] _navigate_to (res://scripts/citizen_agent.gd:222)
       [374] _assign_next_task (res://scripts/citizen_agent.gd:213)
       [375] _navigate_to (res://scripts/citizen_agent.gd:222)
       [376] _assign_next_task (res://scripts/citizen_agent.gd:213)
       [377] _navigate_to (res://scripts/citizen_agent.gd:222)
       [378] _assign_next_task (res://scripts/citizen_agent.gd:213)
       [379] _navigate_to (res://scripts/citizen_agent.gd:222)
       [380] _assign_next_task (res://scripts/citizen_agent.gd:213)
       [381] _navigate_to (res://scripts/citizen_agent.gd:222)
       [382] _assign_next_task (res://scripts/citizen_agent.gd:213)
       [383] _navigate_to (res://scripts/citizen_agent.gd:222)
       [384] _assign_next_task (res://scripts/citizen_agent.gd:213)
       [385] _navigate_to (res://scripts/citizen_agent.gd:222)
       [386] _assign_next_task (res://scripts/citizen_agent.gd:213)
       [387] _navigate_to (res://scripts/citizen_agent.gd:222)
       [388] _assign_next_task (res://scripts/citizen_agent.gd:213)
       [389] _navigate_to (res://scripts/citizen_agent.gd:222)
       [390] _assign_next_task (res://scripts/citizen_agent.gd:213)
       [391] _navigate_to (res://scripts/citizen_agent.gd:222)
       [392] _assign_next_task (res://scripts/citizen_agent.gd:213)
       [393] _navigate_to (res://scripts/citizen_agent.gd:222)
       [394] _assign_next_task (res://scripts/citizen_agent.gd:213)
       [395] _navigate_to (res://scripts/citizen_agent.gd:222)
       [396] _assign_next_task (res://scripts/citizen_agent.gd:213)
       [397] _navigate_to (res://scripts/citizen_agent.gd:222)
       [398] _assign_next_task (res://scripts/citizen_agent.gd:213)
       [399] _navigate_to (res://scripts/citizen_agent.gd:222)
       [400] _assign_next_task (res://scripts/citizen_agent.gd:213)
       [401] _navigate_to (res://scripts/citizen_agent.gd:222)
       [402] _assign_next_task (res://scripts/citizen_agent.gd:213)
       [403] _navigate_to (res://scripts/citizen_agent.gd:222)
       [404] _assign_next_task (res://scripts/citizen_agent.gd:213)
       [405] _navigate_to (res://scripts/citizen_agent.gd:222)
       [406] _assign_next_task (res://scripts/citizen_agent.gd:213)
       [407] _navigate_to (res://scripts/citizen_agent.gd:222)
       [408] _assign_next_task (res://scripts/citizen_agent.gd:213)
       [409] _navigate_to (res://scripts/citizen_agent.gd:222)
       [410] _assign_next_task (res://scripts/citizen_agent.gd:213)
       [411] _navigate_to (res://scripts/citizen_agent.gd:222)
       [412] _assign_next_task (res://scripts/citizen_agent.gd:213)
       [413] _navigate_to (res://scripts/citizen_agent.gd:222)
       [414] _assign_next_task (res://scripts/citizen_agent.gd:213)
       [415] _navigate_to (res://scripts/citizen_agent.gd:222)
       [416] _assign_next_task (res://scripts/citizen_agent.gd:213)
       [417] _navigate_to (res://scripts/citizen_agent.gd:222)
       [418] _assign_next_task (res://scripts/citizen_agent.gd:213)
       [419] _navigate_to (res://scripts/citizen_agent.gd:222)
       [420] _assign_next_task (res://scripts/citizen_agent.gd:213)
       [421] _navigate_to (res://scripts/citizen_agent.gd:222)
       [422] _assign_next_task (res://scripts/citizen_agent.gd:213)
       [423] _navigate_to (res://scripts/citizen_agent.gd:222)
       [424] _assign_next_task (res://scripts/citizen_agent.gd:213)
       [425] _navigate_to (res://scripts/citizen_agent.gd:222)
       [426] _assign_next_task (res://scripts/citizen_agent.gd:213)
       [427] _navigate_to (res://scripts/citizen_agent.gd:222)
       [428] _assign_next_task (res://scripts/citizen_agent.gd:213)
       [429] _navigate_to (res://scripts/citizen_agent.gd:222)
       [430] _assign_next_task (res://scripts/citizen_agent.gd:213)
       [431] _navigate_to (res://scripts/citizen_agent.gd:222)
       [432] _assign_next_task (res://scripts/citizen_agent.gd:213)
       [433] _navigate_to (res://scripts/citizen_agent.gd:222)
       [434] _assign_next_task (res://scripts/citizen_agent.gd:213)
       [435] _navigate_to (res://scripts/citizen_agent.gd:222)
       [436] _assign_next_task (res://scripts/citizen_agent.gd:213)
       [437] _navigate_to (res://scripts/citizen_agent.gd:222)
       [438] _assign_next_task (res://scripts/citizen_agent.gd:213)
       [439] _navigate_to (res://scripts/citizen_agent.gd:222)
       [440] _assign_next_task (res://scripts/citizen_agent.gd:213)
       [441] _navigate_to (res://scripts/citizen_agent.gd:222)
       [442] _assign_next_task (res://scripts/citizen_agent.gd:213)
       [443] _navigate_to (res://scripts/citizen_agent.gd:222)
       [444] _assign_next_task (res://scripts/citizen_agent.gd:213)
       [445] _navigate_to (res://scripts/citizen_agent.gd:222)
       [446] _assign_next_task (res://scripts/citizen_agent.gd:213)
       [447] _navigate_to (res://scripts/citizen_agent.gd:222)
       [448] _assign_next_task (res://scripts/citizen_agent.gd:213)
       [449] _navigate_to (res://scripts/citizen_agent.gd:222)
       [450] _assign_next_task (res://scripts/citizen_agent.gd:213)
       [451] _navigate_to (res://scripts/citizen_agent.gd:222)
       [452] _assign_next_task (res://scripts/citizen_agent.gd:213)
       [453] _navigate_to (res://scripts/citizen_agent.gd:222)
       [454] _assign_next_task (res://scripts/citizen_agent.gd:213)
       [455] _navigate_to (res://scripts/citizen_agent.gd:222)
       [456] _assign_next_task (res://scripts/citizen_agent.gd:213)
       [457] _navigate_to (res://scripts/citizen_agent.gd:222)
       [458] _assign_next_task (res://scripts/citizen_agent.gd:213)
       [459] _navigate_to (res://scripts/citizen_agent.gd:222)
       [460] _assign_next_task (res://scripts/citizen_agent.gd:213)
       [461] _navigate_to (res://scripts/citizen_agent.gd:222)
       [462] _assign_next_task (res://scripts/citizen_agent.gd:213)
       [463] _navigate_to (res://scripts/citizen_agent.gd:222)
       [464] _assign_next_task (res://scripts/citizen_agent.gd:213)
       [465] _navigate_to (res://scripts/citizen_agent.gd:222)
       [466] _assign_next_task (res://scripts/citizen_agent.gd:213)
       [467] _navigate_to (res://scripts/citizen_agent.gd:222)
       [468] _assign_next_task (res://scripts/citizen_agent.gd:213)
       [469] _navigate_to (res://scripts/citizen_agent.gd:222)
       [470] _assign_next_task (res://scripts/citizen_agent.gd:213)
       [471] _navigate_to (res://scripts/citizen_agent.gd:222)
       [472] _assign_next_task (res://scripts/citizen_agent.gd:213)
       [473] _navigate_to (res://scripts/citizen_agent.gd:222)
       [474] _assign_next_task (res://scripts/citizen_agent.gd:213)
       [475] _navigate_to (res://scripts/citizen_agent.gd:222)
       [476] _assign_next_task (res://scripts/citizen_agent.gd:213)
       [477] _navigate_to (res://scripts/citizen_agent.gd:222)
       [478] _assign_next_task (res://scripts/citizen_agent.gd:213)
       [479] _navigate_to (res://scripts/citizen_agent.gd:222)
       [480] _assign_next_task (res://scripts/citizen_agent.gd:213)
       [481] _navigate_to (res://scripts/citizen_agent.gd:222)
       [482] _assign_next_task (res://scripts/citizen_agent.gd:213)
       [483] _navigate_to (res://scripts/citizen_agent.gd:222)
       [484] _assign_next_task (res://scripts/citizen_agent.gd:213)
       [485] _navigate_to (res://scripts/citizen_agent.gd:222)
       [486] _assign_next_task (res://scripts/citizen_agent.gd:213)
       [487] _navigate_to (res://scripts/citizen_agent.gd:222)
       [488] _assign_next_task (res://scripts/citizen_agent.gd:213)
       [489] _navigate_to (res://scripts/citizen_agent.gd:222)
       [490] _assign_next_task (res://scripts/citizen_agent.gd:213)
       [491] _navigate_to (res://scripts/citizen_agent.gd:222)
       [492] _assign_next_task (res://scripts/citizen_agent.gd:213)
       [493] _navigate_to (res://scripts/citizen_agent.gd:222)
       [494] _assign_next_task (res://scripts/citizen_agent.gd:213)
       [495] _navigate_to (res://scripts/citizen_agent.gd:222)
       [496] _assign_next_task (res://scripts/citizen_agent.gd:213)
       [497] _navigate_to (res://scripts/citizen_agent.gd:222)
       [498] _assign_next_task (res://scripts/citizen_agent.gd:213)
       [499] _navigate_to (res://scripts/citizen_agent.gd:222)
       [500] _assign_next_task (res://scripts/citizen_agent.gd:213)
       [501] _navigate_to (res://scripts/citizen_agent.gd:222)
       [502] _assign_next_task (res://scripts/citizen_agent.gd:213)
       [503] _navigate_to (res://scripts/citizen_agent.gd:222)
       [504] _assign_next_task (res://scripts/citizen_agent.gd:213)
       [505] _navigate_to (res://scripts/citizen_agent.gd:222)
       [506] _assign_next_task (res://scripts/citizen_agent.gd:213)
       [507] _navigate_to (res://scripts/citizen_agent.gd:222)
       [508] _assign_next_task (res://scripts/citizen_agent.gd:213)
       [509] _navigate_to (res://scripts/citizen_agent.gd:222)
       [510] _assign_next_task (res://scripts/citizen_agent.gd:213)
       [511] _navigate_to (res://scripts/citizen_agent.gd:222)
       [512] _assign_next_task (res://scripts/citizen_agent.gd:213)
       [513] _navigate_to (res://scripts/citizen_agent.gd:222)
       [514] _assign_next_task (res://scripts/citizen_agent.gd:213)
       [515] _navigate_to (res://scripts/citizen_agent.gd:222)
       [516] _assign_next_task (res://scripts/citizen_agent.gd:213)
       [517] _navigate_to (res://scripts/citizen_agent.gd:222)
       [518] _assign_next_task (res://scripts/citizen_agent.gd:213)
       [519] _navigate_to (res://scripts/citizen_agent.gd:222)
       [520] _assign_next_task (res://scripts/citizen_agent.gd:213)
       [521] _navigate_to (res://scripts/citizen_agent.gd:222)
       [522] _assign_next_task (res://scripts/citizen_agent.gd:213)
       [523] _navigate_to (res://scripts/citizen_agent.gd:222)
       [524] _assign_next_task (res://scripts/citizen_agent.gd:213)
       [525] _navigate_to (res://scripts/citizen_agent.gd:222)
       [526] _assign_next_task (res://scripts/citizen_agent.gd:213)
       [527] _navigate_to (res://scripts/citizen_agent.gd:222)
       [528] _assign_next_task (res://scripts/citizen_agent.gd:213)
       [529] _navigate_to (res://scripts/citizen_agent.gd:222)
       [530] _assign_next_task (res://scripts/citizen_agent.gd:213)
       [531] _navigate_to (res://scripts/citizen_agent.gd:222)
       [532] _assign_next_task (res://scripts/citizen_agent.gd:213)
       [533] _navigate_to (res://scripts/citizen_agent.gd:222)
       [534] _assign_next_task (res://scripts/citizen_agent.gd:213)
       [535] _navigate_to (res://scripts/citizen_agent.gd:222)
       [536] _assign_next_task (res://scripts/citizen_agent.gd:213)
       [537] _navigate_to (res://scripts/citizen_agent.gd:222)
       [538] _assign_next_task (res://scripts/citizen_agent.gd:213)
       [539] _navigate_to (res://scripts/citizen_agent.gd:222)
       [540] _assign_next_task (res://scripts/citizen_agent.gd:213)
       [541] _navigate_to (res://scripts/citizen_agent.gd:222)
       [542] _assign_next_task (res://scripts/citizen_agent.gd:213)
       [543] _navigate_to (res://scripts/citizen_agent.gd:222)
       [544] _assign_next_task (res://scripts/citizen_agent.gd:213)
       [545] _navigate_to (res://scripts/citizen_agent.gd:222)
       [546] _assign_next_task (res://scripts/citizen_agent.gd:213)
       [547] _navigate_to (res://scripts/citizen_agent.gd:222)
       [548] _assign_next_task (res://scripts/citizen_agent.gd:213)
       [549] _navigate_to (res://scripts/citizen_agent.gd:222)
       [550] _assign_next_task (res://scripts/citizen_agent.gd:213)
       [551] _navigate_to (res://scripts/citizen_agent.gd:222)
       [552] _assign_next_task (res://scripts/citizen_agent.gd:213)
       [553] _navigate_to (res://scripts/citizen_agent.gd:222)
       [554] _assign_next_task (res://scripts/citizen_agent.gd:213)
       [555] _navigate_to (res://scripts/citizen_agent.gd:222)
       [556] _assign_next_task (res://scripts/citizen_agent.gd:213)
       [557] _navigate_to (res://scripts/citizen_agent.gd:222)
       [558] _assign_next_task (res://scripts/citizen_agent.gd:213)
       [559] _navigate_to (res://scripts/citizen_agent.gd:222)
       [560] _assign_next_task (res://scripts/citizen_agent.gd:213)
       [561] _navigate_to (res://scripts/citizen_agent.gd:222)
       [562] _assign_next_task (res://scripts/citizen_agent.gd:213)
       [563] _navigate_to (res://scripts/citizen_agent.gd:222)
       [564] _assign_next_task (res://scripts/citizen_agent.gd:213)
       [565] _navigate_to (res://scripts/citizen_agent.gd:222)
       [566] _assign_next_task (res://scripts/citizen_agent.gd:213)
       [567] _navigate_to (res://scripts/citizen_agent.gd:222)
       [568] _assign_next_task (res://scripts/citizen_agent.gd:213)
       [569] _navigate_to (res://scripts/citizen_agent.gd:222)
       [570] _assign_next_task (res://scripts/citizen_agent.gd:213)
       [571] _navigate_to (res://scripts/citizen_agent.gd:222)
       [572] _assign_next_task (res://scripts/citizen_agent.gd:213)
       [573] _navigate_to (res://scripts/citizen_agent.gd:222)
       [574] _assign_next_task (res://scripts/citizen_agent.gd:213)
       [575] _navigate_to (res://scripts/citizen_agent.gd:222)
       [576] _assign_next_task (res://scripts/citizen_agent.gd:213)
       [577] _navigate_to (res://scripts/citizen_agent.gd:222)
       [578] _assign_next_task (res://scripts/citizen_agent.gd:213)
       [579] _navigate_to (res://scripts/citizen_agent.gd:222)
       [580] _assign_next_task (res://scripts/citizen_agent.gd:213)
       [581] _navigate_to (res://scripts/citizen_agent.gd:222)
       [582] _assign_next_task (res://scripts/citizen_agent.gd:213)
       [583] _navigate_to (res://scripts/citizen_agent.gd:222)
       [584] _assign_next_task (res://scripts/citizen_agent.gd:213)
       [585] _navigate_to (res://scripts/citizen_agent.gd:222)
       [586] _assign_next_task (res://scripts/citizen_agent.gd:213)
       [587] _navigate_to (res://scripts/citizen_agent.gd:222)
       [588] _assign_next_task (res://scripts/citizen_agent.gd:213)
       [589] _navigate_to (res://scripts/citizen_agent.gd:222)
       [590] _assign_next_task (res://scripts/citizen_agent.gd:213)
       [591] _navigate_to (res://scripts/citizen_agent.gd:222)
       [592] _assign_next_task (res://scripts/citizen_agent.gd:213)
       [593] _navigate_to (res://scripts/citizen_agent.gd:222)
       [594] _assign_next_task (res://scripts/citizen_agent.gd:213)
       [595] _navigate_to (res://scripts/citizen_agent.gd:222)
       [596] _assign_next_task (res://scripts/citizen_agent.gd:213)
       [597] _navigate_to (res://scripts/citizen_agent.gd:222)
       [598] _assign_next_task (res://scripts/citizen_agent.gd:213)
       [599] _navigate_to (res://scripts/citizen_agent.gd:222)
       [600] _assign_next_task (res://scripts/citizen_agent.gd:213)
       [601] _navigate_to (res://scripts/citizen_agent.gd:222)
       [602] _assign_next_task (res://scripts/citizen_agent.gd:213)
       [603] _navigate_to (res://scripts/citizen_agent.gd:222)
       [604] _assign_next_task (res://scripts/citizen_agent.gd:213)
       [605] _navigate_to (res://scripts/citizen_agent.gd:222)
       [606] _assign_next_task (res://scripts/citizen_agent.gd:213)
       [607] _navigate_to (res://scripts/citizen_agent.gd:222)
       [608] _assign_next_task (res://scripts/citizen_agent.gd:213)
       [609] _navigate_to (res://scripts/citizen_agent.gd:222)
       [610] _assign_next_task (res://scripts/citizen_agent.gd:213)
       [611] _navigate_to (res://scripts/citizen_agent.gd:222)
       [612] _assign_next_task (res://scripts/citizen_agent.gd:213)
       [613] _navigate_to (res://scripts/citizen_agent.gd:222)
       [614] _assign_next_task (res://scripts/citizen_agent.gd:213)
       [615] _navigate_to (res://scripts/citizen_agent.gd:222)
       [616] _assign_next_task (res://scripts/citizen_agent.gd:213)
       [617] _navigate_to (res://scripts/citizen_agent.gd:222)
       [618] _assign_next_task (res://scripts/citizen_agent.gd:213)
       [619] _navigate_to (res://scripts/citizen_agent.gd:222)
       [620] _assign_next_task (res://scripts/citizen_agent.gd:213)
       [621] _navigate_to (res://scripts/citizen_agent.gd:222)
       [622] _assign_next_task (res://scripts/citizen_agent.gd:213)
       [623] _navigate_to (res://scripts/citizen_agent.gd:222)
       [624] _assign_next_task (res://scripts/citizen_agent.gd:213)
       [625] _navigate_to (res://scripts/citizen_agent.gd:222)
       [626] _assign_next_task (res://scripts/citizen_agent.gd:213)
       [627] _navigate_to (res://scripts/citizen_agent.gd:222)
       [628] _assign_next_task (res://scripts/citizen_agent.gd:213)
       [629] _navigate_to (res://scripts/citizen_agent.gd:222)
       [630] _assign_next_task (res://scripts/citizen_agent.gd:213)
       [631] _navigate_to (res://scripts/citizen_agent.gd:222)
       [632] _assign_next_task (res://scripts/citizen_agent.gd:213)
       [633] _navigate_to (res://scripts/citizen_agent.gd:222)
       [634] _assign_next_task (res://scripts/citizen_agent.gd:213)
       [635] _navigate_to (res://scripts/citizen_agent.gd:222)
       [636] _assign_next_task (res://scripts/citizen_agent.gd:213)
       [637] _navigate_to (res://scripts/citizen_agent.gd:222)
       [638] _assign_next_task (res://scripts/citizen_agent.gd:213)
       [639] _navigate_to (res://scripts/citizen_agent.gd:222)
       [640] _assign_next_task (res://scripts/citizen_agent.gd:213)
       [641] _navigate_to (res://scripts/citizen_agent.gd:222)
       [642] _assign_next_task (res://scripts/citizen_agent.gd:213)
       [643] _navigate_to (res://scripts/citizen_agent.gd:222)
       [644] _assign_next_task (res://scripts/citizen_agent.gd:213)
       [645] _navigate_to (res://scripts/citizen_agent.gd:222)
       [646] _assign_next_task (res://scripts/citizen_agent.gd:213)
       [647] _navigate_to (res://scripts/citizen_agent.gd:222)
       [648] _assign_next_task (res://scripts/citizen_agent.gd:213)
       [649] _navigate_to (res://scripts/citizen_agent.gd:222)
       [650] _assign_next_task (res://scripts/citizen_agent.gd:213)
       [651] _navigate_to (res://scripts/citizen_agent.gd:222)
       [652] _assign_next_task (res://scripts/citizen_agent.gd:213)
       [653] _navigate_to (res://scripts/citizen_agent.gd:222)
       [654] _assign_next_task (res://scripts/citizen_agent.gd:213)
       [655] _navigate_to (res://scripts/citizen_agent.gd:222)
       [656] _assign_next_task (res://scripts/citizen_agent.gd:213)
       [657] _navigate_to (res://scripts/citizen_agent.gd:222)
       [658] _assign_next_task (res://scripts/citizen_agent.gd:213)
       [659] _navigate_to (res://scripts/citizen_agent.gd:222)
       [660] _assign_next_task (res://scripts/citizen_agent.gd:213)
       [661] _navigate_to (res://scripts/citizen_agent.gd:222)
       [662] _assign_next_task (res://scripts/citizen_agent.gd:213)
       [663] _navigate_to (res://scripts/citizen_agent.gd:222)
       [664] _assign_next_task (res://scripts/citizen_agent.gd:213)
       [665] _navigate_to (res://scripts/citizen_agent.gd:222)
       [666] _assign_next_task (res://scripts/citizen_agent.gd:213)
       [667] _navigate_to (res://scripts/citizen_agent.gd:222)
       [668] _assign_next_task (res://scripts/citizen_agent.gd:213)
       [669] _navigate_to (res://scripts/citizen_agent.gd:222)
       [670] _assign_next_task (res://scripts/citizen_agent.gd:213)
       [671] _navigate_to (res://scripts/citizen_agent.gd:222)
       [672] _assign_next_task (res://scripts/citizen_agent.gd:213)
       [673] _navigate_to (res://scripts/citizen_agent.gd:222)
       [674] _assign_next_task (res://scripts/citizen_agent.gd:213)
       [675] _navigate_to (res://scripts/citizen_agent.gd:222)
       [676] _assign_next_task (res://scripts/citizen_agent.gd:213)
       [677] _navigate_to (res://scripts/citizen_agent.gd:222)
       [678] _assign_next_task (res://scripts/citizen_agent.gd:213)
       [679] _navigate_to (res://scripts/citizen_agent.gd:222)
       [680] _assign_next_task (res://scripts/citizen_agent.gd:213)
       [681] _navigate_to (res://scripts/citizen_agent.gd:222)
       [682] _assign_next_task (res://scripts/citizen_agent.gd:213)
       [683] _navigate_to (res://scripts/citizen_agent.gd:222)
       [684] _assign_next_task (res://scripts/citizen_agent.gd:213)
       [685] _navigate_to (res://scripts/citizen_agent.gd:222)
       [686] _assign_next_task (res://scripts/citizen_agent.gd:213)
       [687] _navigate_to (res://scripts/citizen_agent.gd:222)
       [688] _assign_next_task (res://scripts/citizen_agent.gd:213)
       [689] _navigate_to (res://scripts/citizen_agent.gd:222)
       [690] _assign_next_task (res://scripts/citizen_agent.gd:213)
       [691] _navigate_to (res://scripts/citizen_agent.gd:222)
       [692] _assign_next_task (res://scripts/citizen_agent.gd:213)
       [693] _navigate_to (res://scripts/citizen_agent.gd:222)
       [694] _assign_next_task (res://scripts/citizen_agent.gd:213)
       [695] _navigate_to (res://scripts/citizen_agent.gd:222)
       [696] _assign_next_task (res://scripts/citizen_agent.gd:213)
       [697] _navigate_to (res://scripts/citizen_agent.gd:222)
       [698] _assign_next_task (res://scripts/citizen_agent.gd:213)
       [699] _navigate_to (res://scripts/citizen_agent.gd:222)
       [700] _assign_next_task (res://scripts/citizen_agent.gd:213)
       [701] _navigate_to (res://scripts/citizen_agent.gd:222)
       [702] _assign_next_task (res://scripts/citizen_agent.gd:213)
       [703] _navigate_to (res://scripts/citizen_agent.gd:222)
       [704] _assign_next_task (res://scripts/citizen_agent.gd:213)
       [705] _navigate_to (res://scripts/citizen_agent.gd:222)
       [706] _assign_next_task (res://scripts/citizen_agent.gd:213)
       [707] _navigate_to (res://scripts/citizen_agent.gd:222)
       [708] _assign_next_task (res://scripts/citizen_agent.gd:213)
       [709] _navigate_to (res://scripts/citizen_agent.gd:222)
       [710] _assign_next_task (res://scripts/citizen_agent.gd:213)
       [711] _navigate_to (res://scripts/citizen_agent.gd:222)
       [712] _assign_next_task (res://scripts/citizen_agent.gd:213)
       [713] _navigate_to (res://scripts/citizen_agent.gd:222)
       [714] _assign_next_task (res://scripts/citizen_agent.gd:213)
       [715] _navigate_to (res://scripts/citizen_agent.gd:222)
       [716] _assign_next_task (res://scripts/citizen_agent.gd:213)
       [717] _navigate_to (res://scripts/citizen_agent.gd:222)
       [718] _assign_next_task (res://scripts/citizen_agent.gd:213)
       [719] _navigate_to (res://scripts/citizen_agent.gd:222)
       [720] _assign_next_task (res://scripts/citizen_agent.gd:213)
       [721] _navigate_to (res://scripts/citizen_agent.gd:222)
       [722] _assign_next_task (res://scripts/citizen_agent.gd:213)
       [723] _navigate_to (res://scripts/citizen_agent.gd:222)
       [724] _assign_next_task (res://scripts/citizen_agent.gd:213)
       [725] _navigate_to (res://scripts/citizen_agent.gd:222)
       [726] _assign_next_task (res://scripts/citizen_agent.gd:213)
       [727] _navigate_to (res://scripts/citizen_agent.gd:222)
       [728] _assign_next_task (res://scripts/citizen_agent.gd:213)
       [729] _navigate_to (res://scripts/citizen_agent.gd:222)
       [730] _assign_next_task (res://scripts/citizen_agent.gd:213)
       [731] _navigate_to (res://scripts/citizen_agent.gd:222)
       [732] _assign_next_task (res://scripts/citizen_agent.gd:213)
       [733] _navigate_to (res://scripts/citizen_agent.gd:222)
       [734] _assign_next_task (res://scripts/citizen_agent.gd:213)
       [735] _navigate_to (res://scripts/citizen_agent.gd:222)
       [736] _assign_next_task (res://scripts/citizen_agent.gd:213)
       [737] _navigate_to (res://scripts/citizen_agent.gd:222)
       [738] _assign_next_task (res://scripts/citizen_agent.gd:213)
       [739] _navigate_to (res://scripts/citizen_agent.gd:222)
       [740] _assign_next_task (res://scripts/citizen_agent.gd:213)
       [741] _navigate_to (res://scripts/citizen_agent.gd:222)
       [742] _assign_next_task (res://scripts/citizen_agent.gd:213)
       [743] _navigate_to (res://scripts/citizen_agent.gd:222)
       [744] _assign_next_task (res://scripts/citizen_agent.gd:213)
       [745] _navigate_to (res://scripts/citizen_agent.gd:222)
       [746] _assign_next_task (res://scripts/citizen_agent.gd:213)
       [747] _navigate_to (res://scripts/citizen_agent.gd:222)
       [748] _assign_next_task (res://scripts/citizen_agent.gd:213)
       [749] _navigate_to (res://scripts/citizen_agent.gd:222)
       [750] _assign_next_task (res://scripts/citizen_agent.gd:213)
       [751] _navigate_to (res://scripts/citizen_agent.gd:222)
       [752] _assign_next_task (res://scripts/citizen_agent.gd:213)
       [753] _navigate_to (res://scripts/citizen_agent.gd:222)
       [754] _assign_next_task (res://scripts/citizen_agent.gd:213)
       [755] _navigate_to (res://scripts/citizen_agent.gd:222)
       [756] _assign_next_task (res://scripts/citizen_agent.gd:213)
       [757] _navigate_to (res://scripts/citizen_agent.gd:222)
       [758] _assign_next_task (res://scripts/citizen_agent.gd:213)
       [759] _navigate_to (res://scripts/citizen_agent.gd:222)
       [760] _assign_next_task (res://scripts/citizen_agent.gd:213)
       [761] _navigate_to (res://scripts/citizen_agent.gd:222)
       [762] _assign_next_task (res://scripts/citizen_agent.gd:213)
       [763] _navigate_to (res://scripts/citizen_agent.gd:222)
       [764] _assign_next_task (res://scripts/citizen_agent.gd:213)
       [765] _navigate_to (res://scripts/citizen_agent.gd:222)
       [766] _assign_next_task (res://scripts/citizen_agent.gd:213)
       [767] _navigate_to (res://scripts/citizen_agent.gd:222)
       [768] _assign_next_task (res://scripts/citizen_agent.gd:213)
       [769] _navigate_to (res://scripts/citizen_agent.gd:222)
       [770] _assign_next_task (res://scripts/citizen_agent.gd:213)
       [771] _navigate_to (res://scripts/citizen_agent.gd:222)
       [772] _assign_next_task (res://scripts/citizen_agent.gd:213)
       [773] _navigate_to (res://scripts/citizen_agent.gd:222)
       [774] _assign_next_task (res://scripts/citizen_agent.gd:213)
       [775] _navigate_to (res://scripts/citizen_agent.gd:222)
       [776] _assign_next_task (res://scripts/citizen_agent.gd:213)
       [777] _navigate_to (res://scripts/citizen_agent.gd:222)
       [778] _assign_next_task (res://scripts/citizen_agent.gd:213)
       [779] _navigate_to (res://scripts/citizen_agent.gd:222)
       [780] _assign_next_task (res://scripts/citizen_agent.gd:213)
       [781] _navigate_to (res://scripts/citizen_agent.gd:222)
       [782] _assign_next_task (res://scripts/citizen_agent.gd:213)
       [783] _navigate_to (res://scripts/citizen_agent.gd:222)
       [784] _assign_next_task (res://scripts/citizen_agent.gd:213)
       [785] _navigate_to (res://scripts/citizen_agent.gd:222)
       [786] _assign_next_task (res://scripts/citizen_agent.gd:213)
       [787] _navigate_to (res://scripts/citizen_agent.gd:222)
       [788] _assign_next_task (res://scripts/citizen_agent.gd:213)
       [789] _navigate_to (res://scripts/citizen_agent.gd:222)
       [790] _assign_next_task (res://scripts/citizen_agent.gd:213)
       [791] _navigate_to (res://scripts/citizen_agent.gd:222)
       [792] _assign_next_task (res://scripts/citizen_agent.gd:213)
       [793] _navigate_to (res://scripts/citizen_agent.gd:222)
       [794] _assign_next_task (res://scripts/citizen_agent.gd:213)
       [795] _navigate_to (res://scripts/citizen_agent.gd:222)
       [796] _assign_next_task (res://scripts/citizen_agent.gd:213)
       [797] _navigate_to (res://scripts/citizen_agent.gd:222)
       [798] _assign_next_task (res://scripts/citizen_agent.gd:213)
       [799] _navigate_to (res://scripts/citizen_agent.gd:222)
       [800] _assign_next_task (res://scripts/citizen_agent.gd:213)
       [801] _navigate_to (res://scripts/citizen_agent.gd:222)
       [802] _assign_next_task (res://scripts/citizen_agent.gd:213)
       [803] _navigate_to (res://scripts/citizen_agent.gd:222)
       [804] _assign_next_task (res://scripts/citizen_agent.gd:213)
       [805] _navigate_to (res://scripts/citizen_agent.gd:222)
       [806] _assign_next_task (res://scripts/citizen_agent.gd:213)
       [807] _navigate_to (res://scripts/citizen_agent.gd:222)
       [808] _assign_next_task (res://scripts/citizen_agent.gd:213)
       [809] _navigate_to (res://scripts/citizen_agent.gd:222)
       [810] _assign_next_task (res://scripts/citizen_agent.gd:213)
       [811] _navigate_to (res://scripts/citizen_agent.gd:222)
       [812] _assign_next_task (res://scripts/citizen_agent.gd:213)
       [813] _navigate_to (res://scripts/citizen_agent.gd:222)
       [814] _assign_next_task (res://scripts/citizen_agent.gd:213)
       [815] _navigate_to (res://scripts/citizen_agent.gd:222)
       [816] _assign_next_task (res://scripts/citizen_agent.gd:213)
       [817] _navigate_to (res://scripts/citizen_agent.gd:222)
       [818] _assign_next_task (res://scripts/citizen_agent.gd:213)
       [819] _navigate_to (res://scripts/citizen_agent.gd:222)
       [820] _assign_next_task (res://scripts/citizen_agent.gd:213)
       [821] _navigate_to (res://scripts/citizen_agent.gd:222)
       [822] _assign_next_task (res://scripts/citizen_agent.gd:213)
       [823] _navigate_to (res://scripts/citizen_agent.gd:222)
       [824] _assign_next_task (res://scripts/citizen_agent.gd:213)
       [825] _navigate_to (res://scripts/citizen_agent.gd:222)
       [826] _assign_next_task (res://scripts/citizen_agent.gd:213)
       [827] _navigate_to (res://scripts/citizen_agent.gd:222)
       [828] _assign_next_task (res://scripts/citizen_agent.gd:213)
       [829] _navigate_to (res://scripts/citizen_agent.gd:222)
       [830] _assign_next_task (res://scripts/citizen_agent.gd:213)
       [831] _navigate_to (res://scripts/citizen_agent.gd:222)
       [832] _assign_next_task (res://scripts/citizen_agent.gd:213)
       [833] _navigate_to (res://scripts/citizen_agent.gd:222)
       [834] _assign_next_task (res://scripts/citizen_agent.gd:213)
       [835] _navigate_to (res://scripts/citizen_agent.gd:222)
       [836] _assign_next_task (res://scripts/citizen_agent.gd:213)
       [837] _navigate_to (res://scripts/citizen_agent.gd:222)
       [838] _assign_next_task (res://scripts/citizen_agent.gd:213)
       [839] _navigate_to (res://scripts/citizen_agent.gd:222)
       [840] _assign_next_task (res://scripts/citizen_agent.gd:213)
       [841] _navigate_to (res://scripts/citizen_agent.gd:222)
       [842] _assign_next_task (res://scripts/citizen_agent.gd:213)
       [843] _navigate_to (res://scripts/citizen_agent.gd:222)
       [844] _assign_next_task (res://scripts/citizen_agent.gd:213)
       [845] _navigate_to (res://scripts/citizen_agent.gd:222)
       [846] _assign_next_task (res://scripts/citizen_agent.gd:213)
       [847] _navigate_to (res://scripts/citizen_agent.gd:222)
       [848] _assign_next_task (res://scripts/citizen_agent.gd:213)
       [849] _navigate_to (res://scripts/citizen_agent.gd:222)
       [850] _assign_next_task (res://scripts/citizen_agent.gd:213)
       [851] _navigate_to (res://scripts/citizen_agent.gd:222)
       [852] _assign_next_task (res://scripts/citizen_agent.gd:213)
       [853] _navigate_to (res://scripts/citizen_agent.gd:222)
       [854] _assign_next_task (res://scripts/citizen_agent.gd:213)
       [855] _navigate_to (res://scripts/citizen_agent.gd:222)
       [856] _assign_next_task (res://scripts/citizen_agent.gd:213)
       [857] _navigate_to (res://scripts/citizen_agent.gd:222)
       [858] _assign_next_task (res://scripts/citizen_agent.gd:213)
       [859] _navigate_to (res://scripts/citizen_agent.gd:222)
       [860] _assign_next_task (res://scripts/citizen_agent.gd:213)
       [861] _navigate_to (res://scripts/citizen_agent.gd:222)
       [862] _assign_next_task (res://scripts/citizen_agent.gd:213)
       [863] _navigate_to (res://scripts/citizen_agent.gd:222)
       [864] _assign_next_task (res://scripts/citizen_agent.gd:213)
       [865] _navigate_to (res://scripts/citizen_agent.gd:222)
       [866] _assign_next_task (res://scripts/citizen_agent.gd:213)
       [867] _navigate_to (res://scripts/citizen_agent.gd:222)
       [868] _assign_next_task (res://scripts/citizen_agent.gd:213)
       [869] _navigate_to (res://scripts/citizen_agent.gd:222)
       [870] _assign_next_task (res://scripts/citizen_agent.gd:213)
       [871] _navigate_to (res://scripts/citizen_agent.gd:222)
       [872] _assign_next_task (res://scripts/citizen_agent.gd:213)
       [873] _navigate_to (res://scripts/citizen_agent.gd:222)
       [874] _assign_next_task (res://scripts/citizen_agent.gd:213)
       [875] _navigate_to (res://scripts/citizen_agent.gd:222)
       [876] _assign_next_task (res://scripts/citizen_agent.gd:213)
       [877] _navigate_to (res://scripts/citizen_agent.gd:222)
       [878] _assign_next_task (res://scripts/citizen_agent.gd:213)
       [879] _navigate_to (res://scripts/citizen_agent.gd:222)
       [880] _assign_next_task (res://scripts/citizen_agent.gd:213)
       [881] _navigate_to (res://scripts/citizen_agent.gd:222)
       [882] _assign_next_task (res://scripts/citizen_agent.gd:213)
       [883] _navigate_to (res://scripts/citizen_agent.gd:222)
       [884] _assign_next_task (res://scripts/citizen_agent.gd:213)
       [885] _navigate_to (res://scripts/citizen_agent.gd:222)
       [886] _assign_next_task (res://scripts/citizen_agent.gd:213)
       [887] _navigate_to (res://scripts/citizen_agent.gd:222)
       [888] _assign_next_task (res://scripts/citizen_agent.gd:213)
       [889] _navigate_to (res://scripts/citizen_agent.gd:222)
       [890] _assign_next_task (res://scripts/citizen_agent.gd:213)
       [891] _navigate_to (res://scripts/citizen_agent.gd:222)
       [892] _assign_next_task (res://scripts/citizen_agent.gd:213)
       [893] _navigate_to (res://scripts/citizen_agent.gd:222)
       [894] _assign_next_task (res://scripts/citizen_agent.gd:213)
       [895] _navigate_to (res://scripts/citizen_agent.gd:222)
       [896] _assign_next_task (res://scripts/citizen_agent.gd:213)
       [897] _navigate_to (res://scripts/citizen_agent.gd:222)
       [898] _assign_next_task (res://scripts/citizen_agent.gd:213)
       [899] _navigate_to (res://scripts/citizen_agent.gd:222)
       [900] _assign_next_task (res://scripts/citizen_agent.gd:213)
       [901] _navigate_to (res://scripts/citizen_agent.gd:222)
       [902] _assign_next_task (res://scripts/citizen_agent.gd:213)
       [903] _navigate_to (res://scripts/citizen_agent.gd:222)
       [904] _assign_next_task (res://scripts/citizen_agent.gd:213)
       [905] _navigate_to (res://scripts/citizen_agent.gd:222)
       [906] _assign_next_task (res://scripts/citizen_agent.gd:213)
       [907] _navigate_to (res://scripts/citizen_agent.gd:222)
       [908] _assign_next_task (res://scripts/citizen_agent.gd:213)
       [909] _navigate_to (res://scripts/citizen_agent.gd:222)
       [910] _assign_next_task (res://scripts/citizen_agent.gd:213)
       [911] _navigate_to (res://scripts/citizen_agent.gd:222)
       [912] _assign_next_task (res://scripts/citizen_agent.gd:213)
       [913] _navigate_to (res://scripts/citizen_agent.gd:222)
       [914] _assign_next_task (res://scripts/citizen_agent.gd:213)
       [915] _navigate_to (res://scripts/citizen_agent.gd:222)
       [916] _assign_next_task (res://scripts/citizen_agent.gd:213)
       [917] _navigate_to (res://scripts/citizen_agent.gd:222)
       [918] _assign_next_task (res://scripts/citizen_agent.gd:213)
       [919] _navigate_to (res://scripts/citizen_agent.gd:222)
       [920] _assign_next_task (res://scripts/citizen_agent.gd:213)
       [921] _navigate_to (res://scripts/citizen_agent.gd:222)
       [922] _assign_next_task (res://scripts/citizen_agent.gd:213)
       [923] _navigate_to (res://scripts/citizen_agent.gd:222)
       [924] _assign_next_task (res://scripts/citizen_agent.gd:213)
       [925] _navigate_to (res://scripts/citizen_agent.gd:222)
       [926] _assign_next_task (res://scripts/citizen_agent.gd:213)
       [927] _navigate_to (res://scripts/citizen_agent.gd:222)
       [928] _assign_next_task (res://scripts/citizen_agent.gd:213)
       [929] _navigate_to (res://scripts/citizen_agent.gd:222)
       [930] _assign_next_task (res://scripts/citizen_agent.gd:213)
       [931] _navigate_to (res://scripts/citizen_agent.gd:222)
       [932] _assign_next_task (res://scripts/citizen_agent.gd:213)
       [933] _navigate_to (res://scripts/citizen_agent.gd:222)
       [934] _assign_next_task (res://scripts/citizen_agent.gd:213)
       [935] _navigate_to (res://scripts/citizen_agent.gd:222)
       [936] _assign_next_task (res://scripts/citizen_agent.gd:213)
       [937] _navigate_to (res://scripts/citizen_agent.gd:222)
       [938] _assign_next_task (res://scripts/citizen_agent.gd:213)
       [939] _navigate_to (res://scripts/citizen_agent.gd:222)
       [940] _assign_next_task (res://scripts/citizen_agent.gd:213)
       [941] _navigate_to (res://scripts/citizen_agent.gd:222)
       [942] _assign_next_task (res://scripts/citizen_agent.gd:213)
       [943] _navigate_to (res://scripts/citizen_agent.gd:222)
       [944] _assign_next_task (res://scripts/citizen_agent.gd:213)
       [945] _navigate_to (res://scripts/citizen_agent.gd:222)
       [946] _assign_next_task (res://scripts/citizen_agent.gd:213)
       [947] _navigate_to (res://scripts/citizen_agent.gd:222)
       [948] _assign_next_task (res://scripts/citizen_agent.gd:213)
       [949] _navigate_to (res://scripts/citizen_agent.gd:222)
       [950] _assign_next_task (res://scripts/citizen_agent.gd:213)
       [951] _navigate_to (res://scripts/citizen_agent.gd:222)
       [952] _assign_next_task (res://scripts/citizen_agent.gd:213)
       [953] _navigate_to (res://scripts/citizen_agent.gd:222)
       [954] _assign_next_task (res://scripts/citizen_agent.gd:213)
       [955] _navigate_to (res://scripts/citizen_agent.gd:222)
       [956] _assign_next_task (res://scripts/citizen_agent.gd:213)
       [957] _navigate_to (res://scripts/citizen_agent.gd:222)
       [958] _assign_next_task (res://scripts/citizen_agent.gd:213)
       [959] _navigate_to (res://scripts/citizen_agent.gd:222)
       [960] _assign_next_task (res://scripts/citizen_agent.gd:213)
       [961] _navigate_to (res://scripts/citizen_agent.gd:222)
       [962] _assign_next_task (res://scripts/citizen_agent.gd:213)
       [963] _navigate_to (res://scripts/citizen_agent.gd:222)
       [964] _assign_next_task (res://scripts/citizen_agent.gd:213)
       [965] _navigate_to (res://scripts/citizen_agent.gd:222)
       [966] _assign_next_task (res://scripts/citizen_agent.gd:213)
       [967] _navigate_to (res://scripts/citizen_agent.gd:222)
       [968] _assign_next_task (res://scripts/citizen_agent.gd:213)
       [969] _navigate_to (res://scripts/citizen_agent.gd:222)
       [970] _assign_next_task (res://scripts/citizen_agent.gd:213)
       [971] _navigate_to (res://scripts/citizen_agent.gd:222)
       [972] _assign_next_task (res://scripts/citizen_agent.gd:213)
       [973] _navigate_to (res://scripts/citizen_agent.gd:222)
       [974] _assign_next_task (res://scripts/citizen_agent.gd:213)
       [975] _navigate_to (res://scripts/citizen_agent.gd:222)
       [976] _assign_next_task (res://scripts/citizen_agent.gd:213)
       [977] _navigate_to (res://scripts/citizen_agent.gd:222)
       [978] _assign_next_task (res://scripts/citizen_agent.gd:213)
       [979] _navigate_to (res://scripts/citizen_agent.gd:222)
       [980] _assign_next_task (res://scripts/citizen_agent.gd:213)
       [981] _navigate_to (res://scripts/citizen_agent.gd:222)
       [982] _assign_next_task (res://scripts/citizen_agent.gd:213)
       [983] _navigate_to (res://scripts/citizen_agent.gd:222)
       [984] _assign_next_task (res://scripts/citizen_agent.gd:213)
       [985] _navigate_to (res://scripts/citizen_agent.gd:222)
       [986] _assign_next_task (res://scripts/citizen_agent.gd:213)
       [987] _navigate_to (res://scripts/citizen_agent.gd:222)
       [988] _assign_next_task (res://scripts/citizen_agent.gd:213)
       [989] _navigate_to (res://scripts/citizen_agent.gd:222)
       [990] _assign_next_task (res://scripts/citizen_agent.gd:213)
       [991] _navigate_to (res://scripts/citizen_agent.gd:222)
       [992] _assign_next_task (res://scripts/citizen_agent.gd:213)
       [993] _navigate_to (res://scripts/citizen_agent.gd:222)
       [994] _assign_next_task (res://scripts/citizen_agent.gd:213)
       [995] _navigate_to (res://scripts/citizen_agent.gd:222)
       [996] _assign_next_task (res://scripts/citizen_agent.gd:213)
       [997] _navigate_to (res://scripts/citizen_agent.gd:222)
       [998] _assign_next_task (res://scripts/citizen_agent.gd:213)
       [999] _navigate_to (res://scripts/citizen_agent.gd:222)
       [1000] _assign_next_task (res://scripts/citizen_agent.gd:213)
       [1001] _navigate_to (res://scripts/citizen_agent.gd:222)
       [1002] _assign_next_task (res://scripts/citizen_agent.gd:213)
       [1003] _navigate_to (res://scripts/citizen_agent.gd:222)
       [1004] _assign_next_task (res://scripts/citizen_agent.gd:213)
       [1005] _navigate_to (res://scripts/citizen_agent.gd:222)
       [1006] _assign_next_task (res://scripts/citizen_agent.gd:213)
       [1007] _navigate_to (res://scripts/citizen_agent.gd:222)
       [1008] _assign_next_task (res://scripts/citizen_agent.gd:213)
       [1009] _navigate_to (res://scripts/citizen_agent.gd:222)
       [1010] _assign_next_task (res://scripts/citizen_agent.gd:213)
       [1011] _navigate_to (res://scripts/citizen_agent.gd:222)
       [1012] _assign_next_task (res://scripts/citizen_agent.gd:213)
       [1013] _navigate_to (res://scripts/citizen_agent.gd:222)
       [1014] _assign_next_task (res://scripts/citizen_agent.gd:213)
       [1015] _navigate_to (res://scripts/citizen_agent.gd:222)
       [1016] _assign_next_task (res://scripts/citizen_agent.gd:213)
       [1017] _navigate_to (res://scripts/citizen_agent.gd:222)
       [1018] _assign_next_task (res://scripts/citizen_agent.gd:213)
       [1019] _navigate_to (res://scripts/citizen_agent.gd:222)
       [1020] _assign_next_task (res://scripts/citizen_agent.gd:213)
       [1021] _process (res://scripts/citizen_agent.gd:66)
       [1022] step (res://scripts/civilization_simulation.gd:127)
       [1023] run (res://scripts/poc45_fast_test.gd:177)
SCRIPT ERROR: Stack overflow. Check for infinite recursion in your script.
   at: has_connection (res://scripts/surface_navigation.gd:267)
   GDScript backtrace (most recent call first):
       [0] status (res://scripts/construction_system.gd:166)
       [1] _update_project_ui (res://scripts/pipeline_proof.gd:1615)
       [2] _update_population_ui (res://scripts/pipeline_proof.gd:1589)
       [3] _on_task_board_updated (res://scripts/pipeline_proof.gd:1604)
       [4] fail_task (res://scripts/task_coordinator.gd:137)
       [5] _assign_next_task (res://scripts/citizen_agent.gd:213)
       [6] _assign_next_task (res://scripts/citizen_agent.gd:213)
       [7] _navigate_to (res://scripts/citizen_agent.gd:222)
       [8] _assign_next_task (res://scripts/citizen_agent.gd:213)
       [9] _navigate_to (res://scripts/citizen_agent.gd:222)
       [10] _assign_next_task (res://scripts/citizen_agent.gd:213)
       [11] _navigate_to (res://scripts/citizen_agent.gd:222)
       [12] _assign_next_task (res://scripts/citizen_agent.gd:213)
       [13] _navigate_to (res://scripts/citizen_agent.gd:222)
       [14] _assign_next_task (res://scripts/citizen_agent.gd:213)
       [15] _navigate_to (res://scripts/citizen_agent.gd:222)
       [16] _assign_next_task (res://scripts/citizen_agent.gd:213)
       [17] _navigate_to (res://scripts/citizen_agent.gd:222)
       [18] _assign_next_task (res://scripts/citizen_agent.gd:213)
       [19] _navigate_to (res://scripts/citizen_agent.gd:222)
       [20] _assign_next_task (res://scripts/citizen_agent.gd:213)
       [21] _navigate_to (res://scripts/citizen_agent.gd:222)
       [22] _assign_next_task (res://scripts/citizen_agent.gd:213)
       [23] _navigate_to (res://scripts/citizen_agent.gd:222)
       [24] _assign_next_task (res://scripts/citizen_agent.gd:213)
       [25] _navigate_to (res://scripts/citizen_agent.gd:222)
       [26] _assign_next_task (res://scripts/citizen_agent.gd:213)
       [27] _navigate_to (res://scripts/citizen_agent.gd:222)
       [28] _assign_next_task (res://scripts/citizen_agent.gd:213)
       [29] _navigate_to (res://scripts/citizen_agent.gd:222)
       [30] _assign_next_task (res://scripts/citizen_agent.gd:213)
       [31] _navigate_to (res://scripts/citizen_agent.gd:222)
       [32] _assign_next_task (res://scripts/citizen_agent.gd:213)
       [33] _navigate_to (res://scripts/citizen_agent.gd:222)
       [34] _assign_next_task (res://scripts/citizen_agent.gd:213)
       [35] _navigate_to (res://scripts/citizen_agent.gd:222)
       [36] _assign_next_task (res://scripts/citizen_agent.gd:213)
       [37] _navigate_to (res://scripts/citizen_agent.gd:222)
       [38] _assign_next_task (res://scripts/citizen_agent.gd:213)
       [39] _navigate_to (res://scripts/citizen_agent.gd:222)
       [40] _assign_next_task (res://scripts/citizen_agent.gd:213)
       [41] _navigate_to (res://scripts/citizen_agent.gd:222)
       [42] _assign_next_task (res://scripts/citizen_agent.gd:213)
       [43] _navigate_to (res://scripts/citizen_agent.gd:222)
       [44] _assign_next_task (res://scripts/citizen_agent.gd:213)
       [45] _navigate_to (res://scripts/citizen_agent.gd:222)
       [46] _assign_next_task (res://scripts/citizen_agent.gd:213)
       [47] _navigate_to (res://scripts/citizen_agent.gd:222)
       [48] _assign_next_task (res://scripts/citizen_agent.gd:213)
       [49] _navigate_to (res://scripts/citizen_agent.gd:222)
       [50] _assign_next_task (res://scripts/citizen_agent.gd:213)
       [51] _navigate_to (res://scripts/citizen_agent.gd:222)
       [52] _assign_next_task (res://scripts/citizen_agent.gd:213)
       [53] _navigate_to (res://scripts/citizen_agent.gd:222)
       [54] _assign_next_task (res://scripts/citizen_agent.gd:213)
       [55] _navigate_to (res://scripts/citizen_agent.gd:222)
       [56] _assign_next_task (res://scripts/citizen_agent.gd:213)
       [57] _navigate_to (res://scripts/citizen_agent.gd:222)
       [58] _assign_next_task (res://scripts/citizen_agent.gd:213)
       [59] _navigate_to (res://scripts/citizen_agent.gd:222)
       [60] _assign_next_task (res://scripts/citizen_agent.gd:213)
       [61] _navigate_to (res://scripts/citizen_agent.gd:222)
       [62] _assign_next_task (res://scripts/citizen_agent.gd:213)
       [63] _navigate_to (res://scripts/citizen_agent.gd:222)
       [64] _assign_next_task (res://scripts/citizen_agent.gd:213)
       [65] _navigate_to (res://scripts/citizen_agent.gd:222)
       [66] _assign_next_task (res://scripts/citizen_agent.gd:213)
       [67] _navigate_to (res://scripts/citizen_agent.gd:222)
       [68] _assign_next_task (res://scripts/citizen_agent.gd:213)
       [69] _navigate_to (res://scripts/citizen_agent.gd:222)
       [70] _assign_next_task (res://scripts/citizen_agent.gd:213)
       [71] _navigate_to (res://scripts/citizen_agent.gd:222)
       [72] _assign_next_task (res://scripts/citizen_agent.gd:213)
       [73] _navigate_to (res://scripts/citizen_agent.gd:222)
       [74] _assign_next_task (res://scripts/citizen_agent.gd:213)
       [75] _navigate_to (res://scripts/citizen_agent.gd:222)
       [76] _assign_next_task (res://scripts/citizen_agent.gd:213)
       [77] _navigate_to (res://scripts/citizen_agent.gd:222)
       [78] _assign_next_task (res://scripts/citizen_agent.gd:213)
       [79] _navigate_to (res://scripts/citizen_agent.gd:222)
       [80] _assign_next_task (res://scripts/citizen_agent.gd:213)
       [81] _navigate_to (res://scripts/citizen_agent.gd:222)
       [82] _assign_next_task (res://scripts/citizen_agent.gd:213)
       [83] _navigate_to (res://scripts/citizen_agent.gd:222)
       [84] _assign_next_task (res://scripts/citizen_agent.gd:213)
       [85] _navigate_to (res://scripts/citizen_agent.gd:222)
       [86] _assign_next_task (res://scripts/citizen_agent.gd:213)
       [87] _navigate_to (res://scripts/citizen_agent.gd:222)
       [88] _assign_next_task (res://scripts/citizen_agent.gd:213)
       [89] _navigate_to (res://scripts/citizen_agent.gd:222)
       [90] _assign_next_task (res://scripts/citizen_agent.gd:213)
       [91] _navigate_to (res://scripts/citizen_agent.gd:222)
       [92] _assign_next_task (res://scripts/citizen_agent.gd:213)
       [93] _navigate_to (res://scripts/citizen_agent.gd:222)
       [94] _assign_next_task (res://scripts/citizen_agent.gd:213)
       [95] _navigate_to (res://scripts/citizen_agent.gd:222)
       [96] _assign_next_task (res://scripts/citizen_agent.gd:213)
       [97] _navigate_to (res://scripts/citizen_agent.gd:222)
       [98] _assign_next_task (res://scripts/citizen_agent.gd:213)
       [99] _navigate_to (res://scripts/citizen_agent.gd:222)
       [100] _assign_next_task (res://scripts/citizen_agent.gd:213)
       [101] _navigate_to (res://scripts/citizen_agent.gd:222)
       [102] _assign_next_task (res://scripts/citizen_agent.gd:213)
       [103] _navigate_to (res://scripts/citizen_agent.gd:222)
       [104] _assign_next_task (res://scripts/citizen_agent.gd:213)
       [105] _navigate_to (res://scripts/citizen_agent.gd:222)
       [106] _assign_next_task (res://scripts/citizen_agent.gd:213)
       [107] _navigate_to (res://scripts/citizen_agent.gd:222)
       [108] _assign_next_task (res://scripts/citizen_agent.gd:213)
       [109] _navigate_to (res://scripts/citizen_agent.gd:222)
       [110] _assign_next_task (res://scripts/citizen_agent.gd:213)
       [111] _navigate_to (res://scripts/citizen_agent.gd:222)
       [112] _assign_next_task (res://scripts/citizen_agent.gd:213)
       [113] _navigate_to (res://scripts/citizen_agent.gd:222)
       [114] _assign_next_task (res://scripts/citizen_agent.gd:213)
       [115] _navigate_to (res://scripts/citizen_agent.gd:222)
       [116] _assign_next_task (res://scripts/citizen_agent.gd:213)
       [117] _navigate_to (res://scripts/citizen_agent.gd:222)
       [118] _assign_next_task (res://scripts/citizen_agent.gd:213)
       [119] _navigate_to (res://scripts/citizen_agent.gd:222)
       [120] _assign_next_task (res://scripts/citizen_agent.gd:213)
       [121] _navigate_to (res://scripts/citizen_agent.gd:222)
       [122] _assign_next_task (res://scripts/citizen_agent.gd:213)
       [123] _navigate_to (res://scripts/citizen_agent.gd:222)
       [124] _assign_next_task (res://scripts/citizen_agent.gd:213)
       [125] _navigate_to (res://scripts/citizen_agent.gd:222)
       [126] _assign_next_task (res://scripts/citizen_agent.gd:213)
       [127] _navigate_to (res://scripts/citizen_agent.gd:222)
       [128] _assign_next_task (res://scripts/citizen_agent.gd:213)
       [129] _navigate_to (res://scripts/citizen_agent.gd:222)
       [130] _assign_next_task (res://scripts/citizen_agent.gd:213)
       [131] _navigate_to (res://scripts/citizen_agent.gd:222)
       [132] _assign_next_task (res://scripts/citizen_agent.gd:213)
       [133] _navigate_to (res://scripts/citizen_agent.gd:222)
       [134] _assign_next_task (res://scripts/citizen_agent.gd:213)
       [135] _navigate_to (res://scripts/citizen_agent.gd:222)
       [136] _assign_next_task (res://scripts/citizen_agent.gd:213)
       [137] _navigate_to (res://scripts/citizen_agent.gd:222)
       [138] _assign_next_task (res://scripts/citizen_agent.gd:213)
       [139] _navigate_to (res://scripts/citizen_agent.gd:222)
       [140] _assign_next_task (res://scripts/citizen_agent.gd:213)
       [141] _navigate_to (res://scripts/citizen_agent.gd:222)
       [142] _assign_next_task (res://scripts/citizen_agent.gd:213)
       [143] _navigate_to (res://scripts/citizen_agent.gd:222)
       [144] _assign_next_task (res://scripts/citizen_agent.gd:213)
       [145] _navigate_to (res://scripts/citizen_agent.gd:222)
       [146] _assign_next_task (res://scripts/citizen_agent.gd:213)
       [147] _navigate_to (res://scripts/citizen_agent.gd:222)
       [148] _assign_next_task (res://scripts/citizen_agent.gd:213)
       [149] _navigate_to (res://scripts/citizen_agent.gd:222)
       [150] _assign_next_task (res://scripts/citizen_agent.gd:213)
       [151] _navigate_to (res://scripts/citizen_agent.gd:222)
       [152] _assign_next_task (res://scripts/citizen_agent.gd:213)
       [153] _navigate_to (res://scripts/citizen_agent.gd:222)
       [154] _assign_next_task (res://scripts/citizen_agent.gd:213)
       [155] _navigate_to (res://scripts/citizen_agent.gd:222)
       [156] _assign_next_task (res://scripts/citizen_agent.gd:213)
       [157] _navigate_to (res://scripts/citizen_agent.gd:222)
       [158] _assign_next_task (res://scripts/citizen_agent.gd:213)
       [159] _navigate_to (res://scripts/citizen_agent.gd:222)
       [160] _assign_next_task (res://scripts/citizen_agent.gd:213)
       [161] _navigate_to (res://scripts/citizen_agent.gd:222)
       [162] _assign_next_task (res://scripts/citizen_agent.gd:213)
       [163] _navigate_to (res://scripts/citizen_agent.gd:222)
       [164] _assign_next_task (res://scripts/citizen_agent.gd:213)
       [165] _navigate_to (res://scripts/citizen_agent.gd:222)
       [166] _assign_next_task (res://scripts/citizen_agent.gd:213)
       [167] _navigate_to (res://scripts/citizen_agent.gd:222)
       [168] _assign_next_task (res://scripts/citizen_agent.gd:213)
       [169] _navigate_to (res://scripts/citizen_agent.gd:222)
       [170] _assign_next_task (res://scripts/citizen_agent.gd:213)
       [171] _navigate_to (res://scripts/citizen_agent.gd:222)
       [172] _assign_next_task (res://scripts/citizen_agent.gd:213)
       [173] _navigate_to (res://scripts/citizen_agent.gd:222)
       [174] _assign_next_task (res://scripts/citizen_agent.gd:213)
       [175] _navigate_to (res://scripts/citizen_agent.gd:222)
       [176] _assign_next_task (res://scripts/citizen_agent.gd:213)
       [177] _navigate_to (res://scripts/citizen_agent.gd:222)
       [178] _assign_next_task (res://scripts/citizen_agent.gd:213)
       [179] _navigate_to (res://scripts/citizen_agent.gd:222)
       [180] _assign_next_task (res://scripts/citizen_agent.gd:213)
       [181] _navigate_to (res://scripts/citizen_agent.gd:222)
       [182] _assign_next_task (res://scripts/citizen_agent.gd:213)
       [183] _navigate_to (res://scripts/citizen_agent.gd:222)
       [184] _assign_next_task (res://scripts/citizen_agent.gd:213)
       [185] _navigate_to (res://scripts/citizen_agent.gd:222)
       [186] _assign_next_task (res://scripts/citizen_agent.gd:213)
       [187] _navigate_to (res://scripts/citizen_agent.gd:222)
       [188] _assign_next_task (res://scripts/citizen_agent.gd:213)
       [189] _navigate_to (res://scripts/citizen_agent.gd:222)
       [190] _assign_next_task (res://scripts/citizen_agent.gd:213)
       [191] _navigate_to (res://scripts/citizen_agent.gd:222)
       [192] _assign_next_task (res://scripts/citizen_agent.gd:213)
       [193] _navigate_to (res://scripts/citizen_agent.gd:222)
       [194] _assign_next_task (res://scripts/citizen_agent.gd:213)
       [195] _navigate_to (res://scripts/citizen_agent.gd:222)
       [196] _assign_next_task (res://scripts/citizen_agent.gd:213)
       [197] _navigate_to (res://scripts/citizen_agent.gd:222)
       [198] _assign_next_task (res://scripts/citizen_agent.gd:213)
       [199] _navigate_to (res://scripts/citizen_agent.gd:222)
       [200] _assign_next_task (res://scripts/citizen_agent.gd:213)
       [201] _navigate_to (res://scripts/citizen_agent.gd:222)
       [202] _assign_next_task (res://scripts/citizen_agent.gd:213)
       [203] _navigate_to (res://scripts/citizen_agent.gd:222)
       [204] _assign_next_task (res://scripts/citizen_agent.gd:213)
       [205] _navigate_to (res://scripts/citizen_agent.gd:222)
       [206] _assign_next_task (res://scripts/citizen_agent.gd:213)
       [207] _navigate_to (res://scripts/citizen_agent.gd:222)
       [208] _assign_next_task (res://scripts/citizen_agent.gd:213)
       [209] _navigate_to (res://scripts/citizen_agent.gd:222)
       [210] _assign_next_task (res://scripts/citizen_agent.gd:213)
       [211] _navigate_to (res://scripts/citizen_agent.gd:222)
       [212] _assign_next_task (res://scripts/citizen_agent.gd:213)
       [213] _navigate_to (res://scripts/citizen_agent.gd:222)
       [214] _assign_next_task (res://scripts/citizen_agent.gd:213)
       [215] _navigate_to (res://scripts/citizen_agent.gd:222)
       [216] _assign_next_task (res://scripts/citizen_agent.gd:213)
       [217] _navigate_to (res://scripts/citizen_agent.gd:222)
       [218] _assign_next_task (res://scripts/citizen_agent.gd:213)
       [219] _navigate_to (res://scripts/citizen_agent.gd:222)
       [220] _assign_next_task (res://scripts/citizen_agent.gd:213)
       [221] _navigate_to (res://scripts/citizen_agent.gd:222)
       [222] _assign_next_task (res://scripts/citizen_agent.gd:213)
       [223] _navigate_to (res://scripts/citizen_agent.gd:222)
       [224] _assign_next_task (res://scripts/citizen_agent.gd:213)
       [225] _navigate_to (res://scripts/citizen_agent.gd:222)
       [226] _assign_next_task (res://scripts/citizen_agent.gd:213)
       [227] _navigate_to (res://scripts/citizen_agent.gd:222)
       [228] _assign_next_task (res://scripts/citizen_agent.gd:213)
       [229] _navigate_to (res://scripts/citizen_agent.gd:222)
       [230] _assign_next_task (res://scripts/citizen_agent.gd:213)
       [231] _navigate_to (res://scripts/citizen_agent.gd:222)
       [232] _assign_next_task (res://scripts/citizen_agent.gd:213)
       [233] _navigate_to (res://scripts/citizen_agent.gd:222)
       [234] _assign_next_task (res://scripts/citizen_agent.gd:213)
       [235] _navigate_to (res://scripts/citizen_agent.gd:222)
       [236] _assign_next_task (res://scripts/citizen_agent.gd:213)
       [237] _navigate_to (res://scripts/citizen_agent.gd:222)
       [238] _assign_next_task (res://scripts/citizen_agent.gd:213)
       [239] _navigate_to (res://scripts/citizen_agent.gd:222)
       [240] _assign_next_task (res://scripts/citizen_agent.gd:213)
       [241] _navigate_to (res://scripts/citizen_agent.gd:222)
       [242] _assign_next_task (res://scripts/citizen_agent.gd:213)
       [243] _navigate_to (res://scripts/citizen_agent.gd:222)
       [244] _assign_next_task (res://scripts/citizen_agent.gd:213)
       [245] _navigate_to (res://scripts/citizen_agent.gd:222)
       [246] _assign_next_task (res://scripts/citizen_agent.gd:213)
       [247] _navigate_to (res://scripts/citizen_agent.gd:222)
       [248] _assign_next_task (res://scripts/citizen_agent.gd:213)
       [249] _navigate_to (res://scripts/citizen_agent.gd:222)
       [250] _assign_next_task (res://scripts/citizen_agent.gd:213)
       [251] _navigate_to (res://scripts/citizen_agent.gd:222)
       [252] _assign_next_task (res://scripts/citizen_agent.gd:213)
       [253] _navigate_to (res://scripts/citizen_agent.gd:222)
       [254] _assign_next_task (res://scripts/citizen_agent.gd:213)
       [255] _navigate_to (res://scripts/citizen_agent.gd:222)
       [256] _assign_next_task (res://scripts/citizen_agent.gd:213)
       [257] _navigate_to (res://scripts/citizen_agent.gd:222)
       [258] _assign_next_task (res://scripts/citizen_agent.gd:213)
       [259] _navigate_to (res://scripts/citizen_agent.gd:222)
       [260] _assign_next_task (res://scripts/citizen_agent.gd:213)
       [261] _navigate_to (res://scripts/citizen_agent.gd:222)
       [262] _assign_next_task (res://scripts/citizen_agent.gd:213)
       [263] _navigate_to (res://scripts/citizen_agent.gd:222)
       [264] _assign_next_task (res://scripts/citizen_agent.gd:213)
       [265] _navigate_to (res://scripts/citizen_agent.gd:222)
       [266] _assign_next_task (res://scripts/citizen_agent.gd:213)
       [267] _navigate_to (res://scripts/citizen_agent.gd:222)
       [268] _assign_next_task (res://scripts/citizen_agent.gd:213)
       [269] _navigate_to (res://scripts/citizen_agent.gd:222)
       [270] _assign_next_task (res://scripts/citizen_agent.gd:213)
       [271] _navigate_to (res://scripts/citizen_agent.gd:222)
       [272] _assign_next_task (res://scripts/citizen_agent.gd:213)
       [273] _navigate_to (res://scripts/citizen_agent.gd:222)
       [274] _assign_next_task (res://scripts/citizen_agent.gd:213)
       [275] _navigate_to (res://scripts/citizen_agent.gd:222)
       [276] _assign_next_task (res://scripts/citizen_agent.gd:213)
       [277] _navigate_to (res://scripts/citizen_agent.gd:222)
       [278] _assign_next_task (res://scripts/citizen_agent.gd:213)
       [279] _navigate_to (res://scripts/citizen_agent.gd:222)
       [280] _assign_next_task (res://scripts/citizen_agent.gd:213)
       [281] _navigate_to (res://scripts/citizen_agent.gd:222)
       [282] _assign_next_task (res://scripts/citizen_agent.gd:213)
       [283] _navigate_to (res://scripts/citizen_agent.gd:222)
       [284] _assign_next_task (res://scripts/citizen_agent.gd:213)
       [285] _navigate_to (res://scripts/citizen_agent.gd:222)
       [286] _assign_next_task (res://scripts/citizen_agent.gd:213)
       [287] _navigate_to (res://scripts/citizen_agent.gd:222)
       [288] _assign_next_task (res://scripts/citizen_agent.gd:213)
       [289] _navigate_to (res://scripts/citizen_agent.gd:222)
       [290] _assign_next_task (res://scripts/citizen_agent.gd:213)
       [291] _navigate_to (res://scripts/citizen_agent.gd:222)
       [292] _assign_next_task (res://scripts/citizen_agent.gd:213)
       [293] _navigate_to (res://scripts/citizen_agent.gd:222)
       [294] _assign_next_task (res://scripts/citizen_agent.gd:213)
       [295] _navigate_to (res://scripts/citizen_agent.gd:222)
       [296] _assign_next_task (res://scripts/citizen_agent.gd:213)
       [297] _navigate_to (res://scripts/citizen_agent.gd:222)
       [298] _assign_next_task (res://scripts/citizen_agent.gd:213)
       [299] _navigate_to (res://scripts/citizen_agent.gd:222)
       [300] _assign_next_task (res://scripts/citizen_agent.gd:213)
       [301] _navigate_to (res://scripts/citizen_agent.gd:222)
       [302] _assign_next_task (res://scripts/citizen_agent.gd:213)
       [303] _navigate_to (res://scripts/citizen_agent.gd:222)
       [304] _assign_next_task (res://scripts/citizen_agent.gd:213)
       [305] _navigate_to (res://scripts/citizen_agent.gd:222)
       [306] _assign_next_task (res://scripts/citizen_agent.gd:213)
       [307] _navigate_to (res://scripts/citizen_agent.gd:222)
       [308] _assign_next_task (res://scripts/citizen_agent.gd:213)
       [309] _navigate_to (res://scripts/citizen_agent.gd:222)
       [310] _assign_next_task (res://scripts/citizen_agent.gd:213)
       [311] _navigate_to (res://scripts/citizen_agent.gd:222)
       [312] _assign_next_task (res://scripts/citizen_agent.gd:213)
       [313] _navigate_to (res://scripts/citizen_agent.gd:222)
       [314] _assign_next_task (res://scripts/citizen_agent.gd:213)
       [315] _navigate_to (res://scripts/citizen_agent.gd:222)
       [316] _assign_next_task (res://scripts/citizen_agent.gd:213)
       [317] _navigate_to (res://scripts/citizen_agent.gd:222)
       [318] _assign_next_task (res://scripts/citizen_agent.gd:213)
       [319] _navigate_to (res://scripts/citizen_agent.gd:222)
       [320] _assign_next_task (res://scripts/citizen_agent.gd:213)
       [321] _navigate_to (res://scripts/citizen_agent.gd:222)
       [322] _assign_next_task (res://scripts/citizen_agent.gd:213)
       [323] _navigate_to (res://scripts/citizen_agent.gd:222)
       [324] _assign_next_task (res://scripts/citizen_agent.gd:213)
       [325] _navigate_to (res://scripts/citizen_agent.gd:222)
       [326] _assign_next_task (res://scripts/citizen_agent.gd:213)
       [327] _navigate_to (res://scripts/citizen_agent.gd:222)
       [328] _assign_next_task (res://scripts/citizen_agent.gd:213)
       [329] _navigate_to (res://scripts/citizen_agent.gd:222)
       [330] _assign_next_task (res://scripts/citizen_agent.gd:213)
       [331] _navigate_to (res://scripts/citizen_agent.gd:222)
       [332] _assign_next_task (res://scripts/citizen_agent.gd:213)
       [333] _navigate_to (res://scripts/citizen_agent.gd:222)
       [334] _assign_next_task (res://scripts/citizen_agent.gd:213)
       [335] _navigate_to (res://scripts/citizen_agent.gd:222)
       [336] _assign_next_task (res://scripts/citizen_agent.gd:213)
       [337] _navigate_to (res://scripts/citizen_agent.gd:222)
       [338] _assign_next_task (res://scripts/citizen_agent.gd:213)
       [339] _navigate_to (res://scripts/citizen_agent.gd:222)
       [340] _assign_next_task (res://scripts/citizen_agent.gd:213)
       [341] _navigate_to (res://scripts/citizen_agent.gd:222)
       [342] _assign_next_task (res://scripts/citizen_agent.gd:213)
       [343] _navigate_to (res://scripts/citizen_agent.gd:222)
       [344] _assign_next_task (res://scripts/citizen_agent.gd:213)
       [345] _navigate_to (res://scripts/citizen_agent.gd:222)
       [346] _assign_next_task (res://scripts/citizen_agent.gd:213)
       [347] _navigate_to (res://scripts/citizen_agent.gd:222)
       [348] _assign_next_task (res://scripts/citizen_agent.gd:213)
       [349] _navigate_to (res://scripts/citizen_agent.gd:222)
       [350] _assign_next_task (res://scripts/citizen_agent.gd:213)
       [351] _navigate_to (res://scripts/citizen_agent.gd:222)
       [352] _assign_next_task (res://scripts/citizen_agent.gd:213)
       [353] _navigate_to (res://scripts/citizen_agent.gd:222)
       [354] _assign_next_task (res://scripts/citizen_agent.gd:213)
       [355] _navigate_to (res://scripts/citizen_agent.gd:222)
       [356] _assign_next_task (res://scripts/citizen_agent.gd:213)
       [357] _navigate_to (res://scripts/citizen_agent.gd:222)
       [358] _assign_next_task (res://scripts/citizen_agent.gd:213)
       [359] _navigate_to (res://scripts/citizen_agent.gd:222)
       [360] _assign_next_task (res://scripts/citizen_agent.gd:213)
       [361] _navigate_to (res://scripts/citizen_agent.gd:222)
       [362] _assign_next_task (res://scripts/citizen_agent.gd:213)
       [363] _navigate_to (res://scripts/citizen_agent.gd:222)
       [364] _assign_next_task (res://scripts/citizen_agent.gd:213)
       [365] _navigate_to (res://scripts/citizen_agent.gd:222)
       [366] _assign_next_task (res://scripts/citizen_agent.gd:213)
       [367] _navigate_to (res://scripts/citizen_agent.gd:222)
       [368] _assign_next_task (res://scripts/citizen_agent.gd:213)
       [369] _navigate_to (res://scripts/citizen_agent.gd:222)
       [370] _assign_next_task (res://scripts/citizen_agent.gd:213)
       [371] _navigate_to (res://scripts/citizen_agent.gd:222)
       [372] _assign_next_task (res://scripts/citizen_agent.gd:213)
       [373] _navigate_to (res://scripts/citizen_agent.gd:222)
       [374] _assign_next_task (res://scripts/citizen_agent.gd:213)
       [375] _navigate_to (res://scripts/citizen_agent.gd:222)
       [376] _assign_next_task (res://scripts/citizen_agent.gd:213)
       [377] _navigate_to (res://scripts/citizen_agent.gd:222)
       [378] _assign_next_task (res://scripts/citizen_agent.gd:213)
       [379] _navigate_to (res://scripts/citizen_agent.gd:222)
       [380] _assign_next_task (res://scripts/citizen_agent.gd:213)
       [381] _navigate_to (res://scripts/citizen_agent.gd:222)
       [382] _assign_next_task (res://scripts/citizen_agent.gd:213)
       [383] _navigate_to (res://scripts/citizen_agent.gd:222)
       [384] _assign_next_task (res://scripts/citizen_agent.gd:213)
       [385] _navigate_to (res://scripts/citizen_agent.gd:222)
       [386] _assign_next_task (res://scripts/citizen_agent.gd:213)
       [387] _navigate_to (res://scripts/citizen_agent.gd:222)
       [388] _assign_next_task (res://scripts/citizen_agent.gd:213)
       [389] _navigate_to (res://scripts/citizen_agent.gd:222)
       [390] _assign_next_task (res://scripts/citizen_agent.gd:213)
       [391] _navigate_to (res://scripts/citizen_agent.gd:222)
       [392] _assign_next_task (res://scripts/citizen_agent.gd:213)
       [393] _navigate_to (res://scripts/citizen_agent.gd:222)
       [394] _assign_next_task (res://scripts/citizen_agent.gd:213)
       [395] _navigate_to (res://scripts/citizen_agent.gd:222)
       [396] _assign_next_task (res://scripts/citizen_agent.gd:213)
       [397] _navigate_to (res://scripts/citizen_agent.gd:222)
       [398] _assign_next_task (res://scripts/citizen_agent.gd:213)
       [399] _navigate_to (res://scripts/citizen_agent.gd:222)
       [400] _assign_next_task (res://scripts/citizen_agent.gd:213)
       [401] _navigate_to (res://scripts/citizen_agent.gd:222)
       [402] _assign_next_task (res://scripts/citizen_agent.gd:213)
       [403] _navigate_to (res://scripts/citizen_agent.gd:222)
       [404] _assign_next_task (res://scripts/citizen_agent.gd:213)
       [405] _navigate_to (res://scripts/citizen_agent.gd:222)
       [406] _assign_next_task (res://scripts/citizen_agent.gd:213)
       [407] _navigate_to (res://scripts/citizen_agent.gd:222)
       [408] _assign_next_task (res://scripts/citizen_agent.gd:213)
       [409] _navigate_to (res://scripts/citizen_agent.gd:222)
       [410] _assign_next_task (res://scripts/citizen_agent.gd:213)
       [411] _navigate_to (res://scripts/citizen_agent.gd:222)
       [412] _assign_next_task (res://scripts/citizen_agent.gd:213)
       [413] _navigate_to (res://scripts/citizen_agent.gd:222)
       [414] _assign_next_task (res://scripts/citizen_agent.gd:213)
       [415] _navigate_to (res://scripts/citizen_agent.gd:222)
       [416] _assign_next_task (res://scripts/citizen_agent.gd:213)
       [417] _navigate_to (res://scripts/citizen_agent.gd:222)
       [418] _assign_next_task (res://scripts/citizen_agent.gd:213)
       [419] _navigate_to (res://scripts/citizen_agent.gd:222)
       [420] _assign_next_task (res://scripts/citizen_agent.gd:213)
       [421] _navigate_to (res://scripts/citizen_agent.gd:222)
       [422] _assign_next_task (res://scripts/citizen_agent.gd:213)
       [423] _navigate_to (res://scripts/citizen_agent.gd:222)
       [424] _assign_next_task (res://scripts/citizen_agent.gd:213)
       [425] _navigate_to (res://scripts/citizen_agent.gd:222)
       [426] _assign_next_task (res://scripts/citizen_agent.gd:213)
       [427] _navigate_to (res://scripts/citizen_agent.gd:222)
       [428] _assign_next_task (res://scripts/citizen_agent.gd:213)
       [429] _navigate_to (res://scripts/citizen_agent.gd:222)
       [430] _assign_next_task (res://scripts/citizen_agent.gd:213)
       [431] _navigate_to (res://scripts/citizen_agent.gd:222)
       [432] _assign_next_task (res://scripts/citizen_agent.gd:213)
       [433] _navigate_to (res://scripts/citizen_agent.gd:222)
       [434] _assign_next_task (res://scripts/citizen_agent.gd:213)
       [435] _navigate_to (res://scripts/citizen_agent.gd:222)
       [436] _assign_next_task (res://scripts/citizen_agent.gd:213)
       [437] _navigate_to (res://scripts/citizen_agent.gd:222)
       [438] _assign_next_task (res://scripts/citizen_agent.gd:213)
       [439] _navigate_to (res://scripts/citizen_agent.gd:222)
       [440] _assign_next_task (res://scripts/citizen_agent.gd:213)
       [441] _navigate_to (res://scripts/citizen_agent.gd:222)
       [442] _assign_next_task (res://scripts/citizen_agent.gd:213)
       [443] _navigate_to (res://scripts/citizen_agent.gd:222)
       [444] _assign_next_task (res://scripts/citizen_agent.gd:213)
       [445] _navigate_to (res://scripts/citizen_agent.gd:222)
       [446] _assign_next_task (res://scripts/citizen_agent.gd:213)
       [447] _navigate_to (res://scripts/citizen_agent.gd:222)
       [448] _assign_next_task (res://scripts/citizen_agent.gd:213)
       [449] _navigate_to (res://scripts/citizen_agent.gd:222)
       [450] _assign_next_task (res://scripts/citizen_agent.gd:213)
       [451] _navigate_to (res://scripts/citizen_agent.gd:222)
       [452] _assign_next_task (res://scripts/citizen_agent.gd:213)
       [453] _navigate_to (res://scripts/citizen_agent.gd:222)
       [454] _assign_next_task (res://scripts/citizen_agent.gd:213)
       [455] _navigate_to (res://scripts/citizen_agent.gd:222)
       [456] _assign_next_task (res://scripts/citizen_agent.gd:213)
       [457] _navigate_to (res://scripts/citizen_agent.gd:222)
       [458] _assign_next_task (res://scripts/citizen_agent.gd:213)
       [459] _navigate_to (res://scripts/citizen_agent.gd:222)
       [460] _assign_next_task (res://scripts/citizen_agent.gd:213)
       [461] _navigate_to (res://scripts/citizen_agent.gd:222)
       [462] _assign_next_task (res://scripts/citizen_agent.gd:213)
       [463] _navigate_to (res://scripts/citizen_agent.gd:222)
       [464] _assign_next_task (res://scripts/citizen_agent.gd:213)
       [465] _navigate_to (res://scripts/citizen_agent.gd:222)
       [466] _assign_next_task (res://scripts/citizen_agent.gd:213)
       [467] _navigate_to (res://scripts/citizen_agent.gd:222)
       [468] _assign_next_task (res://scripts/citizen_agent.gd:213)
       [469] _navigate_to (res://scripts/citizen_agent.gd:222)
       [470] _assign_next_task (res://scripts/citizen_agent.gd:213)
       [471] _navigate_to (res://scripts/citizen_agent.gd:222)
       [472] _assign_next_task (res://scripts/citizen_agent.gd:213)
       [473] _navigate_to (res://scripts/citizen_agent.gd:222)
       [474] _assign_next_task (res://scripts/citizen_agent.gd:213)
       [475] _navigate_to (res://scripts/citizen_agent.gd:222)
       [476] _assign_next_task (res://scripts/citizen_agent.gd:213)
       [477] _navigate_to (res://scripts/citizen_agent.gd:222)
       [478] _assign_next_task (res://scripts/citizen_agent.gd:213)
       [479] _navigate_to (res://scripts/citizen_agent.gd:222)
       [480] _assign_next_task (res://scripts/citizen_agent.gd:213)
       [481] _navigate_to (res://scripts/citizen_agent.gd:222)
       [482] _assign_next_task (res://scripts/citizen_agent.gd:213)
       [483] _navigate_to (res://scripts/citizen_agent.gd:222)
       [484] _assign_next_task (res://scripts/citizen_agent.gd:213)
       [485] _navigate_to (res://scripts/citizen_agent.gd:222)
       [486] _assign_next_task (res://scripts/citizen_agent.gd:213)
       [487] _navigate_to (res://scripts/citizen_agent.gd:222)
       [488] _assign_next_task (res://scripts/citizen_agent.gd:213)
       [489] _navigate_to (res://scripts/citizen_agent.gd:222)
       [490] _assign_next_task (res://scripts/citizen_agent.gd:213)
       [491] _navigate_to (res://scripts/citizen_agent.gd:222)
       [492] _assign_next_task (res://scripts/citizen_agent.gd:213)
       [493] _navigate_to (res://scripts/citizen_agent.gd:222)
       [494] _assign_next_task (res://scripts/citizen_agent.gd:213)
       [495] _navigate_to (res://scripts/citizen_agent.gd:222)
       [496] _assign_next_task (res://scripts/citizen_agent.gd:213)
       [497] _navigate_to (res://scripts/citizen_agent.gd:222)
       [498] _assign_next_task (res://scripts/citizen_agent.gd:213)
       [499] _navigate_to (res://scripts/citizen_agent.gd:222)
       [500] _assign_next_task (res://scripts/citizen_agent.gd:213)
       [501] _navigate_to (res://scripts/citizen_agent.gd:222)
       [502] _assign_next_task (res://scripts/citizen_agent.gd:213)
       [503] _navigate_to (res://scripts/citizen_agent.gd:222)
       [504] _assign_next_task (res://scripts/citizen_agent.gd:213)
       [505] _navigate_to (res://scripts/citizen_agent.gd:222)
       [506] _assign_next_task (res://scripts/citizen_agent.gd:213)
       [507] _navigate_to (res://scripts/citizen_agent.gd:222)
       [508] _assign_next_task (res://scripts/citizen_agent.gd:213)
       [509] _navigate_to (res://scripts/citizen_agent.gd:222)
       [510] _assign_next_task (res://scripts/citizen_agent.gd:213)
       [511] _navigate_to (res://scripts/citizen_agent.gd:222)
       [512] _assign_next_task (res://scripts/citizen_agent.gd:213)
       [513] _navigate_to (res://scripts/citizen_agent.gd:222)
       [514] _assign_next_task (res://scripts/citizen_agent.gd:213)
       [515] _navigate_to (res://scripts/citizen_agent.gd:222)
       [516] _assign_next_task (res://scripts/citizen_agent.gd:213)
       [517] _navigate_to (res://scripts/citizen_agent.gd:222)
       [518] _assign_next_task (res://scripts/citizen_agent.gd:213)
       [519] _navigate_to (res://scripts/citizen_agent.gd:222)
       [520] _assign_next_task (res://scripts/citizen_agent.gd:213)
       [521] _navigate_to (res://scripts/citizen_agent.gd:222)
       [522] _assign_next_task (res://scripts/citizen_agent.gd:213)
       [523] _navigate_to (res://scripts/citizen_agent.gd:222)
       [524] _assign_next_task (res://scripts/citizen_agent.gd:213)
       [525] _navigate_to (res://scripts/citizen_agent.gd:222)
       [526] _assign_next_task (res://scripts/citizen_agent.gd:213)
       [527] _navigate_to (res://scripts/citizen_agent.gd:222)
       [528] _assign_next_task (res://scripts/citizen_agent.gd:213)
       [529] _navigate_to (res://scripts/citizen_agent.gd:222)
       [530] _assign_next_task (res://scripts/citizen_agent.gd:213)
       [531] _navigate_to (res://scripts/citizen_agent.gd:222)
       [532] _assign_next_task (res://scripts/citizen_agent.gd:213)
       [533] _navigate_to (res://scripts/citizen_agent.gd:222)
       [534] _assign_next_task (res://scripts/citizen_agent.gd:213)
       [535] _navigate_to (res://scripts/citizen_agent.gd:222)
       [536] _assign_next_task (res://scripts/citizen_agent.gd:213)
       [537] _navigate_to (res://scripts/citizen_agent.gd:222)
       [538] _assign_next_task (res://scripts/citizen_agent.gd:213)
       [539] _navigate_to (res://scripts/citizen_agent.gd:222)
       [540] _assign_next_task (res://scripts/citizen_agent.gd:213)
       [541] _navigate_to (res://scripts/citizen_agent.gd:222)
       [542] _assign_next_task (res://scripts/citizen_agent.gd:213)
       [543] _navigate_to (res://scripts/citizen_agent.gd:222)
       [544] _assign_next_task (res://scripts/citizen_agent.gd:213)
       [545] _navigate_to (res://scripts/citizen_agent.gd:222)
       [546] _assign_next_task (res://scripts/citizen_agent.gd:213)
       [547] _navigate_to (res://scripts/citizen_agent.gd:222)
       [548] _assign_next_task (res://scripts/citizen_agent.gd:213)
       [549] _navigate_to (res://scripts/citizen_agent.gd:222)
       [550] _assign_next_task (res://scripts/citizen_agent.gd:213)
       [551] _navigate_to (res://scripts/citizen_agent.gd:222)
       [552] _assign_next_task (res://scripts/citizen_agent.gd:213)
       [553] _navigate_to (res://scripts/citizen_agent.gd:222)
       [554] _assign_next_task (res://scripts/citizen_agent.gd:213)
       [555] _navigate_to (res://scripts/citizen_agent.gd:222)
       [556] _assign_next_task (res://scripts/citizen_agent.gd:213)
       [557] _navigate_to (res://scripts/citizen_agent.gd:222)
       [558] _assign_next_task (res://scripts/citizen_agent.gd:213)
       [559] _navigate_to (res://scripts/citizen_agent.gd:222)
       [560] _assign_next_task (res://scripts/citizen_agent.gd:213)
       [561] _navigate_to (res://scripts/citizen_agent.gd:222)
       [562] _assign_next_task (res://scripts/citizen_agent.gd:213)
       [563] _navigate_to (res://scripts/citizen_agent.gd:222)
       [564] _assign_next_task (res://scripts/citizen_agent.gd:213)
       [565] _navigate_to (res://scripts/citizen_agent.gd:222)
       [566] _assign_next_task (res://scripts/citizen_agent.gd:213)
       [567] _navigate_to (res://scripts/citizen_agent.gd:222)
       [568] _assign_next_task (res://scripts/citizen_agent.gd:213)
       [569] _navigate_to (res://scripts/citizen_agent.gd:222)
       [570] _assign_next_task (res://scripts/citizen_agent.gd:213)
       [571] _navigate_to (res://scripts/citizen_agent.gd:222)
       [572] _assign_next_task (res://scripts/citizen_agent.gd:213)
       [573] _navigate_to (res://scripts/citizen_agent.gd:222)
       [574] _assign_next_task (res://scripts/citizen_agent.gd:213)
       [575] _navigate_to (res://scripts/citizen_agent.gd:222)
       [576] _assign_next_task (res://scripts/citizen_agent.gd:213)
       [577] _navigate_to (res://scripts/citizen_agent.gd:222)
       [578] _assign_next_task (res://scripts/citizen_agent.gd:213)
       [579] _navigate_to (res://scripts/citizen_agent.gd:222)
       [580] _assign_next_task (res://scripts/citizen_agent.gd:213)
       [581] _navigate_to (res://scripts/citizen_agent.gd:222)
       [582] _assign_next_task (res://scripts/citizen_agent.gd:213)
       [583] _navigate_to (res://scripts/citizen_agent.gd:222)
       [584] _assign_next_task (res://scripts/citizen_agent.gd:213)
       [585] _navigate_to (res://scripts/citizen_agent.gd:222)
       [586] _assign_next_task (res://scripts/citizen_agent.gd:213)
       [587] _navigate_to (res://scripts/citizen_agent.gd:222)
       [588] _assign_next_task (res://scripts/citizen_agent.gd:213)
       [589] _navigate_to (res://scripts/citizen_agent.gd:222)
       [590] _assign_next_task (res://scripts/citizen_agent.gd:213)
       [591] _navigate_to (res://scripts/citizen_agent.gd:222)
       [592] _assign_next_task (res://scripts/citizen_agent.gd:213)
       [593] _navigate_to (res://scripts/citizen_agent.gd:222)
       [594] _assign_next_task (res://scripts/citizen_agent.gd:213)
       [595] _navigate_to (res://scripts/citizen_agent.gd:222)
       [596] _assign_next_task (res://scripts/citizen_agent.gd:213)
       [597] _navigate_to (res://scripts/citizen_agent.gd:222)
       [598] _assign_next_task (res://scripts/citizen_agent.gd:213)
       [599] _navigate_to (res://scripts/citizen_agent.gd:222)
       [600] _assign_next_task (res://scripts/citizen_agent.gd:213)
       [601] _navigate_to (res://scripts/citizen_agent.gd:222)
       [602] _assign_next_task (res://scripts/citizen_agent.gd:213)
       [603] _navigate_to (res://scripts/citizen_agent.gd:222)
       [604] _assign_next_task (res://scripts/citizen_agent.gd:213)
       [605] _navigate_to (res://scripts/citizen_agent.gd:222)
       [606] _assign_next_task (res://scripts/citizen_agent.gd:213)
       [607] _navigate_to (res://scripts/citizen_agent.gd:222)
       [608] _assign_next_task (res://scripts/citizen_agent.gd:213)
       [609] _navigate_to (res://scripts/citizen_agent.gd:222)
       [610] _assign_next_task (res://scripts/citizen_agent.gd:213)
       [611] _navigate_to (res://scripts/citizen_agent.gd:222)
       [612] _assign_next_task (res://scripts/citizen_agent.gd:213)
       [613] _navigate_to (res://scripts/citizen_agent.gd:222)
       [614] _assign_next_task (res://scripts/citizen_agent.gd:213)
       [615] _navigate_to (res://scripts/citizen_agent.gd:222)
       [616] _assign_next_task (res://scripts/citizen_agent.gd:213)
       [617] _navigate_to (res://scripts/citizen_agent.gd:222)
       [618] _assign_next_task (res://scripts/citizen_agent.gd:213)
       [619] _navigate_to (res://scripts/citizen_agent.gd:222)
       [620] _assign_next_task (res://scripts/citizen_agent.gd:213)
       [621] _navigate_to (res://scripts/citizen_agent.gd:222)
       [622] _assign_next_task (res://scripts/citizen_agent.gd:213)
       [623] _navigate_to (res://scripts/citizen_agent.gd:222)
       [624] _assign_next_task (res://scripts/citizen_agent.gd:213)
       [625] _navigate_to (res://scripts/citizen_agent.gd:222)
       [626] _assign_next_task (res://scripts/citizen_agent.gd:213)
       [627] _navigate_to (res://scripts/citizen_agent.gd:222)
       [628] _assign_next_task (res://scripts/citizen_agent.gd:213)
       [629] _navigate_to (res://scripts/citizen_agent.gd:222)
       [630] _assign_next_task (res://scripts/citizen_agent.gd:213)
       [631] _navigate_to (res://scripts/citizen_agent.gd:222)
       [632] _assign_next_task (res://scripts/citizen_agent.gd:213)
       [633] _navigate_to (res://scripts/citizen_agent.gd:222)
       [634] _assign_next_task (res://scripts/citizen_agent.gd:213)
       [635] _navigate_to (res://scripts/citizen_agent.gd:222)
       [636] _assign_next_task (res://scripts/citizen_agent.gd:213)
       [637] _navigate_to (res://scripts/citizen_agent.gd:222)
       [638] _assign_next_task (res://scripts/citizen_agent.gd:213)
       [639] _navigate_to (res://scripts/citizen_agent.gd:222)
       [640] _assign_next_task (res://scripts/citizen_agent.gd:213)
       [641] _navigate_to (res://scripts/citizen_agent.gd:222)
       [642] _assign_next_task (res://scripts/citizen_agent.gd:213)
       [643] _navigate_to (res://scripts/citizen_agent.gd:222)
       [644] _assign_next_task (res://scripts/citizen_agent.gd:213)
       [645] _navigate_to (res://scripts/citizen_agent.gd:222)
       [646] _assign_next_task (res://scripts/citizen_agent.gd:213)
       [647] _navigate_to (res://scripts/citizen_agent.gd:222)
       [648] _assign_next_task (res://scripts/citizen_agent.gd:213)
       [649] _navigate_to (res://scripts/citizen_agent.gd:222)
       [650] _assign_next_task (res://scripts/citizen_agent.gd:213)
       [651] _navigate_to (res://scripts/citizen_agent.gd:222)
       [652] _assign_next_task (res://scripts/citizen_agent.gd:213)
       [653] _navigate_to (res://scripts/citizen_agent.gd:222)
       [654] _assign_next_task (res://scripts/citizen_agent.gd:213)
       [655] _navigate_to (res://scripts/citizen_agent.gd:222)
       [656] _assign_next_task (res://scripts/citizen_agent.gd:213)
       [657] _navigate_to (res://scripts/citizen_agent.gd:222)
       [658] _assign_next_task (res://scripts/citizen_agent.gd:213)
       [659] _navigate_to (res://scripts/citizen_agent.gd:222)
       [660] _assign_next_task (res://scripts/citizen_agent.gd:213)
       [661] _navigate_to (res://scripts/citizen_agent.gd:222)
       [662] _assign_next_task (res://scripts/citizen_agent.gd:213)
       [663] _navigate_to (res://scripts/citizen_agent.gd:222)
       [664] _assign_next_task (res://scripts/citizen_agent.gd:213)
       [665] _navigate_to (res://scripts/citizen_agent.gd:222)
       [666] _assign_next_task (res://scripts/citizen_agent.gd:213)
       [667] _navigate_to (res://scripts/citizen_agent.gd:222)
       [668] _assign_next_task (res://scripts/citizen_agent.gd:213)
       [669] _navigate_to (res://scripts/citizen_agent.gd:222)
       [670] _assign_next_task (res://scripts/citizen_agent.gd:213)
       [671] _navigate_to (res://scripts/citizen_agent.gd:222)
       [672] _assign_next_task (res://scripts/citizen_agent.gd:213)
       [673] _navigate_to (res://scripts/citizen_agent.gd:222)
       [674] _assign_next_task (res://scripts/citizen_agent.gd:213)
       [675] _navigate_to (res://scripts/citizen_agent.gd:222)
       [676] _assign_next_task (res://scripts/citizen_agent.gd:213)
       [677] _navigate_to (res://scripts/citizen_agent.gd:222)
       [678] _assign_next_task (res://scripts/citizen_agent.gd:213)
       [679] _navigate_to (res://scripts/citizen_agent.gd:222)
       [680] _assign_next_task (res://scripts/citizen_agent.gd:213)
       [681] _navigate_to (res://scripts/citizen_agent.gd:222)
       [682] _assign_next_task (res://scripts/citizen_agent.gd:213)
       [683] _navigate_to (res://scripts/citizen_agent.gd:222)
       [684] _assign_next_task (res://scripts/citizen_agent.gd:213)
       [685] _navigate_to (res://scripts/citizen_agent.gd:222)
       [686] _assign_next_task (res://scripts/citizen_agent.gd:213)
       [687] _navigate_to (res://scripts/citizen_agent.gd:222)
       [688] _assign_next_task (res://scripts/citizen_agent.gd:213)
       [689] _navigate_to (res://scripts/citizen_agent.gd:222)
       [690] _assign_next_task (res://scripts/citizen_agent.gd:213)
       [691] _navigate_to (res://scripts/citizen_agent.gd:222)
       [692] _assign_next_task (res://scripts/citizen_agent.gd:213)
       [693] _navigate_to (res://scripts/citizen_agent.gd:222)
       [694] _assign_next_task (res://scripts/citizen_agent.gd:213)
       [695] _navigate_to (res://scripts/citizen_agent.gd:222)
       [696] _assign_next_task (res://scripts/citizen_agent.gd:213)
       [697] _navigate_to (res://scripts/citizen_agent.gd:222)
       [698] _assign_next_task (res://scripts/citizen_agent.gd:213)
       [699] _navigate_to (res://scripts/citizen_agent.gd:222)
       [700] _assign_next_task (res://scripts/citizen_agent.gd:213)
       [701] _navigate_to (res://scripts/citizen_agent.gd:222)
       [702] _assign_next_task (res://scripts/citizen_agent.gd:213)
       [703] _navigate_to (res://scripts/citizen_agent.gd:222)
       [704] _assign_next_task (res://scripts/citizen_agent.gd:213)
       [705] _navigate_to (res://scripts/citizen_agent.gd:222)
       [706] _assign_next_task (res://scripts/citizen_agent.gd:213)
       [707] _navigate_to (res://scripts/citizen_agent.gd:222)
       [708] _assign_next_task (res://scripts/citizen_agent.gd:213)
       [709] _navigate_to (res://scripts/citizen_agent.gd:222)
       [710] _assign_next_task (res://scripts/citizen_agent.gd:213)
       [711] _navigate_to (res://scripts/citizen_agent.gd:222)
       [712] _assign_next_task (res://scripts/citizen_agent.gd:213)
       [713] _navigate_to (res://scripts/citizen_agent.gd:222)
       [714] _assign_next_task (res://scripts/citizen_agent.gd:213)
       [715] _navigate_to (res://scripts/citizen_agent.gd:222)
       [716] _assign_next_task (res://scripts/citizen_agent.gd:213)
       [717] _navigate_to (res://scripts/citizen_agent.gd:222)
       [718] _assign_next_task (res://scripts/citizen_agent.gd:213)
       [719] _navigate_to (res://scripts/citizen_agent.gd:222)
       [720] _assign_next_task (res://scripts/citizen_agent.gd:213)
       [721] _navigate_to (res://scripts/citizen_agent.gd:222)
       [722] _assign_next_task (res://scripts/citizen_agent.gd:213)
       [723] _navigate_to (res://scripts/citizen_agent.gd:222)
       [724] _assign_next_task (res://scripts/citizen_agent.gd:213)
       [725] _navigate_to (res://scripts/citizen_agent.gd:222)
       [726] _assign_next_task (res://scripts/citizen_agent.gd:213)
       [727] _navigate_to (res://scripts/citizen_agent.gd:222)
       [728] _assign_next_task (res://scripts/citizen_agent.gd:213)
       [729] _navigate_to (res://scripts/citizen_agent.gd:222)
       [730] _assign_next_task (res://scripts/citizen_agent.gd:213)
       [731] _navigate_to (res://scripts/citizen_agent.gd:222)
       [732] _assign_next_task (res://scripts/citizen_agent.gd:213)
       [733] _navigate_to (res://scripts/citizen_agent.gd:222)
       [734] _assign_next_task (res://scripts/citizen_agent.gd:213)
       [735] _navigate_to (res://scripts/citizen_agent.gd:222)
       [736] _assign_next_task (res://scripts/citizen_agent.gd:213)
       [737] _navigate_to (res://scripts/citizen_agent.gd:222)
       [738] _assign_next_task (res://scripts/citizen_agent.gd:213)
       [739] _navigate_to (res://scripts/citizen_agent.gd:222)
       [740] _assign_next_task (res://scripts/citizen_agent.gd:213)
       [741] _navigate_to (res://scripts/citizen_agent.gd:222)
       [742] _assign_next_task (res://scripts/citizen_agent.gd:213)
       [743] _navigate_to (res://scripts/citizen_agent.gd:222)
       [744] _assign_next_task (res://scripts/citizen_agent.gd:213)
       [745] _navigate_to (res://scripts/citizen_agent.gd:222)
       [746] _assign_next_task (res://scripts/citizen_agent.gd:213)
       [747] _navigate_to (res://scripts/citizen_agent.gd:222)
       [748] _assign_next_task (res://scripts/citizen_agent.gd:213)
       [749] _navigate_to (res://scripts/citizen_agent.gd:222)
       [750] _assign_next_task (res://scripts/citizen_agent.gd:213)
       [751] _navigate_to (res://scripts/citizen_agent.gd:222)
       [752] _assign_next_task (res://scripts/citizen_agent.gd:213)
       [753] _navigate_to (res://scripts/citizen_agent.gd:222)
       [754] _assign_next_task (res://scripts/citizen_agent.gd:213)
       [755] _navigate_to (res://scripts/citizen_agent.gd:222)
       [756] _assign_next_task (res://scripts/citizen_agent.gd:213)
       [757] _navigate_to (res://scripts/citizen_agent.gd:222)
       [758] _assign_next_task (res://scripts/citizen_agent.gd:213)
       [759] _navigate_to (res://scripts/citizen_agent.gd:222)
       [760] _assign_next_task (res://scripts/citizen_agent.gd:213)
       [761] _navigate_to (res://scripts/citizen_agent.gd:222)
       [762] _assign_next_task (res://scripts/citizen_agent.gd:213)
       [763] _navigate_to (res://scripts/citizen_agent.gd:222)
       [764] _assign_next_task (res://scripts/citizen_agent.gd:213)
       [765] _navigate_to (res://scripts/citizen_agent.gd:222)
       [766] _assign_next_task (res://scripts/citizen_agent.gd:213)
       [767] _navigate_to (res://scripts/citizen_agent.gd:222)
       [768] _assign_next_task (res://scripts/citizen_agent.gd:213)
       [769] _navigate_to (res://scripts/citizen_agent.gd:222)
       [770] _assign_next_task (res://scripts/citizen_agent.gd:213)
       [771] _navigate_to (res://scripts/citizen_agent.gd:222)
       [772] _assign_next_task (res://scripts/citizen_agent.gd:213)
       [773] _navigate_to (res://scripts/citizen_agent.gd:222)
       [774] _assign_next_task (res://scripts/citizen_agent.gd:213)
       [775] _navigate_to (res://scripts/citizen_agent.gd:222)
       [776] _assign_next_task (res://scripts/citizen_agent.gd:213)
       [777] _navigate_to (res://scripts/citizen_agent.gd:222)
       [778] _assign_next_task (res://scripts/citizen_agent.gd:213)
       [779] _navigate_to (res://scripts/citizen_agent.gd:222)
       [780] _assign_next_task (res://scripts/citizen_agent.gd:213)
       [781] _navigate_to (res://scripts/citizen_agent.gd:222)
       [782] _assign_next_task (res://scripts/citizen_agent.gd:213)
       [783] _navigate_to (res://scripts/citizen_agent.gd:222)
       [784] _assign_next_task (res://scripts/citizen_agent.gd:213)
       [785] _navigate_to (res://scripts/citizen_agent.gd:222)
       [786] _assign_next_task (res://scripts/citizen_agent.gd:213)
       [787] _navigate_to (res://scripts/citizen_agent.gd:222)
       [788] _assign_next_task (res://scripts/citizen_agent.gd:213)
       [789] _navigate_to (res://scripts/citizen_agent.gd:222)
       [790] _assign_next_task (res://scripts/citizen_agent.gd:213)
       [791] _navigate_to (res://scripts/citizen_agent.gd:222)
       [792] _assign_next_task (res://scripts/citizen_agent.gd:213)
       [793] _navigate_to (res://scripts/citizen_agent.gd:222)
       [794] _assign_next_task (res://scripts/citizen_agent.gd:213)
       [795] _navigate_to (res://scripts/citizen_agent.gd:222)
       [796] _assign_next_task (res://scripts/citizen_agent.gd:213)
       [797] _navigate_to (res://scripts/citizen_agent.gd:222)
       [798] _assign_next_task (res://scripts/citizen_agent.gd:213)
       [799] _navigate_to (res://scripts/citizen_agent.gd:222)
       [800] _assign_next_task (res://scripts/citizen_agent.gd:213)
       [801] _navigate_to (res://scripts/citizen_agent.gd:222)
       [802] _assign_next_task (res://scripts/citizen_agent.gd:213)
       [803] _navigate_to (res://scripts/citizen_agent.gd:222)
       [804] _assign_next_task (res://scripts/citizen_agent.gd:213)
       [805] _navigate_to (res://scripts/citizen_agent.gd:222)
       [806] _assign_next_task (res://scripts/citizen_agent.gd:213)
       [807] _navigate_to (res://scripts/citizen_agent.gd:222)
       [808] _assign_next_task (res://scripts/citizen_agent.gd:213)
       [809] _navigate_to (res://scripts/citizen_agent.gd:222)
       [810] _assign_next_task (res://scripts/citizen_agent.gd:213)
       [811] _navigate_to (res://scripts/citizen_agent.gd:222)
       [812] _assign_next_task (res://scripts/citizen_agent.gd:213)
       [813] _navigate_to (res://scripts/citizen_agent.gd:222)
       [814] _assign_next_task (res://scripts/citizen_agent.gd:213)
       [815] _navigate_to (res://scripts/citizen_agent.gd:222)
       [816] _assign_next_task (res://scripts/citizen_agent.gd:213)
       [817] _navigate_to (res://scripts/citizen_agent.gd:222)
       [818] _assign_next_task (res://scripts/citizen_agent.gd:213)
       [819] _navigate_to (res://scripts/citizen_agent.gd:222)
       [820] _assign_next_task (res://scripts/citizen_agent.gd:213)
       [821] _navigate_to (res://scripts/citizen_agent.gd:222)
       [822] _assign_next_task (res://scripts/citizen_agent.gd:213)
       [823] _navigate_to (res://scripts/citizen_agent.gd:222)
       [824] _assign_next_task (res://scripts/citizen_agent.gd:213)
       [825] _navigate_to (res://scripts/citizen_agent.gd:222)
       [826] _assign_next_task (res://scripts/citizen_agent.gd:213)
       [827] _navigate_to (res://scripts/citizen_agent.gd:222)
       [828] _assign_next_task (res://scripts/citizen_agent.gd:213)
       [829] _navigate_to (res://scripts/citizen_agent.gd:222)
       [830] _assign_next_task (res://scripts/citizen_agent.gd:213)
       [831] _navigate_to (res://scripts/citizen_agent.gd:222)
       [832] _assign_next_task (res://scripts/citizen_agent.gd:213)
       [833] _navigate_to (res://scripts/citizen_agent.gd:222)
       [834] _assign_next_task (res://scripts/citizen_agent.gd:213)
       [835] _navigate_to (res://scripts/citizen_agent.gd:222)
       [836] _assign_next_task (res://scripts/citizen_agent.gd:213)
       [837] _navigate_to (res://scripts/citizen_agent.gd:222)
       [838] _assign_next_task (res://scripts/citizen_agent.gd:213)
       [839] _navigate_to (res://scripts/citizen_agent.gd:222)
       [840] _assign_next_task (res://scripts/citizen_agent.gd:213)
       [841] _navigate_to (res://scripts/citizen_agent.gd:222)
       [842] _assign_next_task (res://scripts/citizen_agent.gd:213)
       [843] _navigate_to (res://scripts/citizen_agent.gd:222)
       [844] _assign_next_task (res://scripts/citizen_agent.gd:213)
       [845] _navigate_to (res://scripts/citizen_agent.gd:222)
       [846] _assign_next_task (res://scripts/citizen_agent.gd:213)
       [847] _navigate_to (res://scripts/citizen_agent.gd:222)
       [848] _assign_next_task (res://scripts/citizen_agent.gd:213)
       [849] _navigate_to (res://scripts/citizen_agent.gd:222)
       [850] _assign_next_task (res://scripts/citizen_agent.gd:213)
       [851] _navigate_to (res://scripts/citizen_agent.gd:222)
       [852] _assign_next_task (res://scripts/citizen_agent.gd:213)
       [853] _navigate_to (res://scripts/citizen_agent.gd:222)
       [854] _assign_next_task (res://scripts/citizen_agent.gd:213)
       [855] _navigate_to (res://scripts/citizen_agent.gd:222)
       [856] _assign_next_task (res://scripts/citizen_agent.gd:213)
       [857] _navigate_to (res://scripts/citizen_agent.gd:222)
       [858] _assign_next_task (res://scripts/citizen_agent.gd:213)
       [859] _navigate_to (res://scripts/citizen_agent.gd:222)
       [860] _assign_next_task (res://scripts/citizen_agent.gd:213)
       [861] _navigate_to (res://scripts/citizen_agent.gd:222)
       [862] _assign_next_task (res://scripts/citizen_agent.gd:213)
       [863] _navigate_to (res://scripts/citizen_agent.gd:222)
       [864] _assign_next_task (res://scripts/citizen_agent.gd:213)
       [865] _navigate_to (res://scripts/citizen_agent.gd:222)
       [866] _assign_next_task (res://scripts/citizen_agent.gd:213)
       [867] _navigate_to (res://scripts/citizen_agent.gd:222)
       [868] _assign_next_task (res://scripts/citizen_agent.gd:213)
       [869] _navigate_to (res://scripts/citizen_agent.gd:222)
       [870] _assign_next_task (res://scripts/citizen_agent.gd:213)
       [871] _navigate_to (res://scripts/citizen_agent.gd:222)
       [872] _assign_next_task (res://scripts/citizen_agent.gd:213)
       [873] _navigate_to (res://scripts/citizen_agent.gd:222)
       [874] _assign_next_task (res://scripts/citizen_agent.gd:213)
       [875] _navigate_to (res://scripts/citizen_agent.gd:222)
       [876] _assign_next_task (res://scripts/citizen_agent.gd:213)
       [877] _navigate_to (res://scripts/citizen_agent.gd:222)
       [878] _assign_next_task (res://scripts/citizen_agent.gd:213)
       [879] _navigate_to (res://scripts/citizen_agent.gd:222)
       [880] _assign_next_task (res://scripts/citizen_agent.gd:213)
       [881] _navigate_to (res://scripts/citizen_agent.gd:222)
       [882] _assign_next_task (res://scripts/citizen_agent.gd:213)
       [883] _navigate_to (res://scripts/citizen_agent.gd:222)
       [884] _assign_next_task (res://scripts/citizen_agent.gd:213)
       [885] _navigate_to (res://scripts/citizen_agent.gd:222)
       [886] _assign_next_task (res://scripts/citizen_agent.gd:213)
       [887] _navigate_to (res://scripts/citizen_agent.gd:222)
       [888] _assign_next_task (res://scripts/citizen_agent.gd:213)
       [889] _navigate_to (res://scripts/citizen_agent.gd:222)
       [890] _assign_next_task (res://scripts/citizen_agent.gd:213)
       [891] _navigate_to (res://scripts/citizen_agent.gd:222)
       [892] _assign_next_task (res://scripts/citizen_agent.gd:213)
       [893] _navigate_to (res://scripts/citizen_agent.gd:222)
       [894] _assign_next_task (res://scripts/citizen_agent.gd:213)
       [895] _navigate_to (res://scripts/citizen_agent.gd:222)
       [896] _assign_next_task (res://scripts/citizen_agent.gd:213)
       [897] _navigate_to (res://scripts/citizen_agent.gd:222)
       [898] _assign_next_task (res://scripts/citizen_agent.gd:213)
       [899] _navigate_to (res://scripts/citizen_agent.gd:222)
       [900] _assign_next_task (res://scripts/citizen_agent.gd:213)
       [901] _navigate_to (res://scripts/citizen_agent.gd:222)
       [902] _assign_next_task (res://scripts/citizen_agent.gd:213)
       [903] _navigate_to (res://scripts/citizen_agent.gd:222)
       [904] _assign_next_task (res://scripts/citizen_agent.gd:213)
       [905] _navigate_to (res://scripts/citizen_agent.gd:222)
       [906] _assign_next_task (res://scripts/citizen_agent.gd:213)
       [907] _navigate_to (res://scripts/citizen_agent.gd:222)
       [908] _assign_next_task (res://scripts/citizen_agent.gd:213)
       [909] _navigate_to (res://scripts/citizen_agent.gd:222)
       [910] _assign_next_task (res://scripts/citizen_agent.gd:213)
       [911] _navigate_to (res://scripts/citizen_agent.gd:222)
       [912] _assign_next_task (res://scripts/citizen_agent.gd:213)
       [913] _navigate_to (res://scripts/citizen_agent.gd:222)
       [914] _assign_next_task (res://scripts/citizen_agent.gd:213)
       [915] _navigate_to (res://scripts/citizen_agent.gd:222)
       [916] _assign_next_task (res://scripts/citizen_agent.gd:213)
       [917] _navigate_to (res://scripts/citizen_agent.gd:222)
       [918] _assign_next_task (res://scripts/citizen_agent.gd:213)
       [919] _navigate_to (res://scripts/citizen_agent.gd:222)
       [920] _assign_next_task (res://scripts/citizen_agent.gd:213)
       [921] _navigate_to (res://scripts/citizen_agent.gd:222)
       [922] _assign_next_task (res://scripts/citizen_agent.gd:213)
       [923] _navigate_to (res://scripts/citizen_agent.gd:222)
       [924] _assign_next_task (res://scripts/citizen_agent.gd:213)
       [925] _navigate_to (res://scripts/citizen_agent.gd:222)
       [926] _assign_next_task (res://scripts/citizen_agent.gd:213)
       [927] _navigate_to (res://scripts/citizen_agent.gd:222)
       [928] _assign_next_task (res://scripts/citizen_agent.gd:213)
       [929] _navigate_to (res://scripts/citizen_agent.gd:222)
       [930] _assign_next_task (res://scripts/citizen_agent.gd:213)
       [931] _navigate_to (res://scripts/citizen_agent.gd:222)
       [932] _assign_next_task (res://scripts/citizen_agent.gd:213)
       [933] _navigate_to (res://scripts/citizen_agent.gd:222)
       [934] _assign_next_task (res://scripts/citizen_agent.gd:213)
       [935] _navigate_to (res://scripts/citizen_agent.gd:222)
       [936] _assign_next_task (res://scripts/citizen_agent.gd:213)
       [937] _navigate_to (res://scripts/citizen_agent.gd:222)
       [938] _assign_next_task (res://scripts/citizen_agent.gd:213)
       [939] _navigate_to (res://scripts/citizen_agent.gd:222)
       [940] _assign_next_task (res://scripts/citizen_agent.gd:213)
       [941] _navigate_to (res://scripts/citizen_agent.gd:222)
       [942] _assign_next_task (res://scripts/citizen_agent.gd:213)
       [943] _navigate_to (res://scripts/citizen_agent.gd:222)
       [944] _assign_next_task (res://scripts/citizen_agent.gd:213)
       [945] _navigate_to (res://scripts/citizen_agent.gd:222)
       [946] _assign_next_task (res://scripts/citizen_agent.gd:213)
       [947] _navigate_to (res://scripts/citizen_agent.gd:222)
       [948] _assign_next_task (res://scripts/citizen_agent.gd:213)
       [949] _navigate_to (res://scripts/citizen_agent.gd:222)
       [950] _assign_next_task (res://scripts/citizen_agent.gd:213)
       [951] _navigate_to (res://scripts/citizen_agent.gd:222)
       [952] _assign_next_task (res://scripts/citizen_agent.gd:213)
       [953] _navigate_to (res://scripts/citizen_agent.gd:222)
       [954] _assign_next_task (res://scripts/citizen_agent.gd:213)
       [955] _navigate_to (res://scripts/citizen_agent.gd:222)
       [956] _assign_next_task (res://scripts/citizen_agent.gd:213)
       [957] _navigate_to (res://scripts/citizen_agent.gd:222)
       [958] _assign_next_task (res://scripts/citizen_agent.gd:213)
       [959] _navigate_to (res://scripts/citizen_agent.gd:222)
       [960] _assign_next_task (res://scripts/citizen_agent.gd:213)
       [961] _navigate_to (res://scripts/citizen_agent.gd:222)
       [962] _assign_next_task (res://scripts/citizen_agent.gd:213)
       [963] _navigate_to (res://scripts/citizen_agent.gd:222)
       [964] _assign_next_task (res://scripts/citizen_agent.gd:213)
       [965] _navigate_to (res://scripts/citizen_agent.gd:222)
       [966] _assign_next_task (res://scripts/citizen_agent.gd:213)
       [967] _navigate_to (res://scripts/citizen_agent.gd:222)
       [968] _assign_next_task (res://scripts/citizen_agent.gd:213)
       [969] _navigate_to (res://scripts/citizen_agent.gd:222)
       [970] _assign_next_task (res://scripts/citizen_agent.gd:213)
       [971] _navigate_to (res://scripts/citizen_agent.gd:222)
       [972] _assign_next_task (res://scripts/citizen_agent.gd:213)
       [973] _navigate_to (res://scripts/citizen_agent.gd:222)
       [974] _assign_next_task (res://scripts/citizen_agent.gd:213)
       [975] _navigate_to (res://scripts/citizen_agent.gd:222)
       [976] _assign_next_task (res://scripts/citizen_agent.gd:213)
       [977] _navigate_to (res://scripts/citizen_agent.gd:222)
       [978] _assign_next_task (res://scripts/citizen_agent.gd:213)
       [979] _navigate_to (res://scripts/citizen_agent.gd:222)
       [980] _assign_next_task (res://scripts/citizen_agent.gd:213)
       [981] _navigate_to (res://scripts/citizen_agent.gd:222)
       [982] _assign_next_task (res://scripts/citizen_agent.gd:213)
       [983] _navigate_to (res://scripts/citizen_agent.gd:222)
       [984] _assign_next_task (res://scripts/citizen_agent.gd:213)
       [985] _navigate_to (res://scripts/citizen_agent.gd:222)
       [986] _assign_next_task (res://scripts/citizen_agent.gd:213)
       [987] _navigate_to (res://scripts/citizen_agent.gd:222)
       [988] _assign_next_task (res://scripts/citizen_agent.gd:213)
       [989] _navigate_to (res://scripts/citizen_agent.gd:222)
       [990] _assign_next_task (res://scripts/citizen_agent.gd:213)
       [991] _navigate_to (res://scripts/citizen_agent.gd:222)
       [992] _assign_next_task (res://scripts/citizen_agent.gd:213)
       [993] _navigate_to (res://scripts/citizen_agent.gd:222)
       [994] _assign_next_task (res://scripts/citizen_agent.gd:213)
       [995] _navigate_to (res://scripts/citizen_agent.gd:222)
       [996] _assign_next_task (res://scripts/citizen_agent.gd:213)
       [997] _navigate_to (res://scripts/citizen_agent.gd:222)
       [998] _assign_next_task (res://scripts/citizen_agent.gd:213)
       [999] _navigate_to (res://scripts/citizen_agent.gd:222)
       [1000] _assign_next_task (res://scripts/citizen_agent.gd:213)
       [1001] _navigate_to (res://scripts/citizen_agent.gd:222)
       [1002] _assign_next_task (res://scripts/citizen_agent.gd:213)
       [1003] _navigate_to (res://scripts/citizen_agent.gd:222)
       [1004] _assign_next_task (res://scripts/citizen_agent.gd:213)
       [1005] _navigate_to (res://scripts/citizen_agent.gd:222)
       [1006] _assign_next_task (res://scripts/citizen_agent.gd:213)
       [1007] _navigate_to (res://scripts/citizen_agent.gd:222)
       [1008] _assign_next_task (res://scripts/citizen_agent.gd:213)
       [1009] _navigate_to (res://scripts/citizen_agent.gd:222)
       [1010] _assign_next_task (res://scripts/citizen_agent.gd:213)
       [1011] _navigate_to (res://scripts/citizen_agent.gd:222)
       [1012] _assign_next_task (res://scripts/citizen_agent.gd:213)
       [1013] _navigate_to (res://scripts/citizen_agent.gd:222)
       [1014] _assign_next_task (res://scripts/citizen_agent.gd:213)
       [1015] _navigate_to (res://scripts/citizen_agent.gd:222)
       [1016] _assign_next_task (res://scripts/citizen_agent.gd:213)
       [1017] _navigate_to (res://scripts/citizen_agent.gd:222)
       [1018] _assign_next_task (res://scripts/citizen_agent.gd:213)
       [1019] _navigate_to (res://scripts/citizen_agent.gd:222)
       [1020] _assign_next_task (res://scripts/citizen_agent.gd:213)
       [1021] _process (res://scripts/citizen_agent.gd:66)
       [1022] step (res://scripts/civilization_simulation.gd:127)
       [1023] run (res://scripts/poc45_fast_test.gd:177)
SCRIPT ERROR: Stack overflow. Check for infinite recursion in your script.
   at: get_traversal_goal_status (res://scripts/task_coordinator.gd:526)
   GDScript backtrace (most recent call first):
       [0] status (res://scripts/construction_system.gd:166)
       [1] _update_project_ui (res://scripts/pipeline_proof.gd:1615)
       [2] _update_population_ui (res://scripts/pipeline_proof.gd:1589)
       [3] _on_task_board_updated (res://scripts/pipeline_proof.gd:1604)
       [4] fail_task (res://scripts/task_coordinator.gd:137)
       [5] _assign_next_task (res://scripts/citizen_agent.gd:213)
       [6] _assign_next_task (res://scripts/citizen_agent.gd:213)
       [7] _navigate_to (res://scripts/citizen_agent.gd:222)
       [8] _assign_next_task (res://scripts/citizen_agent.gd:213)
       [9] _navigate_to (res://scripts/citizen_agent.gd:222)
       [10] _assign_next_task (res://scripts/citizen_agent.gd:213)
       [11] _navigate_to (res://scripts/citizen_agent.gd:222)
       [12] _assign_next_task (res://scripts/citizen_agent.gd:213)
       [13] _navigate_to (res://scripts/citizen_agent.gd:222)
       [14] _assign_next_task (res://scripts/citizen_agent.gd:213)
       [15] _navigate_to (res://scripts/citizen_agent.gd:222)
       [16] _assign_next_task (res://scripts/citizen_agent.gd:213)
       [17] _navigate_to (res://scripts/citizen_agent.gd:222)
       [18] _assign_next_task (res://scripts/citizen_agent.gd:213)
       [19] _navigate_to (res://scripts/citizen_agent.gd:222)
       [20] _assign_next_task (res://scripts/citizen_agent.gd:213)
       [21] _navigate_to (res://scripts/citizen_agent.gd:222)
       [22] _assign_next_task (res://scripts/citizen_agent.gd:213)
       [23] _navigate_to (res://scripts/citizen_agent.gd:222)
       [24] _assign_next_task (res://scripts/citizen_agent.gd:213)
       [25] _navigate_to (res://scripts/citizen_agent.gd:222)
       [26] _assign_next_task (res://scripts/citizen_agent.gd:213)
       [27] _navigate_to (res://scripts/citizen_agent.gd:222)
       [28] _assign_next_task (res://scripts/citizen_agent.gd:213)
       [29] _navigate_to (res://scripts/citizen_agent.gd:222)
       [30] _assign_next_task (res://scripts/citizen_agent.gd:213)
       [31] _navigate_to (res://scripts/citizen_agent.gd:222)
       [32] _assign_next_task (res://scripts/citizen_agent.gd:213)
       [33] _navigate_to (res://scripts/citizen_agent.gd:222)
       [34] _assign_next_task (res://scripts/citizen_agent.gd:213)
       [35] _navigate_to (res://scripts/citizen_agent.gd:222)
       [36] _assign_next_task (res://scripts/citizen_agent.gd:213)
       [37] _navigate_to (res://scripts/citizen_agent.gd:222)
       [38] _assign_next_task (res://scripts/citizen_agent.gd:213)
       [39] _navigate_to (res://scripts/citizen_agent.gd:222)
       [40] _assign_next_task (res://scripts/citizen_agent.gd:213)
       [41] _navigate_to (res://scripts/citizen_agent.gd:222)
       [42] _assign_next_task (res://scripts/citizen_agent.gd:213)
       [43] _navigate_to (res://scripts/citizen_agent.gd:222)
       [44] _assign_next_task (res://scripts/citizen_agent.gd:213)
       [45] _navigate_to (res://scripts/citizen_agent.gd:222)
       [46] _assign_next_task (res://scripts/citizen_agent.gd:213)
       [47] _navigate_to (res://scripts/citizen_agent.gd:222)
       [48] _assign_next_task (res://scripts/citizen_agent.gd:213)
       [49] _navigate_to (res://scripts/citizen_agent.gd:222)
       [50] _assign_next_task (res://scripts/citizen_agent.gd:213)
       [51] _navigate_to (res://scripts/citizen_agent.gd:222)
       [52] _assign_next_task (res://scripts/citizen_agent.gd:213)
       [53] _navigate_to (res://scripts/citizen_agent.gd:222)
       [54] _assign_next_task (res://scripts/citizen_agent.gd:213)
       [55] _navigate_to (res://scripts/citizen_agent.gd:222)
       [56] _assign_next_task (res://scripts/citizen_agent.gd:213)
       [57] _navigate_to (res://scripts/citizen_agent.gd:222)
       [58] _assign_next_task (res://scripts/citizen_agent.gd:213)
       [59] _navigate_to (res://scripts/citizen_agent.gd:222)
       [60] _assign_next_task (res://scripts/citizen_agent.gd:213)
       [61] _navigate_to (res://scripts/citizen_agent.gd:222)
       [62] _assign_next_task (res://scripts/citizen_agent.gd:213)
       [63] _navigate_to (res://scripts/citizen_agent.gd:222)
       [64] _assign_next_task (res://scripts/citizen_agent.gd:213)
       [65] _navigate_to (res://scripts/citizen_agent.gd:222)
       [66] _assign_next_task (res://scripts/citizen_agent.gd:213)
       [67] _navigate_to (res://scripts/citizen_agent.gd:222)
       [68] _assign_next_task (res://scripts/citizen_agent.gd:213)
       [69] _navigate_to (res://scripts/citizen_agent.gd:222)
       [70] _assign_next_task (res://scripts/citizen_agent.gd:213)
       [71] _navigate_to (res://scripts/citizen_agent.gd:222)
       [72] _assign_next_task (res://scripts/citizen_agent.gd:213)
       [73] _navigate_to (res://scripts/citizen_agent.gd:222)
       [74] _assign_next_task (res://scripts/citizen_agent.gd:213)
       [75] _navigate_to (res://scripts/citizen_agent.gd:222)
       [76] _assign_next_task (res://scripts/citizen_agent.gd:213)
       [77] _navigate_to (res://scripts/citizen_agent.gd:222)
       [78] _assign_next_task (res://scripts/citizen_agent.gd:213)
       [79] _navigate_to (res://scripts/citizen_agent.gd:222)
       [80] _assign_next_task (res://scripts/citizen_agent.gd:213)
       [81] _navigate_to (res://scripts/citizen_agent.gd:222)
       [82] _assign_next_task (res://scripts/citizen_agent.gd:213)
       [83] _navigate_to (res://scripts/citizen_agent.gd:222)
       [84] _assign_next_task (res://scripts/citizen_agent.gd:213)
       [85] _navigate_to (res://scripts/citizen_agent.gd:222)
       [86] _assign_next_task (res://scripts/citizen_agent.gd:213)
       [87] _navigate_to (res://scripts/citizen_agent.gd:222)
       [88] _assign_next_task (res://scripts/citizen_agent.gd:213)
       [89] _navigate_to (res://scripts/citizen_agent.gd:222)
       [90] _assign_next_task (res://scripts/citizen_agent.gd:213)
       [91] _navigate_to (res://scripts/citizen_agent.gd:222)
       [92] _assign_next_task (res://scripts/citizen_agent.gd:213)
       [93] _navigate_to (res://scripts/citizen_agent.gd:222)
       [94] _assign_next_task (res://scripts/citizen_agent.gd:213)
       [95] _navigate_to (res://scripts/citizen_agent.gd:222)
       [96] _assign_next_task (res://scripts/citizen_agent.gd:213)
       [97] _navigate_to (res://scripts/citizen_agent.gd:222)
       [98] _assign_next_task (res://scripts/citizen_agent.gd:213)
       [99] _navigate_to (res://scripts/citizen_agent.gd:222)
       [100] _assign_next_task (res://scripts/citizen_agent.gd:213)
       [101] _navigate_to (res://scripts/citizen_agent.gd:222)
       [102] _assign_next_task (res://scripts/citizen_agent.gd:213)
       [103] _navigate_to (res://scripts/citizen_agent.gd:222)
       [104] _assign_next_task (res://scripts/citizen_agent.gd:213)
       [105] _navigate_to (res://scripts/citizen_agent.gd:222)
       [106] _assign_next_task (res://scripts/citizen_agent.gd:213)
       [107] _navigate_to (res://scripts/citizen_agent.gd:222)
       [108] _assign_next_task (res://scripts/citizen_agent.gd:213)
       [109] _navigate_to (res://scripts/citizen_agent.gd:222)
       [110] _assign_next_task (res://scripts/citizen_agent.gd:213)
       [111] _navigate_to (res://scripts/citizen_agent.gd:222)
       [112] _assign_next_task (res://scripts/citizen_agent.gd:213)
       [113] _navigate_to (res://scripts/citizen_agent.gd:222)
       [114] _assign_next_task (res://scripts/citizen_agent.gd:213)
       [115] _navigate_to (res://scripts/citizen_agent.gd:222)
       [116] _assign_next_task (res://scripts/citizen_agent.gd:213)
       [117] _navigate_to (res://scripts/citizen_agent.gd:222)
       [118] _assign_next_task (res://scripts/citizen_agent.gd:213)
       [119] _navigate_to (res://scripts/citizen_agent.gd:222)
       [120] _assign_next_task (res://scripts/citizen_agent.gd:213)
       [121] _navigate_to (res://scripts/citizen_agent.gd:222)
       [122] _assign_next_task (res://scripts/citizen_agent.gd:213)
       [123] _navigate_to (res://scripts/citizen_agent.gd:222)
       [124] _assign_next_task (res://scripts/citizen_agent.gd:213)
       [125] _navigate_to (res://scripts/citizen_agent.gd:222)
       [126] _assign_next_task (res://scripts/citizen_agent.gd:213)
       [127] _navigate_to (res://scripts/citizen_agent.gd:222)
       [128] _assign_next_task (res://scripts/citizen_agent.gd:213)
       [129] _navigate_to (res://scripts/citizen_agent.gd:222)
       [130] _assign_next_task (res://scripts/citizen_agent.gd:213)
       [131] _navigate_to (res://scripts/citizen_agent.gd:222)
       [132] _assign_next_task (res://scripts/citizen_agent.gd:213)
       [133] _navigate_to (res://scripts/citizen_agent.gd:222)
       [134] _assign_next_task (res://scripts/citizen_agent.gd:213)
       [135] _navigate_to (res://scripts/citizen_agent.gd:222)
       [136] _assign_next_task (res://scripts/citizen_agent.gd:213)
       [137] _navigate_to (res://scripts/citizen_agent.gd:222)
       [138] _assign_next_task (res://scripts/citizen_agent.gd:213)
       [139] _navigate_to (res://scripts/citizen_agent.gd:222)
       [140] _assign_next_task (res://scripts/citizen_agent.gd:213)
       [141] _navigate_to (res://scripts/citizen_agent.gd:222)
       [142] _assign_next_task (res://scripts/citizen_agent.gd:213)
       [143] _navigate_to (res://scripts/citizen_agent.gd:222)
       [144] _assign_next_task (res://scripts/citizen_agent.gd:213)
       [145] _navigate_to (res://scripts/citizen_agent.gd:222)
       [146] _assign_next_task (res://scripts/citizen_agent.gd:213)
       [147] _navigate_to (res://scripts/citizen_agent.gd:222)
       [148] _assign_next_task (res://scripts/citizen_agent.gd:213)
       [149] _navigate_to (res://scripts/citizen_agent.gd:222)
       [150] _assign_next_task (res://scripts/citizen_agent.gd:213)
       [151] _navigate_to (res://scripts/citizen_agent.gd:222)
       [152] _assign_next_task (res://scripts/citizen_agent.gd:213)
       [153] _navigate_to (res://scripts/citizen_agent.gd:222)
       [154] _assign_next_task (res://scripts/citizen_agent.gd:213)
       [155] _navigate_to (res://scripts/citizen_agent.gd:222)
       [156] _assign_next_task (res://scripts/citizen_agent.gd:213)
       [157] _navigate_to (res://scripts/citizen_agent.gd:222)
       [158] _assign_next_task (res://scripts/citizen_agent.gd:213)
       [159] _navigate_to (res://scripts/citizen_agent.gd:222)
       [160] _assign_next_task (res://scripts/citizen_agent.gd:213)
       [161] _navigate_to (res://scripts/citizen_agent.gd:222)
       [162] _assign_next_task (res://scripts/citizen_agent.gd:213)
       [163] _navigate_to (res://scripts/citizen_agent.gd:222)
       [164] _assign_next_task (res://scripts/citizen_agent.gd:213)
       [165] _navigate_to (res://scripts/citizen_agent.gd:222)
       [166] _assign_next_task (res://scripts/citizen_agent.gd:213)
       [167] _navigate_to (res://scripts/citizen_agent.gd:222)
       [168] _assign_next_task (res://scripts/citizen_agent.gd:213)
       [169] _navigate_to (res://scripts/citizen_agent.gd:222)
       [170] _assign_next_task (res://scripts/citizen_agent.gd:213)
       [171] _navigate_to (res://scripts/citizen_agent.gd:222)
       [172] _assign_next_task (res://scripts/citizen_agent.gd:213)
       [173] _navigate_to (res://scripts/citizen_agent.gd:222)
       [174] _assign_next_task (res://scripts/citizen_agent.gd:213)
       [175] _navigate_to (res://scripts/citizen_agent.gd:222)
       [176] _assign_next_task (res://scripts/citizen_agent.gd:213)
       [177] _navigate_to (res://scripts/citizen_agent.gd:222)
       [178] _assign_next_task (res://scripts/citizen_agent.gd:213)
       [179] _navigate_to (res://scripts/citizen_agent.gd:222)
       [180] _assign_next_task (res://scripts/citizen_agent.gd:213)
       [181] _navigate_to (res://scripts/citizen_agent.gd:222)
       [182] _assign_next_task (res://scripts/citizen_agent.gd:213)
       [183] _navigate_to (res://scripts/citizen_agent.gd:222)
       [184] _assign_next_task (res://scripts/citizen_agent.gd:213)
       [185] _navigate_to (res://scripts/citizen_agent.gd:222)
       [186] _assign_next_task (res://scripts/citizen_agent.gd:213)
       [187] _navigate_to (res://scripts/citizen_agent.gd:222)
       [188] _assign_next_task (res://scripts/citizen_agent.gd:213)
       [189] _navigate_to (res://scripts/citizen_agent.gd:222)
       [190] _assign_next_task (res://scripts/citizen_agent.gd:213)
       [191] _navigate_to (res://scripts/citizen_agent.gd:222)
       [192] _assign_next_task (res://scripts/citizen_agent.gd:213)
       [193] _navigate_to (res://scripts/citizen_agent.gd:222)
       [194] _assign_next_task (res://scripts/citizen_agent.gd:213)
       [195] _navigate_to (res://scripts/citizen_agent.gd:222)
       [196] _assign_next_task (res://scripts/citizen_agent.gd:213)
       [197] _navigate_to (res://scripts/citizen_agent.gd:222)
       [198] _assign_next_task (res://scripts/citizen_agent.gd:213)
       [199] _navigate_to (res://scripts/citizen_agent.gd:222)
       [200] _assign_next_task (res://scripts/citizen_agent.gd:213)
       [201] _navigate_to (res://scripts/citizen_agent.gd:222)
       [202] _assign_next_task (res://scripts/citizen_agent.gd:213)
       [203] _navigate_to (res://scripts/citizen_agent.gd:222)
       [204] _assign_next_task (res://scripts/citizen_agent.gd:213)
       [205] _navigate_to (res://scripts/citizen_agent.gd:222)
       [206] _assign_next_task (res://scripts/citizen_agent.gd:213)
       [207] _navigate_to (res://scripts/citizen_agent.gd:222)
       [208] _assign_next_task (res://scripts/citizen_agent.gd:213)
       [209] _navigate_to (res://scripts/citizen_agent.gd:222)
       [210] _assign_next_task (res://scripts/citizen_agent.gd:213)
       [211] _navigate_to (res://scripts/citizen_agent.gd:222)
       [212] _assign_next_task (res://scripts/citizen_agent.gd:213)
       [213] _navigate_to (res://scripts/citizen_agent.gd:222)
       [214] _assign_next_task (res://scripts/citizen_agent.gd:213)
       [215] _navigate_to (res://scripts/citizen_agent.gd:222)
       [216] _assign_next_task (res://scripts/citizen_agent.gd:213)
       [217] _navigate_to (res://scripts/citizen_agent.gd:222)
       [218] _assign_next_task (res://scripts/citizen_agent.gd:213)
       [219] _navigate_to (res://scripts/citizen_agent.gd:222)
       [220] _assign_next_task (res://scripts/citizen_agent.gd:213)
       [221] _navigate_to (res://scripts/citizen_agent.gd:222)
       [222] _assign_next_task (res://scripts/citizen_agent.gd:213)
       [223] _navigate_to (res://scripts/citizen_agent.gd:222)
       [224] _assign_next_task (res://scripts/citizen_agent.gd:213)
       [225] _navigate_to (res://scripts/citizen_agent.gd:222)
       [226] _assign_next_task (res://scripts/citizen_agent.gd:213)
       [227] _navigate_to (res://scripts/citizen_agent.gd:222)
       [228] _assign_next_task (res://scripts/citizen_agent.gd:213)
       [229] _navigate_to (res://scripts/citizen_agent.gd:222)
       [230] _assign_next_task (res://scripts/citizen_agent.gd:213)
       [231] _navigate_to (res://scripts/citizen_agent.gd:222)
       [232] _assign_next_task (res://scripts/citizen_agent.gd:213)
       [233] _navigate_to (res://scripts/citizen_agent.gd:222)
       [234] _assign_next_task (res://scripts/citizen_agent.gd:213)
       [235] _navigate_to (res://scripts/citizen_agent.gd:222)
       [236] _assign_next_task (res://scripts/citizen_agent.gd:213)
       [237] _navigate_to (res://scripts/citizen_agent.gd:222)
       [238] _assign_next_task (res://scripts/citizen_agent.gd:213)
       [239] _navigate_to (res://scripts/citizen_agent.gd:222)
       [240] _assign_next_task (res://scripts/citizen_agent.gd:213)
       [241] _navigate_to (res://scripts/citizen_agent.gd:222)
       [242] _assign_next_task (res://scripts/citizen_agent.gd:213)
       [243] _navigate_to (res://scripts/citizen_agent.gd:222)
       [244] _assign_next_task (res://scripts/citizen_agent.gd:213)
       [245] _navigate_to (res://scripts/citizen_agent.gd:222)
       [246] _assign_next_task (res://scripts/citizen_agent.gd:213)
       [247] _navigate_to (res://scripts/citizen_agent.gd:222)
       [248] _assign_next_task (res://scripts/citizen_agent.gd:213)
       [249] _navigate_to (res://scripts/citizen_agent.gd:222)
       [250] _assign_next_task (res://scripts/citizen_agent.gd:213)
       [251] _navigate_to (res://scripts/citizen_agent.gd:222)
       [252] _assign_next_task (res://scripts/citizen_agent.gd:213)
       [253] _navigate_to (res://scripts/citizen_agent.gd:222)
       [254] _assign_next_task (res://scripts/citizen_agent.gd:213)
       [255] _navigate_to (res://scripts/citizen_agent.gd:222)
       [256] _assign_next_task (res://scripts/citizen_agent.gd:213)
       [257] _navigate_to (res://scripts/citizen_agent.gd:222)
       [258] _assign_next_task (res://scripts/citizen_agent.gd:213)
       [259] _navigate_to (res://scripts/citizen_agent.gd:222)
       [260] _assign_next_task (res://scripts/citizen_agent.gd:213)
       [261] _navigate_to (res://scripts/citizen_agent.gd:222)
       [262] _assign_next_task (res://scripts/citizen_agent.gd:213)
       [263] _navigate_to (res://scripts/citizen_agent.gd:222)
       [264] _assign_next_task (res://scripts/citizen_agent.gd:213)
       [265] _navigate_to (res://scripts/citizen_agent.gd:222)
       [266] _assign_next_task (res://scripts/citizen_agent.gd:213)
       [267] _navigate_to (res://scripts/citizen_agent.gd:222)
       [268] _assign_next_task (res://scripts/citizen_agent.gd:213)
       [269] _navigate_to (res://scripts/citizen_agent.gd:222)
       [270] _assign_next_task (res://scripts/citizen_agent.gd:213)
       [271] _navigate_to (res://scripts/citizen_agent.gd:222)
       [272] _assign_next_task (res://scripts/citizen_agent.gd:213)
       [273] _navigate_to (res://scripts/citizen_agent.gd:222)
       [274] _assign_next_task (res://scripts/citizen_agent.gd:213)
       [275] _navigate_to (res://scripts/citizen_agent.gd:222)
       [276] _assign_next_task (res://scripts/citizen_agent.gd:213)
       [277] _navigate_to (res://scripts/citizen_agent.gd:222)
       [278] _assign_next_task (res://scripts/citizen_agent.gd:213)
       [279] _navigate_to (res://scripts/citizen_agent.gd:222)
       [280] _assign_next_task (res://scripts/citizen_agent.gd:213)
       [281] _navigate_to (res://scripts/citizen_agent.gd:222)
       [282] _assign_next_task (res://scripts/citizen_agent.gd:213)
       [283] _navigate_to (res://scripts/citizen_agent.gd:222)
       [284] _assign_next_task (res://scripts/citizen_agent.gd:213)
       [285] _navigate_to (res://scripts/citizen_agent.gd:222)
       [286] _assign_next_task (res://scripts/citizen_agent.gd:213)
       [287] _navigate_to (res://scripts/citizen_agent.gd:222)
       [288] _assign_next_task (res://scripts/citizen_agent.gd:213)
       [289] _navigate_to (res://scripts/citizen_agent.gd:222)
       [290] _assign_next_task (res://scripts/citizen_agent.gd:213)
       [291] _navigate_to (res://scripts/citizen_agent.gd:222)
       [292] _assign_next_task (res://scripts/citizen_agent.gd:213)
       [293] _navigate_to (res://scripts/citizen_agent.gd:222)
       [294] _assign_next_task (res://scripts/citizen_agent.gd:213)
       [295] _navigate_to (res://scripts/citizen_agent.gd:222)
       [296] _assign_next_task (res://scripts/citizen_agent.gd:213)
       [297] _navigate_to (res://scripts/citizen_agent.gd:222)
       [298] _assign_next_task (res://scripts/citizen_agent.gd:213)
       [299] _navigate_to (res://scripts/citizen_agent.gd:222)
       [300] _assign_next_task (res://scripts/citizen_agent.gd:213)
       [301] _navigate_to (res://scripts/citizen_agent.gd:222)
       [302] _assign_next_task (res://scripts/citizen_agent.gd:213)
       [303] _navigate_to (res://scripts/citizen_agent.gd:222)
       [304] _assign_next_task (res://scripts/citizen_agent.gd:213)
       [305] _navigate_to (res://scripts/citizen_agent.gd:222)
       [306] _assign_next_task (res://scripts/citizen_agent.gd:213)
       [307] _navigate_to (res://scripts/citizen_agent.gd:222)
       [308] _assign_next_task (res://scripts/citizen_agent.gd:213)
       [309] _navigate_to (res://scripts/citizen_agent.gd:222)
       [310] _assign_next_task (res://scripts/citizen_agent.gd:213)
       [311] _navigate_to (res://scripts/citizen_agent.gd:222)
       [312] _assign_next_task (res://scripts/citizen_agent.gd:213)
       [313] _navigate_to (res://scripts/citizen_agent.gd:222)
       [314] _assign_next_task (res://scripts/citizen_agent.gd:213)
       [315] _navigate_to (res://scripts/citizen_agent.gd:222)
       [316] _assign_next_task (res://scripts/citizen_agent.gd:213)
       [317] _navigate_to (res://scripts/citizen_agent.gd:222)
       [318] _assign_next_task (res://scripts/citizen_agent.gd:213)
       [319] _navigate_to (res://scripts/citizen_agent.gd:222)
       [320] _assign_next_task (res://scripts/citizen_agent.gd:213)
       [321] _navigate_to (res://scripts/citizen_agent.gd:222)
       [322] _assign_next_task (res://scripts/citizen_agent.gd:213)
       [323] _navigate_to (res://scripts/citizen_agent.gd:222)
       [324] _assign_next_task (res://scripts/citizen_agent.gd:213)
       [325] _navigate_to (res://scripts/citizen_agent.gd:222)
       [326] _assign_next_task (res://scripts/citizen_agent.gd:213)
       [327] _navigate_to (res://scripts/citizen_agent.gd:222)
       [328] _assign_next_task (res://scripts/citizen_agent.gd:213)
       [329] _navigate_to (res://scripts/citizen_agent.gd:222)
       [330] _assign_next_task (res://scripts/citizen_agent.gd:213)
       [331] _navigate_to (res://scripts/citizen_agent.gd:222)
       [332] _assign_next_task (res://scripts/citizen_agent.gd:213)
       [333] _navigate_to (res://scripts/citizen_agent.gd:222)
       [334] _assign_next_task (res://scripts/citizen_agent.gd:213)
       [335] _navigate_to (res://scripts/citizen_agent.gd:222)
       [336] _assign_next_task (res://scripts/citizen_agent.gd:213)
       [337] _navigate_to (res://scripts/citizen_agent.gd:222)
       [338] _assign_next_task (res://scripts/citizen_agent.gd:213)
       [339] _navigate_to (res://scripts/citizen_agent.gd:222)
       [340] _assign_next_task (res://scripts/citizen_agent.gd:213)
       [341] _navigate_to (res://scripts/citizen_agent.gd:222)
       [342] _assign_next_task (res://scripts/citizen_agent.gd:213)
       [343] _navigate_to (res://scripts/citizen_agent.gd:222)
       [344] _assign_next_task (res://scripts/citizen_agent.gd:213)
       [345] _navigate_to (res://scripts/citizen_agent.gd:222)
       [346] _assign_next_task (res://scripts/citizen_agent.gd:213)
       [347] _navigate_to (res://scripts/citizen_agent.gd:222)
       [348] _assign_next_task (res://scripts/citizen_agent.gd:213)
       [349] _navigate_to (res://scripts/citizen_agent.gd:222)
       [350] _assign_next_task (res://scripts/citizen_agent.gd:213)
       [351] _navigate_to (res://scripts/citizen_agent.gd:222)
       [352] _assign_next_task (res://scripts/citizen_agent.gd:213)
       [353] _navigate_to (res://scripts/citizen_agent.gd:222)
       [354] _assign_next_task (res://scripts/citizen_agent.gd:213)
       [355] _navigate_to (res://scripts/citizen_agent.gd:222)
       [356] _assign_next_task (res://scripts/citizen_agent.gd:213)
       [357] _navigate_to (res://scripts/citizen_agent.gd:222)
       [358] _assign_next_task (res://scripts/citizen_agent.gd:213)
       [359] _navigate_to (res://scripts/citizen_agent.gd:222)
       [360] _assign_next_task (res://scripts/citizen_agent.gd:213)
       [361] _navigate_to (res://scripts/citizen_agent.gd:222)
       [362] _assign_next_task (res://scripts/citizen_agent.gd:213)
       [363] _navigate_to (res://scripts/citizen_agent.gd:222)
       [364] _assign_next_task (res://scripts/citizen_agent.gd:213)
       [365] _navigate_to (res://scripts/citizen_agent.gd:222)
       [366] _assign_next_task (res://scripts/citizen_agent.gd:213)
       [367] _navigate_to (res://scripts/citizen_agent.gd:222)
       [368] _assign_next_task (res://scripts/citizen_agent.gd:213)
       [369] _navigate_to (res://scripts/citizen_agent.gd:222)
       [370] _assign_next_task (res://scripts/citizen_agent.gd:213)
       [371] _navigate_to (res://scripts/citizen_agent.gd:222)
       [372] _assign_next_task (res://scripts/citizen_agent.gd:213)
       [373] _navigate_to (res://scripts/citizen_agent.gd:222)
       [374] _assign_next_task (res://scripts/citizen_agent.gd:213)
       [375] _navigate_to (res://scripts/citizen_agent.gd:222)
       [376] _assign_next_task (res://scripts/citizen_agent.gd:213)
       [377] _navigate_to (res://scripts/citizen_agent.gd:222)
       [378] _assign_next_task (res://scripts/citizen_agent.gd:213)
       [379] _navigate_to (res://scripts/citizen_agent.gd:222)
       [380] _assign_next_task (res://scripts/citizen_agent.gd:213)
       [381] _navigate_to (res://scripts/citizen_agent.gd:222)
       [382] _assign_next_task (res://scripts/citizen_agent.gd:213)
       [383] _navigate_to (res://scripts/citizen_agent.gd:222)
       [384] _assign_next_task (res://scripts/citizen_agent.gd:213)
       [385] _navigate_to (res://scripts/citizen_agent.gd:222)
       [386] _assign_next_task (res://scripts/citizen_agent.gd:213)
       [387] _navigate_to (res://scripts/citizen_agent.gd:222)
       [388] _assign_next_task (res://scripts/citizen_agent.gd:213)
       [389] _navigate_to (res://scripts/citizen_agent.gd:222)
       [390] _assign_next_task (res://scripts/citizen_agent.gd:213)
       [391] _navigate_to (res://scripts/citizen_agent.gd:222)
       [392] _assign_next_task (res://scripts/citizen_agent.gd:213)
       [393] _navigate_to (res://scripts/citizen_agent.gd:222)
       [394] _assign_next_task (res://scripts/citizen_agent.gd:213)
       [395] _navigate_to (res://scripts/citizen_agent.gd:222)
       [396] _assign_next_task (res://scripts/citizen_agent.gd:213)
       [397] _navigate_to (res://scripts/citizen_agent.gd:222)
       [398] _assign_next_task (res://scripts/citizen_agent.gd:213)
       [399] _navigate_to (res://scripts/citizen_agent.gd:222)
       [400] _assign_next_task (res://scripts/citizen_agent.gd:213)
       [401] _navigate_to (res://scripts/citizen_agent.gd:222)
       [402] _assign_next_task (res://scripts/citizen_agent.gd:213)
       [403] _navigate_to (res://scripts/citizen_agent.gd:222)
       [404] _assign_next_task (res://scripts/citizen_agent.gd:213)
       [405] _navigate_to (res://scripts/citizen_agent.gd:222)
       [406] _assign_next_task (res://scripts/citizen_agent.gd:213)
       [407] _navigate_to (res://scripts/citizen_agent.gd:222)
       [408] _assign_next_task (res://scripts/citizen_agent.gd:213)
       [409] _navigate_to (res://scripts/citizen_agent.gd:222)
       [410] _assign_next_task (res://scripts/citizen_agent.gd:213)
       [411] _navigate_to (res://scripts/citizen_agent.gd:222)
       [412] _assign_next_task (res://scripts/citizen_agent.gd:213)
       [413] _navigate_to (res://scripts/citizen_agent.gd:222)
       [414] _assign_next_task (res://scripts/citizen_agent.gd:213)
       [415] _navigate_to (res://scripts/citizen_agent.gd:222)
       [416] _assign_next_task (res://scripts/citizen_agent.gd:213)
       [417] _navigate_to (res://scripts/citizen_agent.gd:222)
       [418] _assign_next_task (res://scripts/citizen_agent.gd:213)
       [419] _navigate_to (res://scripts/citizen_agent.gd:222)
       [420] _assign_next_task (res://scripts/citizen_agent.gd:213)
       [421] _navigate_to (res://scripts/citizen_agent.gd:222)
       [422] _assign_next_task (res://scripts/citizen_agent.gd:213)
       [423] _navigate_to (res://scripts/citizen_agent.gd:222)
       [424] _assign_next_task (res://scripts/citizen_agent.gd:213)
       [425] _navigate_to (res://scripts/citizen_agent.gd:222)
       [426] _assign_next_task (res://scripts/citizen_agent.gd:213)
       [427] _navigate_to (res://scripts/citizen_agent.gd:222)
       [428] _assign_next_task (res://scripts/citizen_agent.gd:213)
       [429] _navigate_to (res://scripts/citizen_agent.gd:222)
       [430] _assign_next_task (res://scripts/citizen_agent.gd:213)
       [431] _navigate_to (res://scripts/citizen_agent.gd:222)
       [432] _assign_next_task (res://scripts/citizen_agent.gd:213)
       [433] _navigate_to (res://scripts/citizen_agent.gd:222)
       [434] _assign_next_task (res://scripts/citizen_agent.gd:213)
       [435] _navigate_to (res://scripts/citizen_agent.gd:222)
       [436] _assign_next_task (res://scripts/citizen_agent.gd:213)
       [437] _navigate_to (res://scripts/citizen_agent.gd:222)
       [438] _assign_next_task (res://scripts/citizen_agent.gd:213)
       [439] _navigate_to (res://scripts/citizen_agent.gd:222)
       [440] _assign_next_task (res://scripts/citizen_agent.gd:213)
       [441] _navigate_to (res://scripts/citizen_agent.gd:222)
       [442] _assign_next_task (res://scripts/citizen_agent.gd:213)
       [443] _navigate_to (res://scripts/citizen_agent.gd:222)
       [444] _assign_next_task (res://scripts/citizen_agent.gd:213)
       [445] _navigate_to (res://scripts/citizen_agent.gd:222)
       [446] _assign_next_task (res://scripts/citizen_agent.gd:213)
       [447] _navigate_to (res://scripts/citizen_agent.gd:222)
       [448] _assign_next_task (res://scripts/citizen_agent.gd:213)
       [449] _navigate_to (res://scripts/citizen_agent.gd:222)
       [450] _assign_next_task (res://scripts/citizen_agent.gd:213)
       [451] _navigate_to (res://scripts/citizen_agent.gd:222)
       [452] _assign_next_task (res://scripts/citizen_agent.gd:213)
       [453] _navigate_to (res://scripts/citizen_agent.gd:222)
       [454] _assign_next_task (res://scripts/citizen_agent.gd:213)
       [455] _navigate_to (res://scripts/citizen_agent.gd:222)
       [456] _assign_next_task (res://scripts/citizen_agent.gd:213)
       [457] _navigate_to (res://scripts/citizen_agent.gd:222)
       [458] _assign_next_task (res://scripts/citizen_agent.gd:213)
       [459] _navigate_to (res://scripts/citizen_agent.gd:222)
       [460] _assign_next_task (res://scripts/citizen_agent.gd:213)
       [461] _navigate_to (res://scripts/citizen_agent.gd:222)
       [462] _assign_next_task (res://scripts/citizen_agent.gd:213)
       [463] _navigate_to (res://scripts/citizen_agent.gd:222)
       [464] _assign_next_task (res://scripts/citizen_agent.gd:213)
       [465] _navigate_to (res://scripts/citizen_agent.gd:222)
       [466] _assign_next_task (res://scripts/citizen_agent.gd:213)
       [467] _navigate_to (res://scripts/citizen_agent.gd:222)
       [468] _assign_next_task (res://scripts/citizen_agent.gd:213)
       [469] _navigate_to (res://scripts/citizen_agent.gd:222)
       [470] _assign_next_task (res://scripts/citizen_agent.gd:213)
       [471] _navigate_to (res://scripts/citizen_agent.gd:222)
       [472] _assign_next_task (res://scripts/citizen_agent.gd:213)
       [473] _navigate_to (res://scripts/citizen_agent.gd:222)
       [474] _assign_next_task (res://scripts/citizen_agent.gd:213)
       [475] _navigate_to (res://scripts/citizen_agent.gd:222)
       [476] _assign_next_task (res://scripts/citizen_agent.gd:213)
       [477] _navigate_to (res://scripts/citizen_agent.gd:222)
       [478] _assign_next_task (res://scripts/citizen_agent.gd:213)
       [479] _navigate_to (res://scripts/citizen_agent.gd:222)
       [480] _assign_next_task (res://scripts/citizen_agent.gd:213)
       [481] _navigate_to (res://scripts/citizen_agent.gd:222)
       [482] _assign_next_task (res://scripts/citizen_agent.gd:213)
       [483] _navigate_to (res://scripts/citizen_agent.gd:222)
       [484] _assign_next_task (res://scripts/citizen_agent.gd:213)
       [485] _navigate_to (res://scripts/citizen_agent.gd:222)
       [486] _assign_next_task (res://scripts/citizen_agent.gd:213)
       [487] _navigate_to (res://scripts/citizen_agent.gd:222)
       [488] _assign_next_task (res://scripts/citizen_agent.gd:213)
       [489] _navigate_to (res://scripts/citizen_agent.gd:222)
       [490] _assign_next_task (res://scripts/citizen_agent.gd:213)
       [491] _navigate_to (res://scripts/citizen_agent.gd:222)
       [492] _assign_next_task (res://scripts/citizen_agent.gd:213)
       [493] _navigate_to (res://scripts/citizen_agent.gd:222)
       [494] _assign_next_task (res://scripts/citizen_agent.gd:213)
       [495] _navigate_to (res://scripts/citizen_agent.gd:222)
       [496] _assign_next_task (res://scripts/citizen_agent.gd:213)
       [497] _navigate_to (res://scripts/citizen_agent.gd:222)
       [498] _assign_next_task (res://scripts/citizen_agent.gd:213)
       [499] _navigate_to (res://scripts/citizen_agent.gd:222)
       [500] _assign_next_task (res://scripts/citizen_agent.gd:213)
       [501] _navigate_to (res://scripts/citizen_agent.gd:222)
       [502] _assign_next_task (res://scripts/citizen_agent.gd:213)
       [503] _navigate_to (res://scripts/citizen_agent.gd:222)
       [504] _assign_next_task (res://scripts/citizen_agent.gd:213)
       [505] _navigate_to (res://scripts/citizen_agent.gd:222)
       [506] _assign_next_task (res://scripts/citizen_agent.gd:213)
       [507] _navigate_to (res://scripts/citizen_agent.gd:222)
       [508] _assign_next_task (res://scripts/citizen_agent.gd:213)
       [509] _navigate_to (res://scripts/citizen_agent.gd:222)
       [510] _assign_next_task (res://scripts/citizen_agent.gd:213)
       [511] _navigate_to (res://scripts/citizen_agent.gd:222)
       [512] _assign_next_task (res://scripts/citizen_agent.gd:213)
       [513] _navigate_to (res://scripts/citizen_agent.gd:222)
       [514] _assign_next_task (res://scripts/citizen_agent.gd:213)
       [515] _navigate_to (res://scripts/citizen_agent.gd:222)
       [516] _assign_next_task (res://scripts/citizen_agent.gd:213)
       [517] _navigate_to (res://scripts/citizen_agent.gd:222)
       [518] _assign_next_task (res://scripts/citizen_agent.gd:213)
       [519] _navigate_to (res://scripts/citizen_agent.gd:222)
       [520] _assign_next_task (res://scripts/citizen_agent.gd:213)
       [521] _navigate_to (res://scripts/citizen_agent.gd:222)
       [522] _assign_next_task (res://scripts/citizen_agent.gd:213)
       [523] _navigate_to (res://scripts/citizen_agent.gd:222)
       [524] _assign_next_task (res://scripts/citizen_agent.gd:213)
       [525] _navigate_to (res://scripts/citizen_agent.gd:222)
       [526] _assign_next_task (res://scripts/citizen_agent.gd:213)
       [527] _navigate_to (res://scripts/citizen_agent.gd:222)
       [528] _assign_next_task (res://scripts/citizen_agent.gd:213)
       [529] _navigate_to (res://scripts/citizen_agent.gd:222)
       [530] _assign_next_task (res://scripts/citizen_agent.gd:213)
       [531] _navigate_to (res://scripts/citizen_agent.gd:222)
       [532] _assign_next_task (res://scripts/citizen_agent.gd:213)
       [533] _navigate_to (res://scripts/citizen_agent.gd:222)
       [534] _assign_next_task (res://scripts/citizen_agent.gd:213)
       [535] _navigate_to (res://scripts/citizen_agent.gd:222)
       [536] _assign_next_task (res://scripts/citizen_agent.gd:213)
       [537] _navigate_to (res://scripts/citizen_agent.gd:222)
       [538] _assign_next_task (res://scripts/citizen_agent.gd:213)
       [539] _navigate_to (res://scripts/citizen_agent.gd:222)
       [540] _assign_next_task (res://scripts/citizen_agent.gd:213)
       [541] _navigate_to (res://scripts/citizen_agent.gd:222)
       [542] _assign_next_task (res://scripts/citizen_agent.gd:213)
       [543] _navigate_to (res://scripts/citizen_agent.gd:222)
       [544] _assign_next_task (res://scripts/citizen_agent.gd:213)
       [545] _navigate_to (res://scripts/citizen_agent.gd:222)
       [546] _assign_next_task (res://scripts/citizen_agent.gd:213)
       [547] _navigate_to (res://scripts/citizen_agent.gd:222)
       [548] _assign_next_task (res://scripts/citizen_agent.gd:213)
       [549] _navigate_to (res://scripts/citizen_agent.gd:222)
       [550] _assign_next_task (res://scripts/citizen_agent.gd:213)
       [551] _navigate_to (res://scripts/citizen_agent.gd:222)
       [552] _assign_next_task (res://scripts/citizen_agent.gd:213)
       [553] _navigate_to (res://scripts/citizen_agent.gd:222)
       [554] _assign_next_task (res://scripts/citizen_agent.gd:213)
       [555] _navigate_to (res://scripts/citizen_agent.gd:222)
       [556] _assign_next_task (res://scripts/citizen_agent.gd:213)
       [557] _navigate_to (res://scripts/citizen_agent.gd:222)
       [558] _assign_next_task (res://scripts/citizen_agent.gd:213)
       [559] _navigate_to (res://scripts/citizen_agent.gd:222)
       [560] _assign_next_task (res://scripts/citizen_agent.gd:213)
       [561] _navigate_to (res://scripts/citizen_agent.gd:222)
       [562] _assign_next_task (res://scripts/citizen_agent.gd:213)
       [563] _navigate_to (res://scripts/citizen_agent.gd:222)
       [564] _assign_next_task (res://scripts/citizen_agent.gd:213)
       [565] _navigate_to (res://scripts/citizen_agent.gd:222)
       [566] _assign_next_task (res://scripts/citizen_agent.gd:213)
       [567] _navigate_to (res://scripts/citizen_agent.gd:222)
       [568] _assign_next_task (res://scripts/citizen_agent.gd:213)
       [569] _navigate_to (res://scripts/citizen_agent.gd:222)
       [570] _assign_next_task (res://scripts/citizen_agent.gd:213)
       [571] _navigate_to (res://scripts/citizen_agent.gd:222)
       [572] _assign_next_task (res://scripts/citizen_agent.gd:213)
       [573] _navigate_to (res://scripts/citizen_agent.gd:222)
       [574] _assign_next_task (res://scripts/citizen_agent.gd:213)
       [575] _navigate_to (res://scripts/citizen_agent.gd:222)
       [576] _assign_next_task (res://scripts/citizen_agent.gd:213)
       [577] _navigate_to (res://scripts/citizen_agent.gd:222)
       [578] _assign_next_task (res://scripts/citizen_agent.gd:213)
       [579] _navigate_to (res://scripts/citizen_agent.gd:222)
       [580] _assign_next_task (res://scripts/citizen_agent.gd:213)
       [581] _navigate_to (res://scripts/citizen_agent.gd:222)
       [582] _assign_next_task (res://scripts/citizen_agent.gd:213)
       [583] _navigate_to (res://scripts/citizen_agent.gd:222)
       [584] _assign_next_task (res://scripts/citizen_agent.gd:213)
       [585] _navigate_to (res://scripts/citizen_agent.gd:222)
       [586] _assign_next_task (res://scripts/citizen_agent.gd:213)
       [587] _navigate_to (res://scripts/citizen_agent.gd:222)
       [588] _assign_next_task (res://scripts/citizen_agent.gd:213)
       [589] _navigate_to (res://scripts/citizen_agent.gd:222)
       [590] _assign_next_task (res://scripts/citizen_agent.gd:213)
       [591] _navigate_to (res://scripts/citizen_agent.gd:222)
       [592] _assign_next_task (res://scripts/citizen_agent.gd:213)
       [593] _navigate_to (res://scripts/citizen_agent.gd:222)
       [594] _assign_next_task (res://scripts/citizen_agent.gd:213)
       [595] _navigate_to (res://scripts/citizen_agent.gd:222)
       [596] _assign_next_task (res://scripts/citizen_agent.gd:213)
       [597] _navigate_to (res://scripts/citizen_agent.gd:222)
       [598] _assign_next_task (res://scripts/citizen_agent.gd:213)
       [599] _navigate_to (res://scripts/citizen_agent.gd:222)
       [600] _assign_next_task (res://scripts/citizen_agent.gd:213)
       [601] _navigate_to (res://scripts/citizen_agent.gd:222)
       [602] _assign_next_task (res://scripts/citizen_agent.gd:213)
       [603] _navigate_to (res://scripts/citizen_agent.gd:222)
       [604] _assign_next_task (res://scripts/citizen_agent.gd:213)
       [605] _navigate_to (res://scripts/citizen_agent.gd:222)
       [606] _assign_next_task (res://scripts/citizen_agent.gd:213)
       [607] _navigate_to (res://scripts/citizen_agent.gd:222)
       [608] _assign_next_task (res://scripts/citizen_agent.gd:213)
       [609] _navigate_to (res://scripts/citizen_agent.gd:222)
       [610] _assign_next_task (res://scripts/citizen_agent.gd:213)
       [611] _navigate_to (res://scripts/citizen_agent.gd:222)
       [612] _assign_next_task (res://scripts/citizen_agent.gd:213)
       [613] _navigate_to (res://scripts/citizen_agent.gd:222)
       [614] _assign_next_task (res://scripts/citizen_agent.gd:213)
       [615] _navigate_to (res://scripts/citizen_agent.gd:222)
       [616] _assign_next_task (res://scripts/citizen_agent.gd:213)
       [617] _navigate_to (res://scripts/citizen_agent.gd:222)
       [618] _assign_next_task (res://scripts/citizen_agent.gd:213)
       [619] _navigate_to (res://scripts/citizen_agent.gd:222)
       [620] _assign_next_task (res://scripts/citizen_agent.gd:213)
       [621] _navigate_to (res://scripts/citizen_agent.gd:222)
       [622] _assign_next_task (res://scripts/citizen_agent.gd:213)
       [623] _navigate_to (res://scripts/citizen_agent.gd:222)
       [624] _assign_next_task (res://scripts/citizen_agent.gd:213)
       [625] _navigate_to (res://scripts/citizen_agent.gd:222)
       [626] _assign_next_task (res://scripts/citizen_agent.gd:213)
       [627] _navigate_to (res://scripts/citizen_agent.gd:222)
       [628] _assign_next_task (res://scripts/citizen_agent.gd:213)
       [629] _navigate_to (res://scripts/citizen_agent.gd:222)
       [630] _assign_next_task (res://scripts/citizen_agent.gd:213)
       [631] _navigate_to (res://scripts/citizen_agent.gd:222)
       [632] _assign_next_task (res://scripts/citizen_agent.gd:213)
       [633] _navigate_to (res://scripts/citizen_agent.gd:222)
       [634] _assign_next_task (res://scripts/citizen_agent.gd:213)
       [635] _navigate_to (res://scripts/citizen_agent.gd:222)
       [636] _assign_next_task (res://scripts/citizen_agent.gd:213)
       [637] _navigate_to (res://scripts/citizen_agent.gd:222)
       [638] _assign_next_task (res://scripts/citizen_agent.gd:213)
       [639] _navigate_to (res://scripts/citizen_agent.gd:222)
       [640] _assign_next_task (res://scripts/citizen_agent.gd:213)
       [641] _navigate_to (res://scripts/citizen_agent.gd:222)
       [642] _assign_next_task (res://scripts/citizen_agent.gd:213)
       [643] _navigate_to (res://scripts/citizen_agent.gd:222)
       [644] _assign_next_task (res://scripts/citizen_agent.gd:213)
       [645] _navigate_to (res://scripts/citizen_agent.gd:222)
       [646] _assign_next_task (res://scripts/citizen_agent.gd:213)
       [647] _navigate_to (res://scripts/citizen_agent.gd:222)
       [648] _assign_next_task (res://scripts/citizen_agent.gd:213)
       [649] _navigate_to (res://scripts/citizen_agent.gd:222)
       [650] _assign_next_task (res://scripts/citizen_agent.gd:213)
       [651] _navigate_to (res://scripts/citizen_agent.gd:222)
       [652] _assign_next_task (res://scripts/citizen_agent.gd:213)
       [653] _navigate_to (res://scripts/citizen_agent.gd:222)
       [654] _assign_next_task (res://scripts/citizen_agent.gd:213)
       [655] _navigate_to (res://scripts/citizen_agent.gd:222)
       [656] _assign_next_task (res://scripts/citizen_agent.gd:213)
       [657] _navigate_to (res://scripts/citizen_agent.gd:222)
       [658] _assign_next_task (res://scripts/citizen_agent.gd:213)
       [659] _navigate_to (res://scripts/citizen_agent.gd:222)
       [660] _assign_next_task (res://scripts/citizen_agent.gd:213)
       [661] _navigate_to (res://scripts/citizen_agent.gd:222)
       [662] _assign_next_task (res://scripts/citizen_agent.gd:213)
       [663] _navigate_to (res://scripts/citizen_agent.gd:222)
       [664] _assign_next_task (res://scripts/citizen_agent.gd:213)
       [665] _navigate_to (res://scripts/citizen_agent.gd:222)
       [666] _assign_next_task (res://scripts/citizen_agent.gd:213)
       [667] _navigate_to (res://scripts/citizen_agent.gd:222)
       [668] _assign_next_task (res://scripts/citizen_agent.gd:213)
       [669] _navigate_to (res://scripts/citizen_agent.gd:222)
       [670] _assign_next_task (res://scripts/citizen_agent.gd:213)
       [671] _navigate_to (res://scripts/citizen_agent.gd:222)
       [672] _assign_next_task (res://scripts/citizen_agent.gd:213)
       [673] _navigate_to (res://scripts/citizen_agent.gd:222)
       [674] _assign_next_task (res://scripts/citizen_agent.gd:213)
       [675] _navigate_to (res://scripts/citizen_agent.gd:222)
       [676] _assign_next_task (res://scripts/citizen_agent.gd:213)
       [677] _navigate_to (res://scripts/citizen_agent.gd:222)
       [678] _assign_next_task (res://scripts/citizen_agent.gd:213)
       [679] _navigate_to (res://scripts/citizen_agent.gd:222)
       [680] _assign_next_task (res://scripts/citizen_agent.gd:213)
       [681] _navigate_to (res://scripts/citizen_agent.gd:222)
       [682] _assign_next_task (res://scripts/citizen_agent.gd:213)
       [683] _navigate_to (res://scripts/citizen_agent.gd:222)
       [684] _assign_next_task (res://scripts/citizen_agent.gd:213)
       [685] _navigate_to (res://scripts/citizen_agent.gd:222)
       [686] _assign_next_task (res://scripts/citizen_agent.gd:213)
       [687] _navigate_to (res://scripts/citizen_agent.gd:222)
       [688] _assign_next_task (res://scripts/citizen_agent.gd:213)
       [689] _navigate_to (res://scripts/citizen_agent.gd:222)
       [690] _assign_next_task (res://scripts/citizen_agent.gd:213)
       [691] _navigate_to (res://scripts/citizen_agent.gd:222)
       [692] _assign_next_task (res://scripts/citizen_agent.gd:213)
       [693] _navigate_to (res://scripts/citizen_agent.gd:222)
       [694] _assign_next_task (res://scripts/citizen_agent.gd:213)
       [695] _navigate_to (res://scripts/citizen_agent.gd:222)
       [696] _assign_next_task (res://scripts/citizen_agent.gd:213)
       [697] _navigate_to (res://scripts/citizen_agent.gd:222)
       [698] _assign_next_task (res://scripts/citizen_agent.gd:213)
       [699] _navigate_to (res://scripts/citizen_agent.gd:222)
       [700] _assign_next_task (res://scripts/citizen_agent.gd:213)
       [701] _navigate_to (res://scripts/citizen_agent.gd:222)
       [702] _assign_next_task (res://scripts/citizen_agent.gd:213)
       [703] _navigate_to (res://scripts/citizen_agent.gd:222)
       [704] _assign_next_task (res://scripts/citizen_agent.gd:213)
       [705] _navigate_to (res://scripts/citizen_agent.gd:222)
       [706] _assign_next_task (res://scripts/citizen_agent.gd:213)
       [707] _navigate_to (res://scripts/citizen_agent.gd:222)
       [708] _assign_next_task (res://scripts/citizen_agent.gd:213)
       [709] _navigate_to (res://scripts/citizen_agent.gd:222)
       [710] _assign_next_task (res://scripts/citizen_agent.gd:213)
       [711] _navigate_to (res://scripts/citizen_agent.gd:222)
       [712] _assign_next_task (res://scripts/citizen_agent.gd:213)
       [713] _navigate_to (res://scripts/citizen_agent.gd:222)
       [714] _assign_next_task (res://scripts/citizen_agent.gd:213)
       [715] _navigate_to (res://scripts/citizen_agent.gd:222)
       [716] _assign_next_task (res://scripts/citizen_agent.gd:213)
       [717] _navigate_to (res://scripts/citizen_agent.gd:222)
       [718] _assign_next_task (res://scripts/citizen_agent.gd:213)
       [719] _navigate_to (res://scripts/citizen_agent.gd:222)
       [720] _assign_next_task (res://scripts/citizen_agent.gd:213)
       [721] _navigate_to (res://scripts/citizen_agent.gd:222)
       [722] _assign_next_task (res://scripts/citizen_agent.gd:213)
       [723] _navigate_to (res://scripts/citizen_agent.gd:222)
       [724] _assign_next_task (res://scripts/citizen_agent.gd:213)
       [725] _navigate_to (res://scripts/citizen_agent.gd:222)
       [726] _assign_next_task (res://scripts/citizen_agent.gd:213)
       [727] _navigate_to (res://scripts/citizen_agent.gd:222)
       [728] _assign_next_task (res://scripts/citizen_agent.gd:213)
       [729] _navigate_to (res://scripts/citizen_agent.gd:222)
       [730] _assign_next_task (res://scripts/citizen_agent.gd:213)
       [731] _navigate_to (res://scripts/citizen_agent.gd:222)
       [732] _assign_next_task (res://scripts/citizen_agent.gd:213)
       [733] _navigate_to (res://scripts/citizen_agent.gd:222)
       [734] _assign_next_task (res://scripts/citizen_agent.gd:213)
       [735] _navigate_to (res://scripts/citizen_agent.gd:222)
       [736] _assign_next_task (res://scripts/citizen_agent.gd:213)
       [737] _navigate_to (res://scripts/citizen_agent.gd:222)
       [738] _assign_next_task (res://scripts/citizen_agent.gd:213)
       [739] _navigate_to (res://scripts/citizen_agent.gd:222)
       [740] _assign_next_task (res://scripts/citizen_agent.gd:213)
       [741] _navigate_to (res://scripts/citizen_agent.gd:222)
       [742] _assign_next_task (res://scripts/citizen_agent.gd:213)
       [743] _navigate_to (res://scripts/citizen_agent.gd:222)
       [744] _assign_next_task (res://scripts/citizen_agent.gd:213)
       [745] _navigate_to (res://scripts/citizen_agent.gd:222)
       [746] _assign_next_task (res://scripts/citizen_agent.gd:213)
       [747] _navigate_to (res://scripts/citizen_agent.gd:222)
       [748] _assign_next_task (res://scripts/citizen_agent.gd:213)
       [749] _navigate_to (res://scripts/citizen_agent.gd:222)
       [750] _assign_next_task (res://scripts/citizen_agent.gd:213)
       [751] _navigate_to (res://scripts/citizen_agent.gd:222)
       [752] _assign_next_task (res://scripts/citizen_agent.gd:213)
       [753] _navigate_to (res://scripts/citizen_agent.gd:222)
       [754] _assign_next_task (res://scripts/citizen_agent.gd:213)
       [755] _navigate_to (res://scripts/citizen_agent.gd:222)
       [756] _assign_next_task (res://scripts/citizen_agent.gd:213)
       [757] _navigate_to (res://scripts/citizen_agent.gd:222)
       [758] _assign_next_task (res://scripts/citizen_agent.gd:213)
       [759] _navigate_to (res://scripts/citizen_agent.gd:222)
       [760] _assign_next_task (res://scripts/citizen_agent.gd:213)
       [761] _navigate_to (res://scripts/citizen_agent.gd:222)
       [762] _assign_next_task (res://scripts/citizen_agent.gd:213)
       [763] _navigate_to (res://scripts/citizen_agent.gd:222)
       [764] _assign_next_task (res://scripts/citizen_agent.gd:213)
       [765] _navigate_to (res://scripts/citizen_agent.gd:222)
       [766] _assign_next_task (res://scripts/citizen_agent.gd:213)
       [767] _navigate_to (res://scripts/citizen_agent.gd:222)
       [768] _assign_next_task (res://scripts/citizen_agent.gd:213)
       [769] _navigate_to (res://scripts/citizen_agent.gd:222)
       [770] _assign_next_task (res://scripts/citizen_agent.gd:213)
       [771] _navigate_to (res://scripts/citizen_agent.gd:222)
       [772] _assign_next_task (res://scripts/citizen_agent.gd:213)
       [773] _navigate_to (res://scripts/citizen_agent.gd:222)
       [774] _assign_next_task (res://scripts/citizen_agent.gd:213)
       [775] _navigate_to (res://scripts/citizen_agent.gd:222)
       [776] _assign_next_task (res://scripts/citizen_agent.gd:213)
       [777] _navigate_to (res://scripts/citizen_agent.gd:222)
       [778] _assign_next_task (res://scripts/citizen_agent.gd:213)
       [779] _navigate_to (res://scripts/citizen_agent.gd:222)
       [780] _assign_next_task (res://scripts/citizen_agent.gd:213)
       [781] _navigate_to (res://scripts/citizen_agent.gd:222)
       [782] _assign_next_task (res://scripts/citizen_agent.gd:213)
       [783] _navigate_to (res://scripts/citizen_agent.gd:222)
       [784] _assign_next_task (res://scripts/citizen_agent.gd:213)
       [785] _navigate_to (res://scripts/citizen_agent.gd:222)
       [786] _assign_next_task (res://scripts/citizen_agent.gd:213)
       [787] _navigate_to (res://scripts/citizen_agent.gd:222)
       [788] _assign_next_task (res://scripts/citizen_agent.gd:213)
       [789] _navigate_to (res://scripts/citizen_agent.gd:222)
       [790] _assign_next_task (res://scripts/citizen_agent.gd:213)
       [791] _navigate_to (res://scripts/citizen_agent.gd:222)
       [792] _assign_next_task (res://scripts/citizen_agent.gd:213)
       [793] _navigate_to (res://scripts/citizen_agent.gd:222)
       [794] _assign_next_task (res://scripts/citizen_agent.gd:213)
       [795] _navigate_to (res://scripts/citizen_agent.gd:222)
       [796] _assign_next_task (res://scripts/citizen_agent.gd:213)
       [797] _navigate_to (res://scripts/citizen_agent.gd:222)
       [798] _assign_next_task (res://scripts/citizen_agent.gd:213)
       [799] _navigate_to (res://scripts/citizen_agent.gd:222)
       [800] _assign_next_task (res://scripts/citizen_agent.gd:213)
       [801] _navigate_to (res://scripts/citizen_agent.gd:222)
       [802] _assign_next_task (res://scripts/citizen_agent.gd:213)
       [803] _navigate_to (res://scripts/citizen_agent.gd:222)
       [804] _assign_next_task (res://scripts/citizen_agent.gd:213)
       [805] _navigate_to (res://scripts/citizen_agent.gd:222)
       [806] _assign_next_task (res://scripts/citizen_agent.gd:213)
       [807] _navigate_to (res://scripts/citizen_agent.gd:222)
       [808] _assign_next_task (res://scripts/citizen_agent.gd:213)
       [809] _navigate_to (res://scripts/citizen_agent.gd:222)
       [810] _assign_next_task (res://scripts/citizen_agent.gd:213)
       [811] _navigate_to (res://scripts/citizen_agent.gd:222)
       [812] _assign_next_task (res://scripts/citizen_agent.gd:213)
       [813] _navigate_to (res://scripts/citizen_agent.gd:222)
       [814] _assign_next_task (res://scripts/citizen_agent.gd:213)
       [815] _navigate_to (res://scripts/citizen_agent.gd:222)
       [816] _assign_next_task (res://scripts/citizen_agent.gd:213)
       [817] _navigate_to (res://scripts/citizen_agent.gd:222)
       [818] _assign_next_task (res://scripts/citizen_agent.gd:213)
       [819] _navigate_to (res://scripts/citizen_agent.gd:222)
       [820] _assign_next_task (res://scripts/citizen_agent.gd:213)
       [821] _navigate_to (res://scripts/citizen_agent.gd:222)
       [822] _assign_next_task (res://scripts/citizen_agent.gd:213)
       [823] _navigate_to (res://scripts/citizen_agent.gd:222)
       [824] _assign_next_task (res://scripts/citizen_agent.gd:213)
       [825] _navigate_to (res://scripts/citizen_agent.gd:222)
       [826] _assign_next_task (res://scripts/citizen_agent.gd:213)
       [827] _navigate_to (res://scripts/citizen_agent.gd:222)
       [828] _assign_next_task (res://scripts/citizen_agent.gd:213)
       [829] _navigate_to (res://scripts/citizen_agent.gd:222)
       [830] _assign_next_task (res://scripts/citizen_agent.gd:213)
       [831] _navigate_to (res://scripts/citizen_agent.gd:222)
       [832] _assign_next_task (res://scripts/citizen_agent.gd:213)
       [833] _navigate_to (res://scripts/citizen_agent.gd:222)
       [834] _assign_next_task (res://scripts/citizen_agent.gd:213)
       [835] _navigate_to (res://scripts/citizen_agent.gd:222)
       [836] _assign_next_task (res://scripts/citizen_agent.gd:213)
       [837] _navigate_to (res://scripts/citizen_agent.gd:222)
       [838] _assign_next_task (res://scripts/citizen_agent.gd:213)
       [839] _navigate_to (res://scripts/citizen_agent.gd:222)
       [840] _assign_next_task (res://scripts/citizen_agent.gd:213)
       [841] _navigate_to (res://scripts/citizen_agent.gd:222)
       [842] _assign_next_task (res://scripts/citizen_agent.gd:213)
       [843] _navigate_to (res://scripts/citizen_agent.gd:222)
       [844] _assign_next_task (res://scripts/citizen_agent.gd:213)
       [845] _navigate_to (res://scripts/citizen_agent.gd:222)
       [846] _assign_next_task (res://scripts/citizen_agent.gd:213)
       [847] _navigate_to (res://scripts/citizen_agent.gd:222)
       [848] _assign_next_task (res://scripts/citizen_agent.gd:213)
       [849] _navigate_to (res://scripts/citizen_agent.gd:222)
       [850] _assign_next_task (res://scripts/citizen_agent.gd:213)
       [851] _navigate_to (res://scripts/citizen_agent.gd:222)
       [852] _assign_next_task (res://scripts/citizen_agent.gd:213)
       [853] _navigate_to (res://scripts/citizen_agent.gd:222)
       [854] _assign_next_task (res://scripts/citizen_agent.gd:213)
       [855] _navigate_to (res://scripts/citizen_agent.gd:222)
       [856] _assign_next_task (res://scripts/citizen_agent.gd:213)
       [857] _navigate_to (res://scripts/citizen_agent.gd:222)
       [858] _assign_next_task (res://scripts/citizen_agent.gd:213)
       [859] _navigate_to (res://scripts/citizen_agent.gd:222)
       [860] _assign_next_task (res://scripts/citizen_agent.gd:213)
       [861] _navigate_to (res://scripts/citizen_agent.gd:222)
       [862] _assign_next_task (res://scripts/citizen_agent.gd:213)
       [863] _navigate_to (res://scripts/citizen_agent.gd:222)
       [864] _assign_next_task (res://scripts/citizen_agent.gd:213)
       [865] _navigate_to (res://scripts/citizen_agent.gd:222)
       [866] _assign_next_task (res://scripts/citizen_agent.gd:213)
       [867] _navigate_to (res://scripts/citizen_agent.gd:222)
       [868] _assign_next_task (res://scripts/citizen_agent.gd:213)
       [869] _navigate_to (res://scripts/citizen_agent.gd:222)
       [870] _assign_next_task (res://scripts/citizen_agent.gd:213)
       [871] _navigate_to (res://scripts/citizen_agent.gd:222)
       [872] _assign_next_task (res://scripts/citizen_agent.gd:213)
       [873] _navigate_to (res://scripts/citizen_agent.gd:222)
       [874] _assign_next_task (res://scripts/citizen_agent.gd:213)
       [875] _navigate_to (res://scripts/citizen_agent.gd:222)
       [876] _assign_next_task (res://scripts/citizen_agent.gd:213)
       [877] _navigate_to (res://scripts/citizen_agent.gd:222)
       [878] _assign_next_task (res://scripts/citizen_agent.gd:213)
       [879] _navigate_to (res://scripts/citizen_agent.gd:222)
       [880] _assign_next_task (res://scripts/citizen_agent.gd:213)
       [881] _navigate_to (res://scripts/citizen_agent.gd:222)
       [882] _assign_next_task (res://scripts/citizen_agent.gd:213)
       [883] _navigate_to (res://scripts/citizen_agent.gd:222)
       [884] _assign_next_task (res://scripts/citizen_agent.gd:213)
       [885] _navigate_to (res://scripts/citizen_agent.gd:222)
       [886] _assign_next_task (res://scripts/citizen_agent.gd:213)
       [887] _navigate_to (res://scripts/citizen_agent.gd:222)
       [888] _assign_next_task (res://scripts/citizen_agent.gd:213)
       [889] _navigate_to (res://scripts/citizen_agent.gd:222)
       [890] _assign_next_task (res://scripts/citizen_agent.gd:213)
       [891] _navigate_to (res://scripts/citizen_agent.gd:222)
       [892] _assign_next_task (res://scripts/citizen_agent.gd:213)
       [893] _navigate_to (res://scripts/citizen_agent.gd:222)
       [894] _assign_next_task (res://scripts/citizen_agent.gd:213)
       [895] _navigate_to (res://scripts/citizen_agent.gd:222)
       [896] _assign_next_task (res://scripts/citizen_agent.gd:213)
       [897] _navigate_to (res://scripts/citizen_agent.gd:222)
       [898] _assign_next_task (res://scripts/citizen_agent.gd:213)
       [899] _navigate_to (res://scripts/citizen_agent.gd:222)
       [900] _assign_next_task (res://scripts/citizen_agent.gd:213)
       [901] _navigate_to (res://scripts/citizen_agent.gd:222)
       [902] _assign_next_task (res://scripts/citizen_agent.gd:213)
       [903] _navigate_to (res://scripts/citizen_agent.gd:222)
       [904] _assign_next_task (res://scripts/citizen_agent.gd:213)
       [905] _navigate_to (res://scripts/citizen_agent.gd:222)
       [906] _assign_next_task (res://scripts/citizen_agent.gd:213)
       [907] _navigate_to (res://scripts/citizen_agent.gd:222)
       [908] _assign_next_task (res://scripts/citizen_agent.gd:213)
       [909] _navigate_to (res://scripts/citizen_agent.gd:222)
       [910] _assign_next_task (res://scripts/citizen_agent.gd:213)
       [911] _navigate_to (res://scripts/citizen_agent.gd:222)
       [912] _assign_next_task (res://scripts/citizen_agent.gd:213)
       [913] _navigate_to (res://scripts/citizen_agent.gd:222)
       [914] _assign_next_task (res://scripts/citizen_agent.gd:213)
       [915] _navigate_to (res://scripts/citizen_agent.gd:222)
       [916] _assign_next_task (res://scripts/citizen_agent.gd:213)
       [917] _navigate_to (res://scripts/citizen_agent.gd:222)
       [918] _assign_next_task (res://scripts/citizen_agent.gd:213)
       [919] _navigate_to (res://scripts/citizen_agent.gd:222)
       [920] _assign_next_task (res://scripts/citizen_agent.gd:213)
       [921] _navigate_to (res://scripts/citizen_agent.gd:222)
       [922] _assign_next_task (res://scripts/citizen_agent.gd:213)
       [923] _navigate_to (res://scripts/citizen_agent.gd:222)
       [924] _assign_next_task (res://scripts/citizen_agent.gd:213)
       [925] _navigate_to (res://scripts/citizen_agent.gd:222)
       [926] _assign_next_task (res://scripts/citizen_agent.gd:213)
       [927] _navigate_to (res://scripts/citizen_agent.gd:222)
       [928] _assign_next_task (res://scripts/citizen_agent.gd:213)
       [929] _navigate_to (res://scripts/citizen_agent.gd:222)
       [930] _assign_next_task (res://scripts/citizen_agent.gd:213)
       [931] _navigate_to (res://scripts/citizen_agent.gd:222)
       [932] _assign_next_task (res://scripts/citizen_agent.gd:213)
       [933] _navigate_to (res://scripts/citizen_agent.gd:222)
       [934] _assign_next_task (res://scripts/citizen_agent.gd:213)
       [935] _navigate_to (res://scripts/citizen_agent.gd:222)
       [936] _assign_next_task (res://scripts/citizen_agent.gd:213)
       [937] _navigate_to (res://scripts/citizen_agent.gd:222)
       [938] _assign_next_task (res://scripts/citizen_agent.gd:213)
       [939] _navigate_to (res://scripts/citizen_agent.gd:222)
       [940] _assign_next_task (res://scripts/citizen_agent.gd:213)
       [941] _navigate_to (res://scripts/citizen_agent.gd:222)
       [942] _assign_next_task (res://scripts/citizen_agent.gd:213)
       [943] _navigate_to (res://scripts/citizen_agent.gd:222)
       [944] _assign_next_task (res://scripts/citizen_agent.gd:213)
       [945] _navigate_to (res://scripts/citizen_agent.gd:222)
       [946] _assign_next_task (res://scripts/citizen_agent.gd:213)
       [947] _navigate_to (res://scripts/citizen_agent.gd:222)
       [948] _assign_next_task (res://scripts/citizen_agent.gd:213)
       [949] _navigate_to (res://scripts/citizen_agent.gd:222)
       [950] _assign_next_task (res://scripts/citizen_agent.gd:213)
       [951] _navigate_to (res://scripts/citizen_agent.gd:222)
       [952] _assign_next_task (res://scripts/citizen_agent.gd:213)
       [953] _navigate_to (res://scripts/citizen_agent.gd:222)
       [954] _assign_next_task (res://scripts/citizen_agent.gd:213)
       [955] _navigate_to (res://scripts/citizen_agent.gd:222)
       [956] _assign_next_task (res://scripts/citizen_agent.gd:213)
       [957] _navigate_to (res://scripts/citizen_agent.gd:222)
       [958] _assign_next_task (res://scripts/citizen_agent.gd:213)
       [959] _navigate_to (res://scripts/citizen_agent.gd:222)
       [960] _assign_next_task (res://scripts/citizen_agent.gd:213)
       [961] _navigate_to (res://scripts/citizen_agent.gd:222)
       [962] _assign_next_task (res://scripts/citizen_agent.gd:213)
       [963] _navigate_to (res://scripts/citizen_agent.gd:222)
       [964] _assign_next_task (res://scripts/citizen_agent.gd:213)
       [965] _navigate_to (res://scripts/citizen_agent.gd:222)
       [966] _assign_next_task (res://scripts/citizen_agent.gd:213)
       [967] _navigate_to (res://scripts/citizen_agent.gd:222)
       [968] _assign_next_task (res://scripts/citizen_agent.gd:213)
       [969] _navigate_to (res://scripts/citizen_agent.gd:222)
       [970] _assign_next_task (res://scripts/citizen_agent.gd:213)
       [971] _navigate_to (res://scripts/citizen_agent.gd:222)
       [972] _assign_next_task (res://scripts/citizen_agent.gd:213)
       [973] _navigate_to (res://scripts/citizen_agent.gd:222)
       [974] _assign_next_task (res://scripts/citizen_agent.gd:213)
       [975] _navigate_to (res://scripts/citizen_agent.gd:222)
       [976] _assign_next_task (res://scripts/citizen_agent.gd:213)
       [977] _navigate_to (res://scripts/citizen_agent.gd:222)
       [978] _assign_next_task (res://scripts/citizen_agent.gd:213)
       [979] _navigate_to (res://scripts/citizen_agent.gd:222)
       [980] _assign_next_task (res://scripts/citizen_agent.gd:213)
       [981] _navigate_to (res://scripts/citizen_agent.gd:222)
       [982] _assign_next_task (res://scripts/citizen_agent.gd:213)
       [983] _navigate_to (res://scripts/citizen_agent.gd:222)
       [984] _assign_next_task (res://scripts/citizen_agent.gd:213)
       [985] _navigate_to (res://scripts/citizen_agent.gd:222)
       [986] _assign_next_task (res://scripts/citizen_agent.gd:213)
       [987] _navigate_to (res://scripts/citizen_agent.gd:222)
       [988] _assign_next_task (res://scripts/citizen_agent.gd:213)
       [989] _navigate_to (res://scripts/citizen_agent.gd:222)
       [990] _assign_next_task (res://scripts/citizen_agent.gd:213)
       [991] _navigate_to (res://scripts/citizen_agent.gd:222)
       [992] _assign_next_task (res://scripts/citizen_agent.gd:213)
       [993] _navigate_to (res://scripts/citizen_agent.gd:222)
       [994] _assign_next_task (res://scripts/citizen_agent.gd:213)
       [995] _navigate_to (res://scripts/citizen_agent.gd:222)
       [996] _assign_next_task (res://scripts/citizen_agent.gd:213)
       [997] _navigate_to (res://scripts/citizen_agent.gd:222)
       [998] _assign_next_task (res://scripts/citizen_agent.gd:213)
       [999] _navigate_to (res://scripts/citizen_agent.gd:222)
       [1000] _assign_next_task (res://scripts/citizen_agent.gd:213)
       [1001] _navigate_to (res://scripts/citizen_agent.gd:222)
       [1002] _assign_next_task (res://scripts/citizen_agent.gd:213)
       [1003] _navigate_to (res://scripts/citizen_agent.gd:222)
       [1004] _assign_next_task (res://scripts/citizen_agent.gd:213)
       [1005] _navigate_to (res://scripts/citizen_agent.gd:222)
       [1006] _assign_next_task (res://scripts/citizen_agent.gd:213)
       [1007] _navigate_to (res://scripts/citizen_agent.gd:222)
       [1008] _assign_next_task (res://scripts/citizen_agent.gd:213)
       [1009] _navigate_to (res://scripts/citizen_agent.gd:222)
       [1010] _assign_next_task (res://scripts/citizen_agent.gd:213)
       [1011] _navigate_to (res://scripts/citizen_agent.gd:222)
       [1012] _assign_next_task (res://scripts/citizen_agent.gd:213)
       [1013] _navigate_to (res://scripts/citizen_agent.gd:222)
       [1014] _assign_next_task (res://scripts/citizen_agent.gd:213)
       [1015] _navigate_to (res://scripts/citizen_agent.gd:222)
       [1016] _assign_next_task (res://scripts/citizen_agent.gd:213)
       [1017] _navigate_to (res://scripts/citizen_agent.gd:222)
       [1018] _assign_next_task (res://scripts/citizen_agent.gd:213)
       [1019] _navigate_to (res://scripts/citizen_agent.gd:222)
       [1020] _assign_next_task (res://scripts/citizen_agent.gd:213)
       [1021] _process (res://scripts/citizen_agent.gd:66)
       [1022] step (res://scripts/civilization_simulation.gd:127)
       [1023] run (res://scripts/poc45_fast_test.gd:177)
SCRIPT ERROR: Stack overflow. Check for infinite recursion in your script.
   at: is_obstacle_position (res://scripts/floor_navigation.gd:165)
   GDScript backtrace (most recent call first):
       [0] path_between (res://scripts/floor_navigation.gd:101)
       [1] route_between (res://scripts/surface_navigation.gd:71)
       [2] route_for (res://scripts/civilization_simulation.gd:438)
       [3] _navigate_to (res://scripts/citizen_agent.gd:217)
       [4] _assign_next_task (res://scripts/citizen_agent.gd:213)
       [5] _assign_next_task (res://scripts/citizen_agent.gd:213)
       [6] _assign_next_task (res://scripts/citizen_agent.gd:213)
       [7] _navigate_to (res://scripts/citizen_agent.gd:222)
       [8] _assign_next_task (res://scripts/citizen_agent.gd:213)
       [9] _navigate_to (res://scripts/citizen_agent.gd:222)
       [10] _assign_next_task (res://scripts/citizen_agent.gd:213)
       [11] _navigate_to (res://scripts/citizen_agent.gd:222)
       [12] _assign_next_task (res://scripts/citizen_agent.gd:213)
       [13] _navigate_to (res://scripts/citizen_agent.gd:222)
       [14] _assign_next_task (res://scripts/citizen_agent.gd:213)
       [15] _navigate_to (res://scripts/citizen_agent.gd:222)
       [16] _assign_next_task (res://scripts/citizen_agent.gd:213)
       [17] _navigate_to (res://scripts/citizen_agent.gd:222)
       [18] _assign_next_task (res://scripts/citizen_agent.gd:213)
       [19] _navigate_to (res://scripts/citizen_agent.gd:222)
       [20] _assign_next_task (res://scripts/citizen_agent.gd:213)
       [21] _navigate_to (res://scripts/citizen_agent.gd:222)
       [22] _assign_next_task (res://scripts/citizen_agent.gd:213)
       [23] _navigate_to (res://scripts/citizen_agent.gd:222)
       [24] _assign_next_task (res://scripts/citizen_agent.gd:213)
       [25] _navigate_to (res://scripts/citizen_agent.gd:222)
       [26] _assign_next_task (res://scripts/citizen_agent.gd:213)
       [27] _navigate_to (res://scripts/citizen_agent.gd:222)
       [28] _assign_next_task (res://scripts/citizen_agent.gd:213)
       [29] _navigate_to (res://scripts/citizen_agent.gd:222)
       [30] _assign_next_task (res://scripts/citizen_agent.gd:213)
       [31] _navigate_to (res://scripts/citizen_agent.gd:222)
       [32] _assign_next_task (res://scripts/citizen_agent.gd:213)
       [33] _navigate_to (res://scripts/citizen_agent.gd:222)
       [34] _assign_next_task (res://scripts/citizen_agent.gd:213)
       [35] _navigate_to (res://scripts/citizen_agent.gd:222)
       [36] _assign_next_task (res://scripts/citizen_agent.gd:213)
       [37] _navigate_to (res://scripts/citizen_agent.gd:222)
       [38] _assign_next_task (res://scripts/citizen_agent.gd:213)
       [39] _navigate_to (res://scripts/citizen_agent.gd:222)
       [40] _assign_next_task (res://scripts/citizen_agent.gd:213)
       [41] _navigate_to (res://scripts/citizen_agent.gd:222)
       [42] _assign_next_task (res://scripts/citizen_agent.gd:213)
       [43] _navigate_to (res://scripts/citizen_agent.gd:222)
       [44] _assign_next_task (res://scripts/citizen_agent.gd:213)
       [45] _navigate_to (res://scripts/citizen_agent.gd:222)
       [46] _assign_next_task (res://scripts/citizen_agent.gd:213)
       [47] _navigate_to (res://scripts/citizen_agent.gd:222)
       [48] _assign_next_task (res://scripts/citizen_agent.gd:213)
       [49] _navigate_to (res://scripts/citizen_agent.gd:222)
       [50] _assign_next_task (res://scripts/citizen_agent.gd:213)
       [51] _navigate_to (res://scripts/citizen_agent.gd:222)
       [52] _assign_next_task (res://scripts/citizen_agent.gd:213)
       [53] _navigate_to (res://scripts/citizen_agent.gd:222)
       [54] _assign_next_task (res://scripts/citizen_agent.gd:213)
       [55] _navigate_to (res://scripts/citizen_agent.gd:222)
       [56] _assign_next_task (res://scripts/citizen_agent.gd:213)
       [57] _navigate_to (res://scripts/citizen_agent.gd:222)
       [58] _assign_next_task (res://scripts/citizen_agent.gd:213)
       [59] _navigate_to (res://scripts/citizen_agent.gd:222)
       [60] _assign_next_task (res://scripts/citizen_agent.gd:213)
       [61] _navigate_to (res://scripts/citizen_agent.gd:222)
       [62] _assign_next_task (res://scripts/citizen_agent.gd:213)
       [63] _navigate_to (res://scripts/citizen_agent.gd:222)
       [64] _assign_next_task (res://scripts/citizen_agent.gd:213)
       [65] _navigate_to (res://scripts/citizen_agent.gd:222)
       [66] _assign_next_task (res://scripts/citizen_agent.gd:213)
       [67] _navigate_to (res://scripts/citizen_agent.gd:222)
       [68] _assign_next_task (res://scripts/citizen_agent.gd:213)
       [69] _navigate_to (res://scripts/citizen_agent.gd:222)
       [70] _assign_next_task (res://scripts/citizen_agent.gd:213)
       [71] _navigate_to (res://scripts/citizen_agent.gd:222)
       [72] _assign_next_task (res://scripts/citizen_agent.gd:213)
       [73] _navigate_to (res://scripts/citizen_agent.gd:222)
       [74] _assign_next_task (res://scripts/citizen_agent.gd:213)
       [75] _navigate_to (res://scripts/citizen_agent.gd:222)
       [76] _assign_next_task (res://scripts/citizen_agent.gd:213)
       [77] _navigate_to (res://scripts/citizen_agent.gd:222)
       [78] _assign_next_task (res://scripts/citizen_agent.gd:213)
       [79] _navigate_to (res://scripts/citizen_agent.gd:222)
       [80] _assign_next_task (res://scripts/citizen_agent.gd:213)
       [81] _navigate_to (res://scripts/citizen_agent.gd:222)
       [82] _assign_next_task (res://scripts/citizen_agent.gd:213)
       [83] _navigate_to (res://scripts/citizen_agent.gd:222)
       [84] _assign_next_task (res://scripts/citizen_agent.gd:213)
       [85] _navigate_to (res://scripts/citizen_agent.gd:222)
       [86] _assign_next_task (res://scripts/citizen_agent.gd:213)
       [87] _navigate_to (res://scripts/citizen_agent.gd:222)
       [88] _assign_next_task (res://scripts/citizen_agent.gd:213)
       [89] _navigate_to (res://scripts/citizen_agent.gd:222)
       [90] _assign_next_task (res://scripts/citizen_agent.gd:213)
       [91] _navigate_to (res://scripts/citizen_agent.gd:222)
       [92] _assign_next_task (res://scripts/citizen_agent.gd:213)
       [93] _navigate_to (res://scripts/citizen_agent.gd:222)
       [94] _assign_next_task (res://scripts/citizen_agent.gd:213)
       [95] _navigate_to (res://scripts/citizen_agent.gd:222)
       [96] _assign_next_task (res://scripts/citizen_agent.gd:213)
       [97] _navigate_to (res://scripts/citizen_agent.gd:222)
       [98] _assign_next_task (res://scripts/citizen_agent.gd:213)
       [99] _navigate_to (res://scripts/citizen_agent.gd:222)
       [100] _assign_next_task (res://scripts/citizen_agent.gd:213)
       [101] _navigate_to (res://scripts/citizen_agent.gd:222)
       [102] _assign_next_task (res://scripts/citizen_agent.gd:213)
       [103] _navigate_to (res://scripts/citizen_agent.gd:222)
       [104] _assign_next_task (res://scripts/citizen_agent.gd:213)
       [105] _navigate_to (res://scripts/citizen_agent.gd:222)
       [106] _assign_next_task (res://scripts/citizen_agent.gd:213)
       [107] _navigate_to (res://scripts/citizen_agent.gd:222)
       [108] _assign_next_task (res://scripts/citizen_agent.gd:213)
       [109] _navigate_to (res://scripts/citizen_agent.gd:222)
       [110] _assign_next_task (res://scripts/citizen_agent.gd:213)
       [111] _navigate_to (res://scripts/citizen_agent.gd:222)
       [112] _assign_next_task (res://scripts/citizen_agent.gd:213)
       [113] _navigate_to (res://scripts/citizen_agent.gd:222)
       [114] _assign_next_task (res://scripts/citizen_agent.gd:213)
       [115] _navigate_to (res://scripts/citizen_agent.gd:222)
       [116] _assign_next_task (res://scripts/citizen_agent.gd:213)
       [117] _navigate_to (res://scripts/citizen_agent.gd:222)
       [118] _assign_next_task (res://scripts/citizen_agent.gd:213)
       [119] _navigate_to (res://scripts/citizen_agent.gd:222)
       [120] _assign_next_task (res://scripts/citizen_agent.gd:213)
       [121] _navigate_to (res://scripts/citizen_agent.gd:222)
       [122] _assign_next_task (res://scripts/citizen_agent.gd:213)
       [123] _navigate_to (res://scripts/citizen_agent.gd:222)
       [124] _assign_next_task (res://scripts/citizen_agent.gd:213)
       [125] _navigate_to (res://scripts/citizen_agent.gd:222)
       [126] _assign_next_task (res://scripts/citizen_agent.gd:213)
       [127] _navigate_to (res://scripts/citizen_agent.gd:222)
       [128] _assign_next_task (res://scripts/citizen_agent.gd:213)
       [129] _navigate_to (res://scripts/citizen_agent.gd:222)
       [130] _assign_next_task (res://scripts/citizen_agent.gd:213)
       [131] _navigate_to (res://scripts/citizen_agent.gd:222)
       [132] _assign_next_task (res://scripts/citizen_agent.gd:213)
       [133] _navigate_to (res://scripts/citizen_agent.gd:222)
       [134] _assign_next_task (res://scripts/citizen_agent.gd:213)
       [135] _navigate_to (res://scripts/citizen_agent.gd:222)
       [136] _assign_next_task (res://scripts/citizen_agent.gd:213)
       [137] _navigate_to (res://scripts/citizen_agent.gd:222)
       [138] _assign_next_task (res://scripts/citizen_agent.gd:213)
       [139] _navigate_to (res://scripts/citizen_agent.gd:222)
       [140] _assign_next_task (res://scripts/citizen_agent.gd:213)
       [141] _navigate_to (res://scripts/citizen_agent.gd:222)
       [142] _assign_next_task (res://scripts/citizen_agent.gd:213)
       [143] _navigate_to (res://scripts/citizen_agent.gd:222)
       [144] _assign_next_task (res://scripts/citizen_agent.gd:213)
       [145] _navigate_to (res://scripts/citizen_agent.gd:222)
       [146] _assign_next_task (res://scripts/citizen_agent.gd:213)
       [147] _navigate_to (res://scripts/citizen_agent.gd:222)
       [148] _assign_next_task (res://scripts/citizen_agent.gd:213)
       [149] _navigate_to (res://scripts/citizen_agent.gd:222)
       [150] _assign_next_task (res://scripts/citizen_agent.gd:213)
       [151] _navigate_to (res://scripts/citizen_agent.gd:222)
       [152] _assign_next_task (res://scripts/citizen_agent.gd:213)
       [153] _navigate_to (res://scripts/citizen_agent.gd:222)
       [154] _assign_next_task (res://scripts/citizen_agent.gd:213)
       [155] _navigate_to (res://scripts/citizen_agent.gd:222)
       [156] _assign_next_task (res://scripts/citizen_agent.gd:213)
       [157] _navigate_to (res://scripts/citizen_agent.gd:222)
       [158] _assign_next_task (res://scripts/citizen_agent.gd:213)
       [159] _navigate_to (res://scripts/citizen_agent.gd:222)
       [160] _assign_next_task (res://scripts/citizen_agent.gd:213)
       [161] _navigate_to (res://scripts/citizen_agent.gd:222)
       [162] _assign_next_task (res://scripts/citizen_agent.gd:213)
       [163] _navigate_to (res://scripts/citizen_agent.gd:222)
       [164] _assign_next_task (res://scripts/citizen_agent.gd:213)
       [165] _navigate_to (res://scripts/citizen_agent.gd:222)
       [166] _assign_next_task (res://scripts/citizen_agent.gd:213)
       [167] _navigate_to (res://scripts/citizen_agent.gd:222)
       [168] _assign_next_task (res://scripts/citizen_agent.gd:213)
       [169] _navigate_to (res://scripts/citizen_agent.gd:222)
       [170] _assign_next_task (res://scripts/citizen_agent.gd:213)
       [171] _navigate_to (res://scripts/citizen_agent.gd:222)
       [172] _assign_next_task (res://scripts/citizen_agent.gd:213)
       [173] _navigate_to (res://scripts/citizen_agent.gd:222)
       [174] _assign_next_task (res://scripts/citizen_agent.gd:213)
       [175] _navigate_to (res://scripts/citizen_agent.gd:222)
       [176] _assign_next_task (res://scripts/citizen_agent.gd:213)
       [177] _navigate_to (res://scripts/citizen_agent.gd:222)
       [178] _assign_next_task (res://scripts/citizen_agent.gd:213)
       [179] _navigate_to (res://scripts/citizen_agent.gd:222)
       [180] _assign_next_task (res://scripts/citizen_agent.gd:213)
       [181] _navigate_to (res://scripts/citizen_agent.gd:222)
       [182] _assign_next_task (res://scripts/citizen_agent.gd:213)
       [183] _navigate_to (res://scripts/citizen_agent.gd:222)
       [184] _assign_next_task (res://scripts/citizen_agent.gd:213)
       [185] _navigate_to (res://scripts/citizen_agent.gd:222)
       [186] _assign_next_task (res://scripts/citizen_agent.gd:213)
       [187] _navigate_to (res://scripts/citizen_agent.gd:222)
       [188] _assign_next_task (res://scripts/citizen_agent.gd:213)
       [189] _navigate_to (res://scripts/citizen_agent.gd:222)
       [190] _assign_next_task (res://scripts/citizen_agent.gd:213)
       [191] _navigate_to (res://scripts/citizen_agent.gd:222)
       [192] _assign_next_task (res://scripts/citizen_agent.gd:213)
       [193] _navigate_to (res://scripts/citizen_agent.gd:222)
       [194] _assign_next_task (res://scripts/citizen_agent.gd:213)
       [195] _navigate_to (res://scripts/citizen_agent.gd:222)
       [196] _assign_next_task (res://scripts/citizen_agent.gd:213)
       [197] _navigate_to (res://scripts/citizen_agent.gd:222)
       [198] _assign_next_task (res://scripts/citizen_agent.gd:213)
       [199] _navigate_to (res://scripts/citizen_agent.gd:222)
       [200] _assign_next_task (res://scripts/citizen_agent.gd:213)
       [201] _navigate_to (res://scripts/citizen_agent.gd:222)
       [202] _assign_next_task (res://scripts/citizen_agent.gd:213)
       [203] _navigate_to (res://scripts/citizen_agent.gd:222)
       [204] _assign_next_task (res://scripts/citizen_agent.gd:213)
       [205] _navigate_to (res://scripts/citizen_agent.gd:222)
       [206] _assign_next_task (res://scripts/citizen_agent.gd:213)
       [207] _navigate_to (res://scripts/citizen_agent.gd:222)
       [208] _assign_next_task (res://scripts/citizen_agent.gd:213)
       [209] _navigate_to (res://scripts/citizen_agent.gd:222)
       [210] _assign_next_task (res://scripts/citizen_agent.gd:213)
       [211] _navigate_to (res://scripts/citizen_agent.gd:222)
       [212] _assign_next_task (res://scripts/citizen_agent.gd:213)
       [213] _navigate_to (res://scripts/citizen_agent.gd:222)
       [214] _assign_next_task (res://scripts/citizen_agent.gd:213)
       [215] _navigate_to (res://scripts/citizen_agent.gd:222)
       [216] _assign_next_task (res://scripts/citizen_agent.gd:213)
       [217] _navigate_to (res://scripts/citizen_agent.gd:222)
       [218] _assign_next_task (res://scripts/citizen_agent.gd:213)
       [219] _navigate_to (res://scripts/citizen_agent.gd:222)
       [220] _assign_next_task (res://scripts/citizen_agent.gd:213)
       [221] _navigate_to (res://scripts/citizen_agent.gd:222)
       [222] _assign_next_task (res://scripts/citizen_agent.gd:213)
       [223] _navigate_to (res://scripts/citizen_agent.gd:222)
       [224] _assign_next_task (res://scripts/citizen_agent.gd:213)
       [225] _navigate_to (res://scripts/citizen_agent.gd:222)
       [226] _assign_next_task (res://scripts/citizen_agent.gd:213)
       [227] _navigate_to (res://scripts/citizen_agent.gd:222)
       [228] _assign_next_task (res://scripts/citizen_agent.gd:213)
       [229] _navigate_to (res://scripts/citizen_agent.gd:222)
       [230] _assign_next_task (res://scripts/citizen_agent.gd:213)
       [231] _navigate_to (res://scripts/citizen_agent.gd:222)
       [232] _assign_next_task (res://scripts/citizen_agent.gd:213)
       [233] _navigate_to (res://scripts/citizen_agent.gd:222)
       [234] _assign_next_task (res://scripts/citizen_agent.gd:213)
       [235] _navigate_to (res://scripts/citizen_agent.gd:222)
       [236] _assign_next_task (res://scripts/citizen_agent.gd:213)
       [237] _navigate_to (res://scripts/citizen_agent.gd:222)
       [238] _assign_next_task (res://scripts/citizen_agent.gd:213)
       [239] _navigate_to (res://scripts/citizen_agent.gd:222)
       [240] _assign_next_task (res://scripts/citizen_agent.gd:213)
       [241] _navigate_to (res://scripts/citizen_agent.gd:222)
       [242] _assign_next_task (res://scripts/citizen_agent.gd:213)
       [243] _navigate_to (res://scripts/citizen_agent.gd:222)
       [244] _assign_next_task (res://scripts/citizen_agent.gd:213)
       [245] _navigate_to (res://scripts/citizen_agent.gd:222)
       [246] _assign_next_task (res://scripts/citizen_agent.gd:213)
       [247] _navigate_to (res://scripts/citizen_agent.gd:222)
       [248] _assign_next_task (res://scripts/citizen_agent.gd:213)
       [249] _navigate_to (res://scripts/citizen_agent.gd:222)
       [250] _assign_next_task (res://scripts/citizen_agent.gd:213)
       [251] _navigate_to (res://scripts/citizen_agent.gd:222)
       [252] _assign_next_task (res://scripts/citizen_agent.gd:213)
       [253] _navigate_to (res://scripts/citizen_agent.gd:222)
       [254] _assign_next_task (res://scripts/citizen_agent.gd:213)
       [255] _navigate_to (res://scripts/citizen_agent.gd:222)
       [256] _assign_next_task (res://scripts/citizen_agent.gd:213)
       [257] _navigate_to (res://scripts/citizen_agent.gd:222)
       [258] _assign_next_task (res://scripts/citizen_agent.gd:213)
       [259] _navigate_to (res://scripts/citizen_agent.gd:222)
       [260] _assign_next_task (res://scripts/citizen_agent.gd:213)
       [261] _navigate_to (res://scripts/citizen_agent.gd:222)
       [262] _assign_next_task (res://scripts/citizen_agent.gd:213)
       [263] _navigate_to (res://scripts/citizen_agent.gd:222)
       [264] _assign_next_task (res://scripts/citizen_agent.gd:213)
       [265] _navigate_to (res://scripts/citizen_agent.gd:222)
       [266] _assign_next_task (res://scripts/citizen_agent.gd:213)
       [267] _navigate_to (res://scripts/citizen_agent.gd:222)
       [268] _assign_next_task (res://scripts/citizen_agent.gd:213)
       [269] _navigate_to (res://scripts/citizen_agent.gd:222)
       [270] _assign_next_task (res://scripts/citizen_agent.gd:213)
       [271] _navigate_to (res://scripts/citizen_agent.gd:222)
       [272] _assign_next_task (res://scripts/citizen_agent.gd:213)
       [273] _navigate_to (res://scripts/citizen_agent.gd:222)
       [274] _assign_next_task (res://scripts/citizen_agent.gd:213)
       [275] _navigate_to (res://scripts/citizen_agent.gd:222)
       [276] _assign_next_task (res://scripts/citizen_agent.gd:213)
       [277] _navigate_to (res://scripts/citizen_agent.gd:222)
       [278] _assign_next_task (res://scripts/citizen_agent.gd:213)
       [279] _navigate_to (res://scripts/citizen_agent.gd:222)
       [280] _assign_next_task (res://scripts/citizen_agent.gd:213)
       [281] _navigate_to (res://scripts/citizen_agent.gd:222)
       [282] _assign_next_task (res://scripts/citizen_agent.gd:213)
       [283] _navigate_to (res://scripts/citizen_agent.gd:222)
       [284] _assign_next_task (res://scripts/citizen_agent.gd:213)
       [285] _navigate_to (res://scripts/citizen_agent.gd:222)
       [286] _assign_next_task (res://scripts/citizen_agent.gd:213)
       [287] _navigate_to (res://scripts/citizen_agent.gd:222)
       [288] _assign_next_task (res://scripts/citizen_agent.gd:213)
       [289] _navigate_to (res://scripts/citizen_agent.gd:222)
       [290] _assign_next_task (res://scripts/citizen_agent.gd:213)
       [291] _navigate_to (res://scripts/citizen_agent.gd:222)
       [292] _assign_next_task (res://scripts/citizen_agent.gd:213)
       [293] _navigate_to (res://scripts/citizen_agent.gd:222)
       [294] _assign_next_task (res://scripts/citizen_agent.gd:213)
       [295] _navigate_to (res://scripts/citizen_agent.gd:222)
       [296] _assign_next_task (res://scripts/citizen_agent.gd:213)
       [297] _navigate_to (res://scripts/citizen_agent.gd:222)
       [298] _assign_next_task (res://scripts/citizen_agent.gd:213)
       [299] _navigate_to (res://scripts/citizen_agent.gd:222)
       [300] _assign_next_task (res://scripts/citizen_agent.gd:213)
       [301] _navigate_to (res://scripts/citizen_agent.gd:222)
       [302] _assign_next_task (res://scripts/citizen_agent.gd:213)
       [303] _navigate_to (res://scripts/citizen_agent.gd:222)
       [304] _assign_next_task (res://scripts/citizen_agent.gd:213)
       [305] _navigate_to (res://scripts/citizen_agent.gd:222)
       [306] _assign_next_task (res://scripts/citizen_agent.gd:213)
       [307] _navigate_to (res://scripts/citizen_agent.gd:222)
       [308] _assign_next_task (res://scripts/citizen_agent.gd:213)
       [309] _navigate_to (res://scripts/citizen_agent.gd:222)
       [310] _assign_next_task (res://scripts/citizen_agent.gd:213)
       [311] _navigate_to (res://scripts/citizen_agent.gd:222)
       [312] _assign_next_task (res://scripts/citizen_agent.gd:213)
       [313] _navigate_to (res://scripts/citizen_agent.gd:222)
       [314] _assign_next_task (res://scripts/citizen_agent.gd:213)
       [315] _navigate_to (res://scripts/citizen_agent.gd:222)
       [316] _assign_next_task (res://scripts/citizen_agent.gd:213)
       [317] _navigate_to (res://scripts/citizen_agent.gd:222)
       [318] _assign_next_task (res://scripts/citizen_agent.gd:213)
       [319] _navigate_to (res://scripts/citizen_agent.gd:222)
       [320] _assign_next_task (res://scripts/citizen_agent.gd:213)
       [321] _navigate_to (res://scripts/citizen_agent.gd:222)
       [322] _assign_next_task (res://scripts/citizen_agent.gd:213)
       [323] _navigate_to (res://scripts/citizen_agent.gd:222)
       [324] _assign_next_task (res://scripts/citizen_agent.gd:213)
       [325] _navigate_to (res://scripts/citizen_agent.gd:222)
       [326] _assign_next_task (res://scripts/citizen_agent.gd:213)
       [327] _navigate_to (res://scripts/citizen_agent.gd:222)
       [328] _assign_next_task (res://scripts/citizen_agent.gd:213)
       [329] _navigate_to (res://scripts/citizen_agent.gd:222)
       [330] _assign_next_task (res://scripts/citizen_agent.gd:213)
       [331] _navigate_to (res://scripts/citizen_agent.gd:222)
       [332] _assign_next_task (res://scripts/citizen_agent.gd:213)
       [333] _navigate_to (res://scripts/citizen_agent.gd:222)
       [334] _assign_next_task (res://scripts/citizen_agent.gd:213)
       [335] _navigate_to (res://scripts/citizen_agent.gd:222)
       [336] _assign_next_task (res://scripts/citizen_agent.gd:213)
       [337] _navigate_to (res://scripts/citizen_agent.gd:222)
       [338] _assign_next_task (res://scripts/citizen_agent.gd:213)
       [339] _navigate_to (res://scripts/citizen_agent.gd:222)
       [340] _assign_next_task (res://scripts/citizen_agent.gd:213)
       [341] _navigate_to (res://scripts/citizen_agent.gd:222)
       [342] _assign_next_task (res://scripts/citizen_agent.gd:213)
       [343] _navigate_to (res://scripts/citizen_agent.gd:222)
       [344] _assign_next_task (res://scripts/citizen_agent.gd:213)
       [345] _navigate_to (res://scripts/citizen_agent.gd:222)
       [346] _assign_next_task (res://scripts/citizen_agent.gd:213)
       [347] _navigate_to (res://scripts/citizen_agent.gd:222)
       [348] _assign_next_task (res://scripts/citizen_agent.gd:213)
       [349] _navigate_to (res://scripts/citizen_agent.gd:222)
       [350] _assign_next_task (res://scripts/citizen_agent.gd:213)
       [351] _navigate_to (res://scripts/citizen_agent.gd:222)
       [352] _assign_next_task (res://scripts/citizen_agent.gd:213)
       [353] _navigate_to (res://scripts/citizen_agent.gd:222)
       [354] _assign_next_task (res://scripts/citizen_agent.gd:213)
       [355] _navigate_to (res://scripts/citizen_agent.gd:222)
       [356] _assign_next_task (res://scripts/citizen_agent.gd:213)
       [357] _navigate_to (res://scripts/citizen_agent.gd:222)
       [358] _assign_next_task (res://scripts/citizen_agent.gd:213)
       [359] _navigate_to (res://scripts/citizen_agent.gd:222)
       [360] _assign_next_task (res://scripts/citizen_agent.gd:213)
       [361] _navigate_to (res://scripts/citizen_agent.gd:222)
       [362] _assign_next_task (res://scripts/citizen_agent.gd:213)
       [363] _navigate_to (res://scripts/citizen_agent.gd:222)
       [364] _assign_next_task (res://scripts/citizen_agent.gd:213)
       [365] _navigate_to (res://scripts/citizen_agent.gd:222)
       [366] _assign_next_task (res://scripts/citizen_agent.gd:213)
       [367] _navigate_to (res://scripts/citizen_agent.gd:222)
       [368] _assign_next_task (res://scripts/citizen_agent.gd:213)
       [369] _navigate_to (res://scripts/citizen_agent.gd:222)
       [370] _assign_next_task (res://scripts/citizen_agent.gd:213)
       [371] _navigate_to (res://scripts/citizen_agent.gd:222)
       [372] _assign_next_task (res://scripts/citizen_agent.gd:213)
       [373] _navigate_to (res://scripts/citizen_agent.gd:222)
       [374] _assign_next_task (res://scripts/citizen_agent.gd:213)
       [375] _navigate_to (res://scripts/citizen_agent.gd:222)
       [376] _assign_next_task (res://scripts/citizen_agent.gd:213)
       [377] _navigate_to (res://scripts/citizen_agent.gd:222)
       [378] _assign_next_task (res://scripts/citizen_agent.gd:213)
       [379] _navigate_to (res://scripts/citizen_agent.gd:222)
       [380] _assign_next_task (res://scripts/citizen_agent.gd:213)
       [381] _navigate_to (res://scripts/citizen_agent.gd:222)
       [382] _assign_next_task (res://scripts/citizen_agent.gd:213)
       [383] _navigate_to (res://scripts/citizen_agent.gd:222)
       [384] _assign_next_task (res://scripts/citizen_agent.gd:213)
       [385] _navigate_to (res://scripts/citizen_agent.gd:222)
       [386] _assign_next_task (res://scripts/citizen_agent.gd:213)
       [387] _navigate_to (res://scripts/citizen_agent.gd:222)
       [388] _assign_next_task (res://scripts/citizen_agent.gd:213)
       [389] _navigate_to (res://scripts/citizen_agent.gd:222)
       [390] _assign_next_task (res://scripts/citizen_agent.gd:213)
       [391] _navigate_to (res://scripts/citizen_agent.gd:222)
       [392] _assign_next_task (res://scripts/citizen_agent.gd:213)
       [393] _navigate_to (res://scripts/citizen_agent.gd:222)
       [394] _assign_next_task (res://scripts/citizen_agent.gd:213)
       [395] _navigate_to (res://scripts/citizen_agent.gd:222)
       [396] _assign_next_task (res://scripts/citizen_agent.gd:213)
       [397] _navigate_to (res://scripts/citizen_agent.gd:222)
       [398] _assign_next_task (res://scripts/citizen_agent.gd:213)
       [399] _navigate_to (res://scripts/citizen_agent.gd:222)
       [400] _assign_next_task (res://scripts/citizen_agent.gd:213)
       [401] _navigate_to (res://scripts/citizen_agent.gd:222)
       [402] _assign_next_task (res://scripts/citizen_agent.gd:213)
       [403] _navigate_to (res://scripts/citizen_agent.gd:222)
       [404] _assign_next_task (res://scripts/citizen_agent.gd:213)
       [405] _navigate_to (res://scripts/citizen_agent.gd:222)
       [406] _assign_next_task (res://scripts/citizen_agent.gd:213)
       [407] _navigate_to (res://scripts/citizen_agent.gd:222)
       [408] _assign_next_task (res://scripts/citizen_agent.gd:213)
       [409] _navigate_to (res://scripts/citizen_agent.gd:222)
       [410] _assign_next_task (res://scripts/citizen_agent.gd:213)
       [411] _navigate_to (res://scripts/citizen_agent.gd:222)
       [412] _assign_next_task (res://scripts/citizen_agent.gd:213)
       [413] _navigate_to (res://scripts/citizen_agent.gd:222)
       [414] _assign_next_task (res://scripts/citizen_agent.gd:213)
       [415] _navigate_to (res://scripts/citizen_agent.gd:222)
       [416] _assign_next_task (res://scripts/citizen_agent.gd:213)
       [417] _navigate_to (res://scripts/citizen_agent.gd:222)
       [418] _assign_next_task (res://scripts/citizen_agent.gd:213)
       [419] _navigate_to (res://scripts/citizen_agent.gd:222)
       [420] _assign_next_task (res://scripts/citizen_agent.gd:213)
       [421] _navigate_to (res://scripts/citizen_agent.gd:222)
       [422] _assign_next_task (res://scripts/citizen_agent.gd:213)
       [423] _navigate_to (res://scripts/citizen_agent.gd:222)
       [424] _assign_next_task (res://scripts/citizen_agent.gd:213)
       [425] _navigate_to (res://scripts/citizen_agent.gd:222)
       [426] _assign_next_task (res://scripts/citizen_agent.gd:213)
       [427] _navigate_to (res://scripts/citizen_agent.gd:222)
       [428] _assign_next_task (res://scripts/citizen_agent.gd:213)
       [429] _navigate_to (res://scripts/citizen_agent.gd:222)
       [430] _assign_next_task (res://scripts/citizen_agent.gd:213)
       [431] _navigate_to (res://scripts/citizen_agent.gd:222)
       [432] _assign_next_task (res://scripts/citizen_agent.gd:213)
       [433] _navigate_to (res://scripts/citizen_agent.gd:222)
       [434] _assign_next_task (res://scripts/citizen_agent.gd:213)
       [435] _navigate_to (res://scripts/citizen_agent.gd:222)
       [436] _assign_next_task (res://scripts/citizen_agent.gd:213)
       [437] _navigate_to (res://scripts/citizen_agent.gd:222)
       [438] _assign_next_task (res://scripts/citizen_agent.gd:213)
       [439] _navigate_to (res://scripts/citizen_agent.gd:222)
       [440] _assign_next_task (res://scripts/citizen_agent.gd:213)
       [441] _navigate_to (res://scripts/citizen_agent.gd:222)
       [442] _assign_next_task (res://scripts/citizen_agent.gd:213)
       [443] _navigate_to (res://scripts/citizen_agent.gd:222)
       [444] _assign_next_task (res://scripts/citizen_agent.gd:213)
       [445] _navigate_to (res://scripts/citizen_agent.gd:222)
       [446] _assign_next_task (res://scripts/citizen_agent.gd:213)
       [447] _navigate_to (res://scripts/citizen_agent.gd:222)
       [448] _assign_next_task (res://scripts/citizen_agent.gd:213)
       [449] _navigate_to (res://scripts/citizen_agent.gd:222)
       [450] _assign_next_task (res://scripts/citizen_agent.gd:213)
       [451] _navigate_to (res://scripts/citizen_agent.gd:222)
       [452] _assign_next_task (res://scripts/citizen_agent.gd:213)
       [453] _navigate_to (res://scripts/citizen_agent.gd:222)
       [454] _assign_next_task (res://scripts/citizen_agent.gd:213)
       [455] _navigate_to (res://scripts/citizen_agent.gd:222)
       [456] _assign_next_task (res://scripts/citizen_agent.gd:213)
       [457] _navigate_to (res://scripts/citizen_agent.gd:222)
       [458] _assign_next_task (res://scripts/citizen_agent.gd:213)
       [459] _navigate_to (res://scripts/citizen_agent.gd:222)
       [460] _assign_next_task (res://scripts/citizen_agent.gd:213)
       [461] _navigate_to (res://scripts/citizen_agent.gd:222)
       [462] _assign_next_task (res://scripts/citizen_agent.gd:213)
       [463] _navigate_to (res://scripts/citizen_agent.gd:222)
       [464] _assign_next_task (res://scripts/citizen_agent.gd:213)
       [465] _navigate_to (res://scripts/citizen_agent.gd:222)
       [466] _assign_next_task (res://scripts/citizen_agent.gd:213)
       [467] _navigate_to (res://scripts/citizen_agent.gd:222)
       [468] _assign_next_task (res://scripts/citizen_agent.gd:213)
       [469] _navigate_to (res://scripts/citizen_agent.gd:222)
       [470] _assign_next_task (res://scripts/citizen_agent.gd:213)
       [471] _navigate_to (res://scripts/citizen_agent.gd:222)
       [472] _assign_next_task (res://scripts/citizen_agent.gd:213)
       [473] _navigate_to (res://scripts/citizen_agent.gd:222)
       [474] _assign_next_task (res://scripts/citizen_agent.gd:213)
       [475] _navigate_to (res://scripts/citizen_agent.gd:222)
       [476] _assign_next_task (res://scripts/citizen_agent.gd:213)
       [477] _navigate_to (res://scripts/citizen_agent.gd:222)
       [478] _assign_next_task (res://scripts/citizen_agent.gd:213)
       [479] _navigate_to (res://scripts/citizen_agent.gd:222)
       [480] _assign_next_task (res://scripts/citizen_agent.gd:213)
       [481] _navigate_to (res://scripts/citizen_agent.gd:222)
       [482] _assign_next_task (res://scripts/citizen_agent.gd:213)
       [483] _navigate_to (res://scripts/citizen_agent.gd:222)
       [484] _assign_next_task (res://scripts/citizen_agent.gd:213)
       [485] _navigate_to (res://scripts/citizen_agent.gd:222)
       [486] _assign_next_task (res://scripts/citizen_agent.gd:213)
       [487] _navigate_to (res://scripts/citizen_agent.gd:222)
       [488] _assign_next_task (res://scripts/citizen_agent.gd:213)
       [489] _navigate_to (res://scripts/citizen_agent.gd:222)
       [490] _assign_next_task (res://scripts/citizen_agent.gd:213)
       [491] _navigate_to (res://scripts/citizen_agent.gd:222)
       [492] _assign_next_task (res://scripts/citizen_agent.gd:213)
       [493] _navigate_to (res://scripts/citizen_agent.gd:222)
       [494] _assign_next_task (res://scripts/citizen_agent.gd:213)
       [495] _navigate_to (res://scripts/citizen_agent.gd:222)
       [496] _assign_next_task (res://scripts/citizen_agent.gd:213)
       [497] _navigate_to (res://scripts/citizen_agent.gd:222)
       [498] _assign_next_task (res://scripts/citizen_agent.gd:213)
       [499] _navigate_to (res://scripts/citizen_agent.gd:222)
       [500] _assign_next_task (res://scripts/citizen_agent.gd:213)
       [501] _navigate_to (res://scripts/citizen_agent.gd:222)
       [502] _assign_next_task (res://scripts/citizen_agent.gd:213)
       [503] _navigate_to (res://scripts/citizen_agent.gd:222)
       [504] _assign_next_task (res://scripts/citizen_agent.gd:213)
       [505] _navigate_to (res://scripts/citizen_agent.gd:222)
       [506] _assign_next_task (res://scripts/citizen_agent.gd:213)
       [507] _navigate_to (res://scripts/citizen_agent.gd:222)
       [508] _assign_next_task (res://scripts/citizen_agent.gd:213)
       [509] _navigate_to (res://scripts/citizen_agent.gd:222)
       [510] _assign_next_task (res://scripts/citizen_agent.gd:213)
       [511] _navigate_to (res://scripts/citizen_agent.gd:222)
       [512] _assign_next_task (res://scripts/citizen_agent.gd:213)
       [513] _navigate_to (res://scripts/citizen_agent.gd:222)
       [514] _assign_next_task (res://scripts/citizen_agent.gd:213)
       [515] _navigate_to (res://scripts/citizen_agent.gd:222)
       [516] _assign_next_task (res://scripts/citizen_agent.gd:213)
       [517] _navigate_to (res://scripts/citizen_agent.gd:222)
       [518] _assign_next_task (res://scripts/citizen_agent.gd:213)
       [519] _navigate_to (res://scripts/citizen_agent.gd:222)
       [520] _assign_next_task (res://scripts/citizen_agent.gd:213)
       [521] _navigate_to (res://scripts/citizen_agent.gd:222)
       [522] _assign_next_task (res://scripts/citizen_agent.gd:213)
       [523] _navigate_to (res://scripts/citizen_agent.gd:222)
       [524] _assign_next_task (res://scripts/citizen_agent.gd:213)
       [525] _navigate_to (res://scripts/citizen_agent.gd:222)
       [526] _assign_next_task (res://scripts/citizen_agent.gd:213)
       [527] _navigate_to (res://scripts/citizen_agent.gd:222)
       [528] _assign_next_task (res://scripts/citizen_agent.gd:213)
       [529] _navigate_to (res://scripts/citizen_agent.gd:222)
       [530] _assign_next_task (res://scripts/citizen_agent.gd:213)
       [531] _navigate_to (res://scripts/citizen_agent.gd:222)
       [532] _assign_next_task (res://scripts/citizen_agent.gd:213)
       [533] _navigate_to (res://scripts/citizen_agent.gd:222)
       [534] _assign_next_task (res://scripts/citizen_agent.gd:213)
       [535] _navigate_to (res://scripts/citizen_agent.gd:222)
       [536] _assign_next_task (res://scripts/citizen_agent.gd:213)
       [537] _navigate_to (res://scripts/citizen_agent.gd:222)
       [538] _assign_next_task (res://scripts/citizen_agent.gd:213)
       [539] _navigate_to (res://scripts/citizen_agent.gd:222)
       [540] _assign_next_task (res://scripts/citizen_agent.gd:213)
       [541] _navigate_to (res://scripts/citizen_agent.gd:222)
       [542] _assign_next_task (res://scripts/citizen_agent.gd:213)
       [543] _navigate_to (res://scripts/citizen_agent.gd:222)
       [544] _assign_next_task (res://scripts/citizen_agent.gd:213)
       [545] _navigate_to (res://scripts/citizen_agent.gd:222)
       [546] _assign_next_task (res://scripts/citizen_agent.gd:213)
       [547] _navigate_to (res://scripts/citizen_agent.gd:222)
       [548] _assign_next_task (res://scripts/citizen_agent.gd:213)
       [549] _navigate_to (res://scripts/citizen_agent.gd:222)
       [550] _assign_next_task (res://scripts/citizen_agent.gd:213)
       [551] _navigate_to (res://scripts/citizen_agent.gd:222)
       [552] _assign_next_task (res://scripts/citizen_agent.gd:213)
       [553] _navigate_to (res://scripts/citizen_agent.gd:222)
       [554] _assign_next_task (res://scripts/citizen_agent.gd:213)
       [555] _navigate_to (res://scripts/citizen_agent.gd:222)
       [556] _assign_next_task (res://scripts/citizen_agent.gd:213)
       [557] _navigate_to (res://scripts/citizen_agent.gd:222)
       [558] _assign_next_task (res://scripts/citizen_agent.gd:213)
       [559] _navigate_to (res://scripts/citizen_agent.gd:222)
       [560] _assign_next_task (res://scripts/citizen_agent.gd:213)
       [561] _navigate_to (res://scripts/citizen_agent.gd:222)
       [562] _assign_next_task (res://scripts/citizen_agent.gd:213)
       [563] _navigate_to (res://scripts/citizen_agent.gd:222)
       [564] _assign_next_task (res://scripts/citizen_agent.gd:213)
       [565] _navigate_to (res://scripts/citizen_agent.gd:222)
       [566] _assign_next_task (res://scripts/citizen_agent.gd:213)
       [567] _navigate_to (res://scripts/citizen_agent.gd:222)
       [568] _assign_next_task (res://scripts/citizen_agent.gd:213)
       [569] _navigate_to (res://scripts/citizen_agent.gd:222)
       [570] _assign_next_task (res://scripts/citizen_agent.gd:213)
       [571] _navigate_to (res://scripts/citizen_agent.gd:222)
       [572] _assign_next_task (res://scripts/citizen_agent.gd:213)
       [573] _navigate_to (res://scripts/citizen_agent.gd:222)
       [574] _assign_next_task (res://scripts/citizen_agent.gd:213)
       [575] _navigate_to (res://scripts/citizen_agent.gd:222)
       [576] _assign_next_task (res://scripts/citizen_agent.gd:213)
       [577] _navigate_to (res://scripts/citizen_agent.gd:222)
       [578] _assign_next_task (res://scripts/citizen_agent.gd:213)
       [579] _navigate_to (res://scripts/citizen_agent.gd:222)
       [580] _assign_next_task (res://scripts/citizen_agent.gd:213)
       [581] _navigate_to (res://scripts/citizen_agent.gd:222)
       [582] _assign_next_task (res://scripts/citizen_agent.gd:213)
       [583] _navigate_to (res://scripts/citizen_agent.gd:222)
       [584] _assign_next_task (res://scripts/citizen_agent.gd:213)
       [585] _navigate_to (res://scripts/citizen_agent.gd:222)
       [586] _assign_next_task (res://scripts/citizen_agent.gd:213)
       [587] _navigate_to (res://scripts/citizen_agent.gd:222)
       [588] _assign_next_task (res://scripts/citizen_agent.gd:213)
       [589] _navigate_to (res://scripts/citizen_agent.gd:222)
       [590] _assign_next_task (res://scripts/citizen_agent.gd:213)
       [591] _navigate_to (res://scripts/citizen_agent.gd:222)
       [592] _assign_next_task (res://scripts/citizen_agent.gd:213)
       [593] _navigate_to (res://scripts/citizen_agent.gd:222)
       [594] _assign_next_task (res://scripts/citizen_agent.gd:213)
       [595] _navigate_to (res://scripts/citizen_agent.gd:222)
       [596] _assign_next_task (res://scripts/citizen_agent.gd:213)
       [597] _navigate_to (res://scripts/citizen_agent.gd:222)
       [598] _assign_next_task (res://scripts/citizen_agent.gd:213)
       [599] _navigate_to (res://scripts/citizen_agent.gd:222)
       [600] _assign_next_task (res://scripts/citizen_agent.gd:213)
       [601] _navigate_to (res://scripts/citizen_agent.gd:222)
       [602] _assign_next_task (res://scripts/citizen_agent.gd:213)
       [603] _navigate_to (res://scripts/citizen_agent.gd:222)
       [604] _assign_next_task (res://scripts/citizen_agent.gd:213)
       [605] _navigate_to (res://scripts/citizen_agent.gd:222)
       [606] _assign_next_task (res://scripts/citizen_agent.gd:213)
       [607] _navigate_to (res://scripts/citizen_agent.gd:222)
       [608] _assign_next_task (res://scripts/citizen_agent.gd:213)
       [609] _navigate_to (res://scripts/citizen_agent.gd:222)
       [610] _assign_next_task (res://scripts/citizen_agent.gd:213)
       [611] _navigate_to (res://scripts/citizen_agent.gd:222)
       [612] _assign_next_task (res://scripts/citizen_agent.gd:213)
       [613] _navigate_to (res://scripts/citizen_agent.gd:222)
       [614] _assign_next_task (res://scripts/citizen_agent.gd:213)
       [615] _navigate_to (res://scripts/citizen_agent.gd:222)
       [616] _assign_next_task (res://scripts/citizen_agent.gd:213)
       [617] _navigate_to (res://scripts/citizen_agent.gd:222)
       [618] _assign_next_task (res://scripts/citizen_agent.gd:213)
       [619] _navigate_to (res://scripts/citizen_agent.gd:222)
       [620] _assign_next_task (res://scripts/citizen_agent.gd:213)
       [621] _navigate_to (res://scripts/citizen_agent.gd:222)
       [622] _assign_next_task (res://scripts/citizen_agent.gd:213)
       [623] _navigate_to (res://scripts/citizen_agent.gd:222)
       [624] _assign_next_task (res://scripts/citizen_agent.gd:213)
       [625] _navigate_to (res://scripts/citizen_agent.gd:222)
       [626] _assign_next_task (res://scripts/citizen_agent.gd:213)
       [627] _navigate_to (res://scripts/citizen_agent.gd:222)
       [628] _assign_next_task (res://scripts/citizen_agent.gd:213)
       [629] _navigate_to (res://scripts/citizen_agent.gd:222)
       [630] _assign_next_task (res://scripts/citizen_agent.gd:213)
       [631] _navigate_to (res://scripts/citizen_agent.gd:222)
       [632] _assign_next_task (res://scripts/citizen_agent.gd:213)
       [633] _navigate_to (res://scripts/citizen_agent.gd:222)
       [634] _assign_next_task (res://scripts/citizen_agent.gd:213)
       [635] _navigate_to (res://scripts/citizen_agent.gd:222)
       [636] _assign_next_task (res://scripts/citizen_agent.gd:213)
       [637] _navigate_to (res://scripts/citizen_agent.gd:222)
       [638] _assign_next_task (res://scripts/citizen_agent.gd:213)
       [639] _navigate_to (res://scripts/citizen_agent.gd:222)
       [640] _assign_next_task (res://scripts/citizen_agent.gd:213)
       [641] _navigate_to (res://scripts/citizen_agent.gd:222)
       [642] _assign_next_task (res://scripts/citizen_agent.gd:213)
       [643] _navigate_to (res://scripts/citizen_agent.gd:222)
       [644] _assign_next_task (res://scripts/citizen_agent.gd:213)
       [645] _navigate_to (res://scripts/citizen_agent.gd:222)
       [646] _assign_next_task (res://scripts/citizen_agent.gd:213)
       [647] _navigate_to (res://scripts/citizen_agent.gd:222)
       [648] _assign_next_task (res://scripts/citizen_agent.gd:213)
       [649] _navigate_to (res://scripts/citizen_agent.gd:222)
       [650] _assign_next_task (res://scripts/citizen_agent.gd:213)
       [651] _navigate_to (res://scripts/citizen_agent.gd:222)
       [652] _assign_next_task (res://scripts/citizen_agent.gd:213)
       [653] _navigate_to (res://scripts/citizen_agent.gd:222)
       [654] _assign_next_task (res://scripts/citizen_agent.gd:213)
       [655] _navigate_to (res://scripts/citizen_agent.gd:222)
       [656] _assign_next_task (res://scripts/citizen_agent.gd:213)
       [657] _navigate_to (res://scripts/citizen_agent.gd:222)
       [658] _assign_next_task (res://scripts/citizen_agent.gd:213)
       [659] _navigate_to (res://scripts/citizen_agent.gd:222)
       [660] _assign_next_task (res://scripts/citizen_agent.gd:213)
       [661] _navigate_to (res://scripts/citizen_agent.gd:222)
       [662] _assign_next_task (res://scripts/citizen_agent.gd:213)
       [663] _navigate_to (res://scripts/citizen_agent.gd:222)
       [664] _assign_next_task (res://scripts/citizen_agent.gd:213)
       [665] _navigate_to (res://scripts/citizen_agent.gd:222)
       [666] _assign_next_task (res://scripts/citizen_agent.gd:213)
       [667] _navigate_to (res://scripts/citizen_agent.gd:222)
       [668] _assign_next_task (res://scripts/citizen_agent.gd:213)
       [669] _navigate_to (res://scripts/citizen_agent.gd:222)
       [670] _assign_next_task (res://scripts/citizen_agent.gd:213)
       [671] _navigate_to (res://scripts/citizen_agent.gd:222)
       [672] _assign_next_task (res://scripts/citizen_agent.gd:213)
       [673] _navigate_to (res://scripts/citizen_agent.gd:222)
       [674] _assign_next_task (res://scripts/citizen_agent.gd:213)
       [675] _navigate_to (res://scripts/citizen_agent.gd:222)
       [676] _assign_next_task (res://scripts/citizen_agent.gd:213)
       [677] _navigate_to (res://scripts/citizen_agent.gd:222)
       [678] _assign_next_task (res://scripts/citizen_agent.gd:213)
       [679] _navigate_to (res://scripts/citizen_agent.gd:222)
       [680] _assign_next_task (res://scripts/citizen_agent.gd:213)
       [681] _navigate_to (res://scripts/citizen_agent.gd:222)
       [682] _assign_next_task (res://scripts/citizen_agent.gd:213)
       [683] _navigate_to (res://scripts/citizen_agent.gd:222)
       [684] _assign_next_task (res://scripts/citizen_agent.gd:213)
       [685] _navigate_to (res://scripts/citizen_agent.gd:222)
       [686] _assign_next_task (res://scripts/citizen_agent.gd:213)
       [687] _navigate_to (res://scripts/citizen_agent.gd:222)
       [688] _assign_next_task (res://scripts/citizen_agent.gd:213)
       [689] _navigate_to (res://scripts/citizen_agent.gd:222)
       [690] _assign_next_task (res://scripts/citizen_agent.gd:213)
       [691] _navigate_to (res://scripts/citizen_agent.gd:222)
       [692] _assign_next_task (res://scripts/citizen_agent.gd:213)
       [693] _navigate_to (res://scripts/citizen_agent.gd:222)
       [694] _assign_next_task (res://scripts/citizen_agent.gd:213)
       [695] _navigate_to (res://scripts/citizen_agent.gd:222)
       [696] _assign_next_task (res://scripts/citizen_agent.gd:213)
       [697] _navigate_to (res://scripts/citizen_agent.gd:222)
       [698] _assign_next_task (res://scripts/citizen_agent.gd:213)
       [699] _navigate_to (res://scripts/citizen_agent.gd:222)
       [700] _assign_next_task (res://scripts/citizen_agent.gd:213)
       [701] _navigate_to (res://scripts/citizen_agent.gd:222)
       [702] _assign_next_task (res://scripts/citizen_agent.gd:213)
       [703] _navigate_to (res://scripts/citizen_agent.gd:222)
       [704] _assign_next_task (res://scripts/citizen_agent.gd:213)
       [705] _navigate_to (res://scripts/citizen_agent.gd:222)
       [706] _assign_next_task (res://scripts/citizen_agent.gd:213)
       [707] _navigate_to (res://scripts/citizen_agent.gd:222)
       [708] _assign_next_task (res://scripts/citizen_agent.gd:213)
       [709] _navigate_to (res://scripts/citizen_agent.gd:222)
       [710] _assign_next_task (res://scripts/citizen_agent.gd:213)
       [711] _navigate_to (res://scripts/citizen_agent.gd:222)
       [712] _assign_next_task (res://scripts/citizen_agent.gd:213)
       [713] _navigate_to (res://scripts/citizen_agent.gd:222)
       [714] _assign_next_task (res://scripts/citizen_agent.gd:213)
       [715] _navigate_to (res://scripts/citizen_agent.gd:222)
       [716] _assign_next_task (res://scripts/citizen_agent.gd:213)
       [717] _navigate_to (res://scripts/citizen_agent.gd:222)
       [718] _assign_next_task (res://scripts/citizen_agent.gd:213)
       [719] _navigate_to (res://scripts/citizen_agent.gd:222)
       [720] _assign_next_task (res://scripts/citizen_agent.gd:213)
       [721] _navigate_to (res://scripts/citizen_agent.gd:222)
       [722] _assign_next_task (res://scripts/citizen_agent.gd:213)
       [723] _navigate_to (res://scripts/citizen_agent.gd:222)
       [724] _assign_next_task (res://scripts/citizen_agent.gd:213)
       [725] _navigate_to (res://scripts/citizen_agent.gd:222)
       [726] _assign_next_task (res://scripts/citizen_agent.gd:213)
       [727] _navigate_to (res://scripts/citizen_agent.gd:222)
       [728] _assign_next_task (res://scripts/citizen_agent.gd:213)
       [729] _navigate_to (res://scripts/citizen_agent.gd:222)
       [730] _assign_next_task (res://scripts/citizen_agent.gd:213)
       [731] _navigate_to (res://scripts/citizen_agent.gd:222)
       [732] _assign_next_task (res://scripts/citizen_agent.gd:213)
       [733] _navigate_to (res://scripts/citizen_agent.gd:222)
       [734] _assign_next_task (res://scripts/citizen_agent.gd:213)
       [735] _navigate_to (res://scripts/citizen_agent.gd:222)
       [736] _assign_next_task (res://scripts/citizen_agent.gd:213)
       [737] _navigate_to (res://scripts/citizen_agent.gd:222)
       [738] _assign_next_task (res://scripts/citizen_agent.gd:213)
       [739] _navigate_to (res://scripts/citizen_agent.gd:222)
       [740] _assign_next_task (res://scripts/citizen_agent.gd:213)
       [741] _navigate_to (res://scripts/citizen_agent.gd:222)
       [742] _assign_next_task (res://scripts/citizen_agent.gd:213)
       [743] _navigate_to (res://scripts/citizen_agent.gd:222)
       [744] _assign_next_task (res://scripts/citizen_agent.gd:213)
       [745] _navigate_to (res://scripts/citizen_agent.gd:222)
       [746] _assign_next_task (res://scripts/citizen_agent.gd:213)
       [747] _navigate_to (res://scripts/citizen_agent.gd:222)
       [748] _assign_next_task (res://scripts/citizen_agent.gd:213)
       [749] _navigate_to (res://scripts/citizen_agent.gd:222)
       [750] _assign_next_task (res://scripts/citizen_agent.gd:213)
       [751] _navigate_to (res://scripts/citizen_agent.gd:222)
       [752] _assign_next_task (res://scripts/citizen_agent.gd:213)
       [753] _navigate_to (res://scripts/citizen_agent.gd:222)
       [754] _assign_next_task (res://scripts/citizen_agent.gd:213)
       [755] _navigate_to (res://scripts/citizen_agent.gd:222)
       [756] _assign_next_task (res://scripts/citizen_agent.gd:213)
       [757] _navigate_to (res://scripts/citizen_agent.gd:222)
       [758] _assign_next_task (res://scripts/citizen_agent.gd:213)
       [759] _navigate_to (res://scripts/citizen_agent.gd:222)
       [760] _assign_next_task (res://scripts/citizen_agent.gd:213)
       [761] _navigate_to (res://scripts/citizen_agent.gd:222)
       [762] _assign_next_task (res://scripts/citizen_agent.gd:213)
       [763] _navigate_to (res://scripts/citizen_agent.gd:222)
       [764] _assign_next_task (res://scripts/citizen_agent.gd:213)
       [765] _navigate_to (res://scripts/citizen_agent.gd:222)
       [766] _assign_next_task (res://scripts/citizen_agent.gd:213)
       [767] _navigate_to (res://scripts/citizen_agent.gd:222)
       [768] _assign_next_task (res://scripts/citizen_agent.gd:213)
       [769] _navigate_to (res://scripts/citizen_agent.gd:222)
       [770] _assign_next_task (res://scripts/citizen_agent.gd:213)
       [771] _navigate_to (res://scripts/citizen_agent.gd:222)
       [772] _assign_next_task (res://scripts/citizen_agent.gd:213)
       [773] _navigate_to (res://scripts/citizen_agent.gd:222)
       [774] _assign_next_task (res://scripts/citizen_agent.gd:213)
       [775] _navigate_to (res://scripts/citizen_agent.gd:222)
       [776] _assign_next_task (res://scripts/citizen_agent.gd:213)
       [777] _navigate_to (res://scripts/citizen_agent.gd:222)
       [778] _assign_next_task (res://scripts/citizen_agent.gd:213)
       [779] _navigate_to (res://scripts/citizen_agent.gd:222)
       [780] _assign_next_task (res://scripts/citizen_agent.gd:213)
       [781] _navigate_to (res://scripts/citizen_agent.gd:222)
       [782] _assign_next_task (res://scripts/citizen_agent.gd:213)
       [783] _navigate_to (res://scripts/citizen_agent.gd:222)
       [784] _assign_next_task (res://scripts/citizen_agent.gd:213)
       [785] _navigate_to (res://scripts/citizen_agent.gd:222)
       [786] _assign_next_task (res://scripts/citizen_agent.gd:213)
       [787] _navigate_to (res://scripts/citizen_agent.gd:222)
       [788] _assign_next_task (res://scripts/citizen_agent.gd:213)
       [789] _navigate_to (res://scripts/citizen_agent.gd:222)
       [790] _assign_next_task (res://scripts/citizen_agent.gd:213)
       [791] _navigate_to (res://scripts/citizen_agent.gd:222)
       [792] _assign_next_task (res://scripts/citizen_agent.gd:213)
       [793] _navigate_to (res://scripts/citizen_agent.gd:222)
       [794] _assign_next_task (res://scripts/citizen_agent.gd:213)
       [795] _navigate_to (res://scripts/citizen_agent.gd:222)
       [796] _assign_next_task (res://scripts/citizen_agent.gd:213)
       [797] _navigate_to (res://scripts/citizen_agent.gd:222)
       [798] _assign_next_task (res://scripts/citizen_agent.gd:213)
       [799] _navigate_to (res://scripts/citizen_agent.gd:222)
       [800] _assign_next_task (res://scripts/citizen_agent.gd:213)
       [801] _navigate_to (res://scripts/citizen_agent.gd:222)
       [802] _assign_next_task (res://scripts/citizen_agent.gd:213)
       [803] _navigate_to (res://scripts/citizen_agent.gd:222)
       [804] _assign_next_task (res://scripts/citizen_agent.gd:213)
       [805] _navigate_to (res://scripts/citizen_agent.gd:222)
       [806] _assign_next_task (res://scripts/citizen_agent.gd:213)
       [807] _navigate_to (res://scripts/citizen_agent.gd:222)
       [808] _assign_next_task (res://scripts/citizen_agent.gd:213)
       [809] _navigate_to (res://scripts/citizen_agent.gd:222)
       [810] _assign_next_task (res://scripts/citizen_agent.gd:213)
       [811] _navigate_to (res://scripts/citizen_agent.gd:222)
       [812] _assign_next_task (res://scripts/citizen_agent.gd:213)
       [813] _navigate_to (res://scripts/citizen_agent.gd:222)
       [814] _assign_next_task (res://scripts/citizen_agent.gd:213)
       [815] _navigate_to (res://scripts/citizen_agent.gd:222)
       [816] _assign_next_task (res://scripts/citizen_agent.gd:213)
       [817] _navigate_to (res://scripts/citizen_agent.gd:222)
       [818] _assign_next_task (res://scripts/citizen_agent.gd:213)
       [819] _navigate_to (res://scripts/citizen_agent.gd:222)
       [820] _assign_next_task (res://scripts/citizen_agent.gd:213)
       [821] _navigate_to (res://scripts/citizen_agent.gd:222)
       [822] _assign_next_task (res://scripts/citizen_agent.gd:213)
       [823] _navigate_to (res://scripts/citizen_agent.gd:222)
       [824] _assign_next_task (res://scripts/citizen_agent.gd:213)
       [825] _navigate_to (res://scripts/citizen_agent.gd:222)
       [826] _assign_next_task (res://scripts/citizen_agent.gd:213)
       [827] _navigate_to (res://scripts/citizen_agent.gd:222)
       [828] _assign_next_task (res://scripts/citizen_agent.gd:213)
       [829] _navigate_to (res://scripts/citizen_agent.gd:222)
       [830] _assign_next_task (res://scripts/citizen_agent.gd:213)
       [831] _navigate_to (res://scripts/citizen_agent.gd:222)
       [832] _assign_next_task (res://scripts/citizen_agent.gd:213)
       [833] _navigate_to (res://scripts/citizen_agent.gd:222)
       [834] _assign_next_task (res://scripts/citizen_agent.gd:213)
       [835] _navigate_to (res://scripts/citizen_agent.gd:222)
       [836] _assign_next_task (res://scripts/citizen_agent.gd:213)
       [837] _navigate_to (res://scripts/citizen_agent.gd:222)
       [838] _assign_next_task (res://scripts/citizen_agent.gd:213)
       [839] _navigate_to (res://scripts/citizen_agent.gd:222)
       [840] _assign_next_task (res://scripts/citizen_agent.gd:213)
       [841] _navigate_to (res://scripts/citizen_agent.gd:222)
       [842] _assign_next_task (res://scripts/citizen_agent.gd:213)
       [843] _navigate_to (res://scripts/citizen_agent.gd:222)
       [844] _assign_next_task (res://scripts/citizen_agent.gd:213)
       [845] _navigate_to (res://scripts/citizen_agent.gd:222)
       [846] _assign_next_task (res://scripts/citizen_agent.gd:213)
       [847] _navigate_to (res://scripts/citizen_agent.gd:222)
       [848] _assign_next_task (res://scripts/citizen_agent.gd:213)
       [849] _navigate_to (res://scripts/citizen_agent.gd:222)
       [850] _assign_next_task (res://scripts/citizen_agent.gd:213)
       [851] _navigate_to (res://scripts/citizen_agent.gd:222)
       [852] _assign_next_task (res://scripts/citizen_agent.gd:213)
       [853] _navigate_to (res://scripts/citizen_agent.gd:222)
       [854] _assign_next_task (res://scripts/citizen_agent.gd:213)
       [855] _navigate_to (res://scripts/citizen_agent.gd:222)
       [856] _assign_next_task (res://scripts/citizen_agent.gd:213)
       [857] _navigate_to (res://scripts/citizen_agent.gd:222)
       [858] _assign_next_task (res://scripts/citizen_agent.gd:213)
       [859] _navigate_to (res://scripts/citizen_agent.gd:222)
       [860] _assign_next_task (res://scripts/citizen_agent.gd:213)
       [861] _navigate_to (res://scripts/citizen_agent.gd:222)
       [862] _assign_next_task (res://scripts/citizen_agent.gd:213)
       [863] _navigate_to (res://scripts/citizen_agent.gd:222)
       [864] _assign_next_task (res://scripts/citizen_agent.gd:213)
       [865] _navigate_to (res://scripts/citizen_agent.gd:222)
       [866] _assign_next_task (res://scripts/citizen_agent.gd:213)
       [867] _navigate_to (res://scripts/citizen_agent.gd:222)
       [868] _assign_next_task (res://scripts/citizen_agent.gd:213)
       [869] _navigate_to (res://scripts/citizen_agent.gd:222)
       [870] _assign_next_task (res://scripts/citizen_agent.gd:213)
       [871] _navigate_to (res://scripts/citizen_agent.gd:222)
       [872] _assign_next_task (res://scripts/citizen_agent.gd:213)
       [873] _navigate_to (res://scripts/citizen_agent.gd:222)
       [874] _assign_next_task (res://scripts/citizen_agent.gd:213)
       [875] _navigate_to (res://scripts/citizen_agent.gd:222)
       [876] _assign_next_task (res://scripts/citizen_agent.gd:213)
       [877] _navigate_to (res://scripts/citizen_agent.gd:222)
       [878] _assign_next_task (res://scripts/citizen_agent.gd:213)
       [879] _navigate_to (res://scripts/citizen_agent.gd:222)
       [880] _assign_next_task (res://scripts/citizen_agent.gd:213)
       [881] _navigate_to (res://scripts/citizen_agent.gd:222)
       [882] _assign_next_task (res://scripts/citizen_agent.gd:213)
       [883] _navigate_to (res://scripts/citizen_agent.gd:222)
       [884] _assign_next_task (res://scripts/citizen_agent.gd:213)
       [885] _navigate_to (res://scripts/citizen_agent.gd:222)
       [886] _assign_next_task (res://scripts/citizen_agent.gd:213)
       [887] _navigate_to (res://scripts/citizen_agent.gd:222)
       [888] _assign_next_task (res://scripts/citizen_agent.gd:213)
       [889] _navigate_to (res://scripts/citizen_agent.gd:222)
       [890] _assign_next_task (res://scripts/citizen_agent.gd:213)
       [891] _navigate_to (res://scripts/citizen_agent.gd:222)
       [892] _assign_next_task (res://scripts/citizen_agent.gd:213)
       [893] _navigate_to (res://scripts/citizen_agent.gd:222)
       [894] _assign_next_task (res://scripts/citizen_agent.gd:213)
       [895] _navigate_to (res://scripts/citizen_agent.gd:222)
       [896] _assign_next_task (res://scripts/citizen_agent.gd:213)
       [897] _navigate_to (res://scripts/citizen_agent.gd:222)
       [898] _assign_next_task (res://scripts/citizen_agent.gd:213)
       [899] _navigate_to (res://scripts/citizen_agent.gd:222)
       [900] _assign_next_task (res://scripts/citizen_agent.gd:213)
       [901] _navigate_to (res://scripts/citizen_agent.gd:222)
       [902] _assign_next_task (res://scripts/citizen_agent.gd:213)
       [903] _navigate_to (res://scripts/citizen_agent.gd:222)
       [904] _assign_next_task (res://scripts/citizen_agent.gd:213)
       [905] _navigate_to (res://scripts/citizen_agent.gd:222)
       [906] _assign_next_task (res://scripts/citizen_agent.gd:213)
       [907] _navigate_to (res://scripts/citizen_agent.gd:222)
       [908] _assign_next_task (res://scripts/citizen_agent.gd:213)
       [909] _navigate_to (res://scripts/citizen_agent.gd:222)
       [910] _assign_next_task (res://scripts/citizen_agent.gd:213)
       [911] _navigate_to (res://scripts/citizen_agent.gd:222)
       [912] _assign_next_task (res://scripts/citizen_agent.gd:213)
       [913] _navigate_to (res://scripts/citizen_agent.gd:222)
       [914] _assign_next_task (res://scripts/citizen_agent.gd:213)
       [915] _navigate_to (res://scripts/citizen_agent.gd:222)
       [916] _assign_next_task (res://scripts/citizen_agent.gd:213)
       [917] _navigate_to (res://scripts/citizen_agent.gd:222)
       [918] _assign_next_task (res://scripts/citizen_agent.gd:213)
       [919] _navigate_to (res://scripts/citizen_agent.gd:222)
       [920] _assign_next_task (res://scripts/citizen_agent.gd:213)
       [921] _navigate_to (res://scripts/citizen_agent.gd:222)
       [922] _assign_next_task (res://scripts/citizen_agent.gd:213)
       [923] _navigate_to (res://scripts/citizen_agent.gd:222)
       [924] _assign_next_task (res://scripts/citizen_agent.gd:213)
       [925] _navigate_to (res://scripts/citizen_agent.gd:222)
       [926] _assign_next_task (res://scripts/citizen_agent.gd:213)
       [927] _navigate_to (res://scripts/citizen_agent.gd:222)
       [928] _assign_next_task (res://scripts/citizen_agent.gd:213)
       [929] _navigate_to (res://scripts/citizen_agent.gd:222)
       [930] _assign_next_task (res://scripts/citizen_agent.gd:213)
       [931] _navigate_to (res://scripts/citizen_agent.gd:222)
       [932] _assign_next_task (res://scripts/citizen_agent.gd:213)
       [933] _navigate_to (res://scripts/citizen_agent.gd:222)
       [934] _assign_next_task (res://scripts/citizen_agent.gd:213)
       [935] _navigate_to (res://scripts/citizen_agent.gd:222)
       [936] _assign_next_task (res://scripts/citizen_agent.gd:213)
       [937] _navigate_to (res://scripts/citizen_agent.gd:222)
       [938] _assign_next_task (res://scripts/citizen_agent.gd:213)
       [939] _navigate_to (res://scripts/citizen_agent.gd:222)
       [940] _assign_next_task (res://scripts/citizen_agent.gd:213)
       [941] _navigate_to (res://scripts/citizen_agent.gd:222)
       [942] _assign_next_task (res://scripts/citizen_agent.gd:213)
       [943] _navigate_to (res://scripts/citizen_agent.gd:222)
       [944] _assign_next_task (res://scripts/citizen_agent.gd:213)
       [945] _navigate_to (res://scripts/citizen_agent.gd:222)
       [946] _assign_next_task (res://scripts/citizen_agent.gd:213)
       [947] _navigate_to (res://scripts/citizen_agent.gd:222)
       [948] _assign_next_task (res://scripts/citizen_agent.gd:213)
       [949] _navigate_to (res://scripts/citizen_agent.gd:222)
       [950] _assign_next_task (res://scripts/citizen_agent.gd:213)
       [951] _navigate_to (res://scripts/citizen_agent.gd:222)
       [952] _assign_next_task (res://scripts/citizen_agent.gd:213)
       [953] _navigate_to (res://scripts/citizen_agent.gd:222)
       [954] _assign_next_task (res://scripts/citizen_agent.gd:213)
       [955] _navigate_to (res://scripts/citizen_agent.gd:222)
       [956] _assign_next_task (res://scripts/citizen_agent.gd:213)
       [957] _navigate_to (res://scripts/citizen_agent.gd:222)
       [958] _assign_next_task (res://scripts/citizen_agent.gd:213)
       [959] _navigate_to (res://scripts/citizen_agent.gd:222)
       [960] _assign_next_task (res://scripts/citizen_agent.gd:213)
       [961] _navigate_to (res://scripts/citizen_agent.gd:222)
       [962] _assign_next_task (res://scripts/citizen_agent.gd:213)
       [963] _navigate_to (res://scripts/citizen_agent.gd:222)
       [964] _assign_next_task (res://scripts/citizen_agent.gd:213)
       [965] _navigate_to (res://scripts/citizen_agent.gd:222)
       [966] _assign_next_task (res://scripts/citizen_agent.gd:213)
       [967] _navigate_to (res://scripts/citizen_agent.gd:222)
       [968] _assign_next_task (res://scripts/citizen_agent.gd:213)
       [969] _navigate_to (res://scripts/citizen_agent.gd:222)
       [970] _assign_next_task (res://scripts/citizen_agent.gd:213)
       [971] _navigate_to (res://scripts/citizen_agent.gd:222)
       [972] _assign_next_task (res://scripts/citizen_agent.gd:213)
       [973] _navigate_to (res://scripts/citizen_agent.gd:222)
       [974] _assign_next_task (res://scripts/citizen_agent.gd:213)
       [975] _navigate_to (res://scripts/citizen_agent.gd:222)
       [976] _assign_next_task (res://scripts/citizen_agent.gd:213)
       [977] _navigate_to (res://scripts/citizen_agent.gd:222)
       [978] _assign_next_task (res://scripts/citizen_agent.gd:213)
       [979] _navigate_to (res://scripts/citizen_agent.gd:222)
       [980] _assign_next_task (res://scripts/citizen_agent.gd:213)
       [981] _navigate_to (res://scripts/citizen_agent.gd:222)
       [982] _assign_next_task (res://scripts/citizen_agent.gd:213)
       [983] _navigate_to (res://scripts/citizen_agent.gd:222)
       [984] _assign_next_task (res://scripts/citizen_agent.gd:213)
       [985] _navigate_to (res://scripts/citizen_agent.gd:222)
       [986] _assign_next_task (res://scripts/citizen_agent.gd:213)
       [987] _navigate_to (res://scripts/citizen_agent.gd:222)
       [988] _assign_next_task (res://scripts/citizen_agent.gd:213)
       [989] _navigate_to (res://scripts/citizen_agent.gd:222)
       [990] _assign_next_task (res://scripts/citizen_agent.gd:213)
       [991] _navigate_to (res://scripts/citizen_agent.gd:222)
       [992] _assign_next_task (res://scripts/citizen_agent.gd:213)
       [993] _navigate_to (res://scripts/citizen_agent.gd:222)
       [994] _assign_next_task (res://scripts/citizen_agent.gd:213)
       [995] _navigate_to (res://scripts/citizen_agent.gd:222)
       [996] _assign_next_task (res://scripts/citizen_agent.gd:213)
       [997] _navigate_to (res://scripts/citizen_agent.gd:222)
       [998] _assign_next_task (res://scripts/citizen_agent.gd:213)
       [999] _navigate_to (res://scripts/citizen_agent.gd:222)
       [1000] _assign_next_task (res://scripts/citizen_agent.gd:213)
       [1001] _navigate_to (res://scripts/citizen_agent.gd:222)
       [1002] _assign_next_task (res://scripts/citizen_agent.gd:213)
       [1003] _navigate_to (res://scripts/citizen_agent.gd:222)
       [1004] _assign_next_task (res://scripts/citizen_agent.gd:213)
       [1005] _navigate_to (res://scripts/citizen_agent.gd:222)
       [1006] _assign_next_task (res://scripts/citizen_agent.gd:213)
       [1007] _navigate_to (res://scripts/citizen_agent.gd:222)
       [1008] _assign_next_task (res://scripts/citizen_agent.gd:213)
       [1009] _navigate_to (res://scripts/citizen_agent.gd:222)
       [1010] _assign_next_task (res://scripts/citizen_agent.gd:213)
       [1011] _navigate_to (res://scripts/citizen_agent.gd:222)
       [1012] _assign_next_task (res://scripts/citizen_agent.gd:213)
       [1013] _navigate_to (res://scripts/citizen_agent.gd:222)
       [1014] _assign_next_task (res://scripts/citizen_agent.gd:213)
       [1015] _navigate_to (res://scripts/citizen_agent.gd:222)
       [1016] _assign_next_task (res://scripts/citizen_agent.gd:213)
       [1017] _navigate_to (res://scripts/citizen_agent.gd:222)
       [1018] _assign_next_task (res://scripts/citizen_agent.gd:213)
       [1019] _navigate_to (res://scripts/citizen_agent.gd:222)
       [1020] _assign_next_task (res://scripts/citizen_agent.gd:213)
       [1021] _process (res://scripts/citizen_agent.gd:66)
       [1022] step (res://scripts/civilization_simulation.gd:127)
       [1023] run (res://scripts/poc45_fast_test.gd:177)
SCRIPT ERROR: Stack overflow. Check for infinite recursion in your script.
   at: _visible_walkable_cell (res://scripts/floor_navigation.gd:117)
   GDScript backtrace (most recent call first):
       [0] path_between (res://scripts/floor_navigation.gd:101)
       [1] route_between (res://scripts/surface_navigation.gd:71)
       [2] route_for (res://scripts/civilization_simulation.gd:438)
       [3] _navigate_to (res://scripts/citizen_agent.gd:217)
       [4] _assign_next_task (res://scripts/citizen_agent.gd:213)
       [5] _assign_next_task (res://scripts/citizen_agent.gd:213)
       [6] _assign_next_task (res://scripts/citizen_agent.gd:213)
       [7] _navigate_to (res://scripts/citizen_agent.gd:222)
       [8] _assign_next_task (res://scripts/citizen_agent.gd:213)
       [9] _navigate_to (res://scripts/citizen_agent.gd:222)
       [10] _assign_next_task (res://scripts/citizen_agent.gd:213)
       [11] _navigate_to (res://scripts/citizen_agent.gd:222)
       [12] _assign_next_task (res://scripts/citizen_agent.gd:213)
       [13] _navigate_to (res://scripts/citizen_agent.gd:222)
       [14] _assign_next_task (res://scripts/citizen_agent.gd:213)
       [15] _navigate_to (res://scripts/citizen_agent.gd:222)
       [16] _assign_next_task (res://scripts/citizen_agent.gd:213)
       [17] _navigate_to (res://scripts/citizen_agent.gd:222)
       [18] _assign_next_task (res://scripts/citizen_agent.gd:213)
       [19] _navigate_to (res://scripts/citizen_agent.gd:222)
       [20] _assign_next_task (res://scripts/citizen_agent.gd:213)
       [21] _navigate_to (res://scripts/citizen_agent.gd:222)
       [22] _assign_next_task (res://scripts/citizen_agent.gd:213)
       [23] _navigate_to (res://scripts/citizen_agent.gd:222)
       [24] _assign_next_task (res://scripts/citizen_agent.gd:213)
       [25] _navigate_to (res://scripts/citizen_agent.gd:222)
       [26] _assign_next_task (res://scripts/citizen_agent.gd:213)
       [27] _navigate_to (res://scripts/citizen_agent.gd:222)
       [28] _assign_next_task (res://scripts/citizen_agent.gd:213)
       [29] _navigate_to (res://scripts/citizen_agent.gd:222)
       [30] _assign_next_task (res://scripts/citizen_agent.gd:213)
       [31] _navigate_to (res://scripts/citizen_agent.gd:222)
       [32] _assign_next_task (res://scripts/citizen_agent.gd:213)
       [33] _navigate_to (res://scripts/citizen_agent.gd:222)
       [34] _assign_next_task (res://scripts/citizen_agent.gd:213)
       [35] _navigate_to (res://scripts/citizen_agent.gd:222)
       [36] _assign_next_task (res://scripts/citizen_agent.gd:213)
       [37] _navigate_to (res://scripts/citizen_agent.gd:222)
       [38] _assign_next_task (res://scripts/citizen_agent.gd:213)
       [39] _navigate_to (res://scripts/citizen_agent.gd:222)
       [40] _assign_next_task (res://scripts/citizen_agent.gd:213)
       [41] _navigate_to (res://scripts/citizen_agent.gd:222)
       [42] _assign_next_task (res://scripts/citizen_agent.gd:213)
       [43] _navigate_to (res://scripts/citizen_agent.gd:222)
       [44] _assign_next_task (res://scripts/citizen_agent.gd:213)
       [45] _navigate_to (res://scripts/citizen_agent.gd:222)
       [46] _assign_next_task (res://scripts/citizen_agent.gd:213)
       [47] _navigate_to (res://scripts/citizen_agent.gd:222)
       [48] _assign_next_task (res://scripts/citizen_agent.gd:213)
       [49] _navigate_to (res://scripts/citizen_agent.gd:222)
       [50] _assign_next_task (res://scripts/citizen_agent.gd:213)
       [51] _navigate_to (res://scripts/citizen_agent.gd:222)
       [52] _assign_next_task (res://scripts/citizen_agent.gd:213)
       [53] _navigate_to (res://scripts/citizen_agent.gd:222)
       [54] _assign_next_task (res://scripts/citizen_agent.gd:213)
       [55] _navigate_to (res://scripts/citizen_agent.gd:222)
       [56] _assign_next_task (res://scripts/citizen_agent.gd:213)
       [57] _navigate_to (res://scripts/citizen_agent.gd:222)
       [58] _assign_next_task (res://scripts/citizen_agent.gd:213)
       [59] _navigate_to (res://scripts/citizen_agent.gd:222)
       [60] _assign_next_task (res://scripts/citizen_agent.gd:213)
       [61] _navigate_to (res://scripts/citizen_agent.gd:222)
       [62] _assign_next_task (res://scripts/citizen_agent.gd:213)
       [63] _navigate_to (res://scripts/citizen_agent.gd:222)
       [64] _assign_next_task (res://scripts/citizen_agent.gd:213)
       [65] _navigate_to (res://scripts/citizen_agent.gd:222)
       [66] _assign_next_task (res://scripts/citizen_agent.gd:213)
       [67] _navigate_to (res://scripts/citizen_agent.gd:222)
       [68] _assign_next_task (res://scripts/citizen_agent.gd:213)
       [69] _navigate_to (res://scripts/citizen_agent.gd:222)
       [70] _assign_next_task (res://scripts/citizen_agent.gd:213)
       [71] _navigate_to (res://scripts/citizen_agent.gd:222)
       [72] _assign_next_task (res://scripts/citizen_agent.gd:213)
       [73] _navigate_to (res://scripts/citizen_agent.gd:222)
       [74] _assign_next_task (res://scripts/citizen_agent.gd:213)
       [75] _navigate_to (res://scripts/citizen_agent.gd:222)
       [76] _assign_next_task (res://scripts/citizen_agent.gd:213)
       [77] _navigate_to (res://scripts/citizen_agent.gd:222)
       [78] _assign_next_task (res://scripts/citizen_agent.gd:213)
       [79] _navigate_to (res://scripts/citizen_agent.gd:222)
       [80] _assign_next_task (res://scripts/citizen_agent.gd:213)
       [81] _navigate_to (res://scripts/citizen_agent.gd:222)
       [82] _assign_next_task (res://scripts/citizen_agent.gd:213)
       [83] _navigate_to (res://scripts/citizen_agent.gd:222)
       [84] _assign_next_task (res://scripts/citizen_agent.gd:213)
       [85] _navigate_to (res://scripts/citizen_agent.gd:222)
       [86] _assign_next_task (res://scripts/citizen_agent.gd:213)
       [87] _navigate_to (res://scripts/citizen_agent.gd:222)
       [88] _assign_next_task (res://scripts/citizen_agent.gd:213)
       [89] _navigate_to (res://scripts/citizen_agent.gd:222)
       [90] _assign_next_task (res://scripts/citizen_agent.gd:213)
       [91] _navigate_to (res://scripts/citizen_agent.gd:222)
       [92] _assign_next_task (res://scripts/citizen_agent.gd:213)
       [93] _navigate_to (res://scripts/citizen_agent.gd:222)
       [94] _assign_next_task (res://scripts/citizen_agent.gd:213)
       [95] _navigate_to (res://scripts/citizen_agent.gd:222)
       [96] _assign_next_task (res://scripts/citizen_agent.gd:213)
       [97] _navigate_to (res://scripts/citizen_agent.gd:222)
       [98] _assign_next_task (res://scripts/citizen_agent.gd:213)
       [99] _navigate_to (res://scripts/citizen_agent.gd:222)
       [100] _assign_next_task (res://scripts/citizen_agent.gd:213)
       [101] _navigate_to (res://scripts/citizen_agent.gd:222)
       [102] _assign_next_task (res://scripts/citizen_agent.gd:213)
       [103] _navigate_to (res://scripts/citizen_agent.gd:222)
       [104] _assign_next_task (res://scripts/citizen_agent.gd:213)
       [105] _navigate_to (res://scripts/citizen_agent.gd:222)
       [106] _assign_next_task (res://scripts/citizen_agent.gd:213)
       [107] _navigate_to (res://scripts/citizen_agent.gd:222)
       [108] _assign_next_task (res://scripts/citizen_agent.gd:213)
       [109] _navigate_to (res://scripts/citizen_agent.gd:222)
       [110] _assign_next_task (res://scripts/citizen_agent.gd:213)
       [111] _navigate_to (res://scripts/citizen_agent.gd:222)
       [112] _assign_next_task (res://scripts/citizen_agent.gd:213)
       [113] _navigate_to (res://scripts/citizen_agent.gd:222)
       [114] _assign_next_task (res://scripts/citizen_agent.gd:213)
       [115] _navigate_to (res://scripts/citizen_agent.gd:222)
       [116] _assign_next_task (res://scripts/citizen_agent.gd:213)
       [117] _navigate_to (res://scripts/citizen_agent.gd:222)
       [118] _assign_next_task (res://scripts/citizen_agent.gd:213)
       [119] _navigate_to (res://scripts/citizen_agent.gd:222)
       [120] _assign_next_task (res://scripts/citizen_agent.gd:213)
       [121] _navigate_to (res://scripts/citizen_agent.gd:222)
       [122] _assign_next_task (res://scripts/citizen_agent.gd:213)
       [123] _navigate_to (res://scripts/citizen_agent.gd:222)
       [124] _assign_next_task (res://scripts/citizen_agent.gd:213)
       [125] _navigate_to (res://scripts/citizen_agent.gd:222)
       [126] _assign_next_task (res://scripts/citizen_agent.gd:213)
       [127] _navigate_to (res://scripts/citizen_agent.gd:222)
       [128] _assign_next_task (res://scripts/citizen_agent.gd:213)
       [129] _navigate_to (res://scripts/citizen_agent.gd:222)
       [130] _assign_next_task (res://scripts/citizen_agent.gd:213)
       [131] _navigate_to (res://scripts/citizen_agent.gd:222)
       [132] _assign_next_task (res://scripts/citizen_agent.gd:213)
       [133] _navigate_to (res://scripts/citizen_agent.gd:222)
       [134] _assign_next_task (res://scripts/citizen_agent.gd:213)
       [135] _navigate_to (res://scripts/citizen_agent.gd:222)
       [136] _assign_next_task (res://scripts/citizen_agent.gd:213)
       [137] _navigate_to (res://scripts/citizen_agent.gd:222)
       [138] _assign_next_task (res://scripts/citizen_agent.gd:213)
       [139] _navigate_to (res://scripts/citizen_agent.gd:222)
       [140] _assign_next_task (res://scripts/citizen_agent.gd:213)
       [141] _navigate_to (res://scripts/citizen_agent.gd:222)
       [142] _assign_next_task (res://scripts/citizen_agent.gd:213)
       [143] _navigate_to (res://scripts/citizen_agent.gd:222)
       [144] _assign_next_task (res://scripts/citizen_agent.gd:213)
       [145] _navigate_to (res://scripts/citizen_agent.gd:222)
       [146] _assign_next_task (res://scripts/citizen_agent.gd:213)
       [147] _navigate_to (res://scripts/citizen_agent.gd:222)
       [148] _assign_next_task (res://scripts/citizen_agent.gd:213)
       [149] _navigate_to (res://scripts/citizen_agent.gd:222)
       [150] _assign_next_task (res://scripts/citizen_agent.gd:213)
       [151] _navigate_to (res://scripts/citizen_agent.gd:222)
       [152] _assign_next_task (res://scripts/citizen_agent.gd:213)
       [153] _navigate_to (res://scripts/citizen_agent.gd:222)
       [154] _assign_next_task (res://scripts/citizen_agent.gd:213)
       [155] _navigate_to (res://scripts/citizen_agent.gd:222)
       [156] _assign_next_task (res://scripts/citizen_agent.gd:213)
       [157] _navigate_to (res://scripts/citizen_agent.gd:222)
       [158] _assign_next_task (res://scripts/citizen_agent.gd:213)
       [159] _navigate_to (res://scripts/citizen_agent.gd:222)
       [160] _assign_next_task (res://scripts/citizen_agent.gd:213)
       [161] _navigate_to (res://scripts/citizen_agent.gd:222)
       [162] _assign_next_task (res://scripts/citizen_agent.gd:213)
       [163] _navigate_to (res://scripts/citizen_agent.gd:222)
       [164] _assign_next_task (res://scripts/citizen_agent.gd:213)
       [165] _navigate_to (res://scripts/citizen_agent.gd:222)
       [166] _assign_next_task (res://scripts/citizen_agent.gd:213)
       [167] _navigate_to (res://scripts/citizen_agent.gd:222)
       [168] _assign_next_task (res://scripts/citizen_agent.gd:213)
       [169] _navigate_to (res://scripts/citizen_agent.gd:222)
       [170] _assign_next_task (res://scripts/citizen_agent.gd:213)
       [171] _navigate_to (res://scripts/citizen_agent.gd:222)
       [172] _assign_next_task (res://scripts/citizen_agent.gd:213)
       [173] _navigate_to (res://scripts/citizen_agent.gd:222)
       [174] _assign_next_task (res://scripts/citizen_agent.gd:213)
       [175] _navigate_to (res://scripts/citizen_agent.gd:222)
       [176] _assign_next_task (res://scripts/citizen_agent.gd:213)
       [177] _navigate_to (res://scripts/citizen_agent.gd:222)
       [178] _assign_next_task (res://scripts/citizen_agent.gd:213)
       [179] _navigate_to (res://scripts/citizen_agent.gd:222)
       [180] _assign_next_task (res://scripts/citizen_agent.gd:213)
       [181] _navigate_to (res://scripts/citizen_agent.gd:222)
       [182] _assign_next_task (res://scripts/citizen_agent.gd:213)
       [183] _navigate_to (res://scripts/citizen_agent.gd:222)
       [184] _assign_next_task (res://scripts/citizen_agent.gd:213)
       [185] _navigate_to (res://scripts/citizen_agent.gd:222)
       [186] _assign_next_task (res://scripts/citizen_agent.gd:213)
       [187] _navigate_to (res://scripts/citizen_agent.gd:222)
       [188] _assign_next_task (res://scripts/citizen_agent.gd:213)
       [189] _navigate_to (res://scripts/citizen_agent.gd:222)
       [190] _assign_next_task (res://scripts/citizen_agent.gd:213)
       [191] _navigate_to (res://scripts/citizen_agent.gd:222)
       [192] _assign_next_task (res://scripts/citizen_agent.gd:213)
       [193] _navigate_to (res://scripts/citizen_agent.gd:222)
       [194] _assign_next_task (res://scripts/citizen_agent.gd:213)
       [195] _navigate_to (res://scripts/citizen_agent.gd:222)
       [196] _assign_next_task (res://scripts/citizen_agent.gd:213)
       [197] _navigate_to (res://scripts/citizen_agent.gd:222)
       [198] _assign_next_task (res://scripts/citizen_agent.gd:213)
       [199] _navigate_to (res://scripts/citizen_agent.gd:222)
       [200] _assign_next_task (res://scripts/citizen_agent.gd:213)
       [201] _navigate_to (res://scripts/citizen_agent.gd:222)
       [202] _assign_next_task (res://scripts/citizen_agent.gd:213)
       [203] _navigate_to (res://scripts/citizen_agent.gd:222)
       [204] _assign_next_task (res://scripts/citizen_agent.gd:213)
       [205] _navigate_to (res://scripts/citizen_agent.gd:222)
       [206] _assign_next_task (res://scripts/citizen_agent.gd:213)
       [207] _navigate_to (res://scripts/citizen_agent.gd:222)
       [208] _assign_next_task (res://scripts/citizen_agent.gd:213)
       [209] _navigate_to (res://scripts/citizen_agent.gd:222)
       [210] _assign_next_task (res://scripts/citizen_agent.gd:213)
       [211] _navigate_to (res://scripts/citizen_agent.gd:222)
       [212] _assign_next_task (res://scripts/citizen_agent.gd:213)
       [213] _navigate_to (res://scripts/citizen_agent.gd:222)
       [214] _assign_next_task (res://scripts/citizen_agent.gd:213)
       [215] _navigate_to (res://scripts/citizen_agent.gd:222)
       [216] _assign_next_task (res://scripts/citizen_agent.gd:213)
       [217] _navigate_to (res://scripts/citizen_agent.gd:222)
       [218] _assign_next_task (res://scripts/citizen_agent.gd:213)
       [219] _navigate_to (res://scripts/citizen_agent.gd:222)
       [220] _assign_next_task (res://scripts/citizen_agent.gd:213)
       [221] _navigate_to (res://scripts/citizen_agent.gd:222)
       [222] _assign_next_task (res://scripts/citizen_agent.gd:213)
       [223] _navigate_to (res://scripts/citizen_agent.gd:222)
       [224] _assign_next_task (res://scripts/citizen_agent.gd:213)
       [225] _navigate_to (res://scripts/citizen_agent.gd:222)
       [226] _assign_next_task (res://scripts/citizen_agent.gd:213)
       [227] _navigate_to (res://scripts/citizen_agent.gd:222)
       [228] _assign_next_task (res://scripts/citizen_agent.gd:213)
       [229] _navigate_to (res://scripts/citizen_agent.gd:222)
       [230] _assign_next_task (res://scripts/citizen_agent.gd:213)
       [231] _navigate_to (res://scripts/citizen_agent.gd:222)
       [232] _assign_next_task (res://scripts/citizen_agent.gd:213)
       [233] _navigate_to (res://scripts/citizen_agent.gd:222)
       [234] _assign_next_task (res://scripts/citizen_agent.gd:213)
       [235] _navigate_to (res://scripts/citizen_agent.gd:222)
       [236] _assign_next_task (res://scripts/citizen_agent.gd:213)
       [237] _navigate_to (res://scripts/citizen_agent.gd:222)
       [238] _assign_next_task (res://scripts/citizen_agent.gd:213)
       [239] _navigate_to (res://scripts/citizen_agent.gd:222)
       [240] _assign_next_task (res://scripts/citizen_agent.gd:213)
       [241] _navigate_to (res://scripts/citizen_agent.gd:222)
       [242] _assign_next_task (res://scripts/citizen_agent.gd:213)
       [243] _navigate_to (res://scripts/citizen_agent.gd:222)
       [244] _assign_next_task (res://scripts/citizen_agent.gd:213)
       [245] _navigate_to (res://scripts/citizen_agent.gd:222)
       [246] _assign_next_task (res://scripts/citizen_agent.gd:213)
       [247] _navigate_to (res://scripts/citizen_agent.gd:222)
       [248] _assign_next_task (res://scripts/citizen_agent.gd:213)
       [249] _navigate_to (res://scripts/citizen_agent.gd:222)
       [250] _assign_next_task (res://scripts/citizen_agent.gd:213)
       [251] _navigate_to (res://scripts/citizen_agent.gd:222)
       [252] _assign_next_task (res://scripts/citizen_agent.gd:213)
       [253] _navigate_to (res://scripts/citizen_agent.gd:222)
       [254] _assign_next_task (res://scripts/citizen_agent.gd:213)
       [255] _navigate_to (res://scripts/citizen_agent.gd:222)
       [256] _assign_next_task (res://scripts/citizen_agent.gd:213)
       [257] _navigate_to (res://scripts/citizen_agent.gd:222)
       [258] _assign_next_task (res://scripts/citizen_agent.gd:213)
       [259] _navigate_to (res://scripts/citizen_agent.gd:222)
       [260] _assign_next_task (res://scripts/citizen_agent.gd:213)
       [261] _navigate_to (res://scripts/citizen_agent.gd:222)
       [262] _assign_next_task (res://scripts/citizen_agent.gd:213)
       [263] _navigate_to (res://scripts/citizen_agent.gd:222)
       [264] _assign_next_task (res://scripts/citizen_agent.gd:213)
       [265] _navigate_to (res://scripts/citizen_agent.gd:222)
       [266] _assign_next_task (res://scripts/citizen_agent.gd:213)
       [267] _navigate_to (res://scripts/citizen_agent.gd:222)
       [268] _assign_next_task (res://scripts/citizen_agent.gd:213)
       [269] _navigate_to (res://scripts/citizen_agent.gd:222)
       [270] _assign_next_task (res://scripts/citizen_agent.gd:213)
       [271] _navigate_to (res://scripts/citizen_agent.gd:222)
       [272] _assign_next_task (res://scripts/citizen_agent.gd:213)
       [273] _navigate_to (res://scripts/citizen_agent.gd:222)
       [274] _assign_next_task (res://scripts/citizen_agent.gd:213)
       [275] _navigate_to (res://scripts/citizen_agent.gd:222)
       [276] _assign_next_task (res://scripts/citizen_agent.gd:213)
       [277] _navigate_to (res://scripts/citizen_agent.gd:222)
       [278] _assign_next_task (res://scripts/citizen_agent.gd:213)
       [279] _navigate_to (res://scripts/citizen_agent.gd:222)
       [280] _assign_next_task (res://scripts/citizen_agent.gd:213)
       [281] _navigate_to (res://scripts/citizen_agent.gd:222)
       [282] _assign_next_task (res://scripts/citizen_agent.gd:213)
       [283] _navigate_to (res://scripts/citizen_agent.gd:222)
       [284] _assign_next_task (res://scripts/citizen_agent.gd:213)
       [285] _navigate_to (res://scripts/citizen_agent.gd:222)
       [286] _assign_next_task (res://scripts/citizen_agent.gd:213)
       [287] _navigate_to (res://scripts/citizen_agent.gd:222)
       [288] _assign_next_task (res://scripts/citizen_agent.gd:213)
       [289] _navigate_to (res://scripts/citizen_agent.gd:222)
       [290] _assign_next_task (res://scripts/citizen_agent.gd:213)
       [291] _navigate_to (res://scripts/citizen_agent.gd:222)
       [292] _assign_next_task (res://scripts/citizen_agent.gd:213)
       [293] _navigate_to (res://scripts/citizen_agent.gd:222)
       [294] _assign_next_task (res://scripts/citizen_agent.gd:213)
       [295] _navigate_to (res://scripts/citizen_agent.gd:222)
       [296] _assign_next_task (res://scripts/citizen_agent.gd:213)
       [297] _navigate_to (res://scripts/citizen_agent.gd:222)
       [298] _assign_next_task (res://scripts/citizen_agent.gd:213)
       [299] _navigate_to (res://scripts/citizen_agent.gd:222)
       [300] _assign_next_task (res://scripts/citizen_agent.gd:213)
       [301] _navigate_to (res://scripts/citizen_agent.gd:222)
       [302] _assign_next_task (res://scripts/citizen_agent.gd:213)
       [303] _navigate_to (res://scripts/citizen_agent.gd:222)
       [304] _assign_next_task (res://scripts/citizen_agent.gd:213)
       [305] _navigate_to (res://scripts/citizen_agent.gd:222)
       [306] _assign_next_task (res://scripts/citizen_agent.gd:213)
       [307] _navigate_to (res://scripts/citizen_agent.gd:222)
       [308] _assign_next_task (res://scripts/citizen_agent.gd:213)
       [309] _navigate_to (res://scripts/citizen_agent.gd:222)
       [310] _assign_next_task (res://scripts/citizen_agent.gd:213)
       [311] _navigate_to (res://scripts/citizen_agent.gd:222)
       [312] _assign_next_task (res://scripts/citizen_agent.gd:213)
       [313] _navigate_to (res://scripts/citizen_agent.gd:222)
       [314] _assign_next_task (res://scripts/citizen_agent.gd:213)
       [315] _navigate_to (res://scripts/citizen_agent.gd:222)
       [316] _assign_next_task (res://scripts/citizen_agent.gd:213)
       [317] _navigate_to (res://scripts/citizen_agent.gd:222)
       [318] _assign_next_task (res://scripts/citizen_agent.gd:213)
       [319] _navigate_to (res://scripts/citizen_agent.gd:222)
       [320] _assign_next_task (res://scripts/citizen_agent.gd:213)
       [321] _navigate_to (res://scripts/citizen_agent.gd:222)
       [322] _assign_next_task (res://scripts/citizen_agent.gd:213)
       [323] _navigate_to (res://scripts/citizen_agent.gd:222)
       [324] _assign_next_task (res://scripts/citizen_agent.gd:213)
       [325] _navigate_to (res://scripts/citizen_agent.gd:222)
       [326] _assign_next_task (res://scripts/citizen_agent.gd:213)
       [327] _navigate_to (res://scripts/citizen_agent.gd:222)
       [328] _assign_next_task (res://scripts/citizen_agent.gd:213)
       [329] _navigate_to (res://scripts/citizen_agent.gd:222)
       [330] _assign_next_task (res://scripts/citizen_agent.gd:213)
       [331] _navigate_to (res://scripts/citizen_agent.gd:222)
       [332] _assign_next_task (res://scripts/citizen_agent.gd:213)
       [333] _navigate_to (res://scripts/citizen_agent.gd:222)
       [334] _assign_next_task (res://scripts/citizen_agent.gd:213)
       [335] _navigate_to (res://scripts/citizen_agent.gd:222)
       [336] _assign_next_task (res://scripts/citizen_agent.gd:213)
       [337] _navigate_to (res://scripts/citizen_agent.gd:222)
       [338] _assign_next_task (res://scripts/citizen_agent.gd:213)
       [339] _navigate_to (res://scripts/citizen_agent.gd:222)
       [340] _assign_next_task (res://scripts/citizen_agent.gd:213)
       [341] _navigate_to (res://scripts/citizen_agent.gd:222)
       [342] _assign_next_task (res://scripts/citizen_agent.gd:213)
       [343] _navigate_to (res://scripts/citizen_agent.gd:222)
       [344] _assign_next_task (res://scripts/citizen_agent.gd:213)
       [345] _navigate_to (res://scripts/citizen_agent.gd:222)
       [346] _assign_next_task (res://scripts/citizen_agent.gd:213)
       [347] _navigate_to (res://scripts/citizen_agent.gd:222)
       [348] _assign_next_task (res://scripts/citizen_agent.gd:213)
       [349] _navigate_to (res://scripts/citizen_agent.gd:222)
       [350] _assign_next_task (res://scripts/citizen_agent.gd:213)
       [351] _navigate_to (res://scripts/citizen_agent.gd:222)
       [352] _assign_next_task (res://scripts/citizen_agent.gd:213)
       [353] _navigate_to (res://scripts/citizen_agent.gd:222)
       [354] _assign_next_task (res://scripts/citizen_agent.gd:213)
       [355] _navigate_to (res://scripts/citizen_agent.gd:222)
       [356] _assign_next_task (res://scripts/citizen_agent.gd:213)
       [357] _navigate_to (res://scripts/citizen_agent.gd:222)
       [358] _assign_next_task (res://scripts/citizen_agent.gd:213)
       [359] _navigate_to (res://scripts/citizen_agent.gd:222)
       [360] _assign_next_task (res://scripts/citizen_agent.gd:213)
       [361] _navigate_to (res://scripts/citizen_agent.gd:222)
       [362] _assign_next_task (res://scripts/citizen_agent.gd:213)
       [363] _navigate_to (res://scripts/citizen_agent.gd:222)
       [364] _assign_next_task (res://scripts/citizen_agent.gd:213)
       [365] _navigate_to (res://scripts/citizen_agent.gd:222)
       [366] _assign_next_task (res://scripts/citizen_agent.gd:213)
       [367] _navigate_to (res://scripts/citizen_agent.gd:222)
       [368] _assign_next_task (res://scripts/citizen_agent.gd:213)
       [369] _navigate_to (res://scripts/citizen_agent.gd:222)
       [370] _assign_next_task (res://scripts/citizen_agent.gd:213)
       [371] _navigate_to (res://scripts/citizen_agent.gd:222)
       [372] _assign_next_task (res://scripts/citizen_agent.gd:213)
       [373] _navigate_to (res://scripts/citizen_agent.gd:222)
       [374] _assign_next_task (res://scripts/citizen_agent.gd:213)
       [375] _navigate_to (res://scripts/citizen_agent.gd:222)
       [376] _assign_next_task (res://scripts/citizen_agent.gd:213)
       [377] _navigate_to (res://scripts/citizen_agent.gd:222)
       [378] _assign_next_task (res://scripts/citizen_agent.gd:213)
       [379] _navigate_to (res://scripts/citizen_agent.gd:222)
       [380] _assign_next_task (res://scripts/citizen_agent.gd:213)
       [381] _navigate_to (res://scripts/citizen_agent.gd:222)
       [382] _assign_next_task (res://scripts/citizen_agent.gd:213)
       [383] _navigate_to (res://scripts/citizen_agent.gd:222)
       [384] _assign_next_task (res://scripts/citizen_agent.gd:213)
       [385] _navigate_to (res://scripts/citizen_agent.gd:222)
       [386] _assign_next_task (res://scripts/citizen_agent.gd:213)
       [387] _navigate_to (res://scripts/citizen_agent.gd:222)
       [388] _assign_next_task (res://scripts/citizen_agent.gd:213)
       [389] _navigate_to (res://scripts/citizen_agent.gd:222)
       [390] _assign_next_task (res://scripts/citizen_agent.gd:213)
       [391] _navigate_to (res://scripts/citizen_agent.gd:222)
       [392] _assign_next_task (res://scripts/citizen_agent.gd:213)
       [393] _navigate_to (res://scripts/citizen_agent.gd:222)
       [394] _assign_next_task (res://scripts/citizen_agent.gd:213)
       [395] _navigate_to (res://scripts/citizen_agent.gd:222)
       [396] _assign_next_task (res://scripts/citizen_agent.gd:213)
       [397] _navigate_to (res://scripts/citizen_agent.gd:222)
       [398] _assign_next_task (res://scripts/citizen_agent.gd:213)
       [399] _navigate_to (res://scripts/citizen_agent.gd:222)
       [400] _assign_next_task (res://scripts/citizen_agent.gd:213)
       [401] _navigate_to (res://scripts/citizen_agent.gd:222)
       [402] _assign_next_task (res://scripts/citizen_agent.gd:213)
       [403] _navigate_to (res://scripts/citizen_agent.gd:222)
       [404] _assign_next_task (res://scripts/citizen_agent.gd:213)
       [405] _navigate_to (res://scripts/citizen_agent.gd:222)
       [406] _assign_next_task (res://scripts/citizen_agent.gd:213)
       [407] _navigate_to (res://scripts/citizen_agent.gd:222)
       [408] _assign_next_task (res://scripts/citizen_agent.gd:213)
       [409] _navigate_to (res://scripts/citizen_agent.gd:222)
       [410] _assign_next_task (res://scripts/citizen_agent.gd:213)
       [411] _navigate_to (res://scripts/citizen_agent.gd:222)
       [412] _assign_next_task (res://scripts/citizen_agent.gd:213)
       [413] _navigate_to (res://scripts/citizen_agent.gd:222)
       [414] _assign_next_task (res://scripts/citizen_agent.gd:213)
       [415] _navigate_to (res://scripts/citizen_agent.gd:222)
       [416] _assign_next_task (res://scripts/citizen_agent.gd:213)
       [417] _navigate_to (res://scripts/citizen_agent.gd:222)
       [418] _assign_next_task (res://scripts/citizen_agent.gd:213)
       [419] _navigate_to (res://scripts/citizen_agent.gd:222)
       [420] _assign_next_task (res://scripts/citizen_agent.gd:213)
       [421] _navigate_to (res://scripts/citizen_agent.gd:222)
       [422] _assign_next_task (res://scripts/citizen_agent.gd:213)
       [423] _navigate_to (res://scripts/citizen_agent.gd:222)
       [424] _assign_next_task (res://scripts/citizen_agent.gd:213)
       [425] _navigate_to (res://scripts/citizen_agent.gd:222)
       [426] _assign_next_task (res://scripts/citizen_agent.gd:213)
       [427] _navigate_to (res://scripts/citizen_agent.gd:222)
       [428] _assign_next_task (res://scripts/citizen_agent.gd:213)
       [429] _navigate_to (res://scripts/citizen_agent.gd:222)
       [430] _assign_next_task (res://scripts/citizen_agent.gd:213)
       [431] _navigate_to (res://scripts/citizen_agent.gd:222)
       [432] _assign_next_task (res://scripts/citizen_agent.gd:213)
       [433] _navigate_to (res://scripts/citizen_agent.gd:222)
       [434] _assign_next_task (res://scripts/citizen_agent.gd:213)
       [435] _navigate_to (res://scripts/citizen_agent.gd:222)
       [436] _assign_next_task (res://scripts/citizen_agent.gd:213)
       [437] _navigate_to (res://scripts/citizen_agent.gd:222)
       [438] _assign_next_task (res://scripts/citizen_agent.gd:213)
       [439] _navigate_to (res://scripts/citizen_agent.gd:222)
       [440] _assign_next_task (res://scripts/citizen_agent.gd:213)
       [441] _navigate_to (res://scripts/citizen_agent.gd:222)
       [442] _assign_next_task (res://scripts/citizen_agent.gd:213)
       [443] _navigate_to (res://scripts/citizen_agent.gd:222)
       [444] _assign_next_task (res://scripts/citizen_agent.gd:213)
       [445] _navigate_to (res://scripts/citizen_agent.gd:222)
       [446] _assign_next_task (res://scripts/citizen_agent.gd:213)
       [447] _navigate_to (res://scripts/citizen_agent.gd:222)
       [448] _assign_next_task (res://scripts/citizen_agent.gd:213)
       [449] _navigate_to (res://scripts/citizen_agent.gd:222)
       [450] _assign_next_task (res://scripts/citizen_agent.gd:213)
       [451] _navigate_to (res://scripts/citizen_agent.gd:222)
       [452] _assign_next_task (res://scripts/citizen_agent.gd:213)
       [453] _navigate_to (res://scripts/citizen_agent.gd:222)
       [454] _assign_next_task (res://scripts/citizen_agent.gd:213)
       [455] _navigate_to (res://scripts/citizen_agent.gd:222)
       [456] _assign_next_task (res://scripts/citizen_agent.gd:213)
       [457] _navigate_to (res://scripts/citizen_agent.gd:222)
       [458] _assign_next_task (res://scripts/citizen_agent.gd:213)
       [459] _navigate_to (res://scripts/citizen_agent.gd:222)
       [460] _assign_next_task (res://scripts/citizen_agent.gd:213)
       [461] _navigate_to (res://scripts/citizen_agent.gd:222)
       [462] _assign_next_task (res://scripts/citizen_agent.gd:213)
       [463] _navigate_to (res://scripts/citizen_agent.gd:222)
       [464] _assign_next_task (res://scripts/citizen_agent.gd:213)
       [465] _navigate_to (res://scripts/citizen_agent.gd:222)
       [466] _assign_next_task (res://scripts/citizen_agent.gd:213)
       [467] _navigate_to (res://scripts/citizen_agent.gd:222)
       [468] _assign_next_task (res://scripts/citizen_agent.gd:213)
       [469] _navigate_to (res://scripts/citizen_agent.gd:222)
       [470] _assign_next_task (res://scripts/citizen_agent.gd:213)
       [471] _navigate_to (res://scripts/citizen_agent.gd:222)
       [472] _assign_next_task (res://scripts/citizen_agent.gd:213)
       [473] _navigate_to (res://scripts/citizen_agent.gd:222)
       [474] _assign_next_task (res://scripts/citizen_agent.gd:213)
       [475] _navigate_to (res://scripts/citizen_agent.gd:222)
       [476] _assign_next_task (res://scripts/citizen_agent.gd:213)
       [477] _navigate_to (res://scripts/citizen_agent.gd:222)
       [478] _assign_next_task (res://scripts/citizen_agent.gd:213)
       [479] _navigate_to (res://scripts/citizen_agent.gd:222)
       [480] _assign_next_task (res://scripts/citizen_agent.gd:213)
       [481] _navigate_to (res://scripts/citizen_agent.gd:222)
       [482] _assign_next_task (res://scripts/citizen_agent.gd:213)
       [483] _navigate_to (res://scripts/citizen_agent.gd:222)
       [484] _assign_next_task (res://scripts/citizen_agent.gd:213)
       [485] _navigate_to (res://scripts/citizen_agent.gd:222)
       [486] _assign_next_task (res://scripts/citizen_agent.gd:213)
       [487] _navigate_to (res://scripts/citizen_agent.gd:222)
       [488] _assign_next_task (res://scripts/citizen_agent.gd:213)
       [489] _navigate_to (res://scripts/citizen_agent.gd:222)
       [490] _assign_next_task (res://scripts/citizen_agent.gd:213)
       [491] _navigate_to (res://scripts/citizen_agent.gd:222)
       [492] _assign_next_task (res://scripts/citizen_agent.gd:213)
       [493] _navigate_to (res://scripts/citizen_agent.gd:222)
       [494] _assign_next_task (res://scripts/citizen_agent.gd:213)
       [495] _navigate_to (res://scripts/citizen_agent.gd:222)
       [496] _assign_next_task (res://scripts/citizen_agent.gd:213)
       [497] _navigate_to (res://scripts/citizen_agent.gd:222)
       [498] _assign_next_task (res://scripts/citizen_agent.gd:213)
       [499] _navigate_to (res://scripts/citizen_agent.gd:222)
       [500] _assign_next_task (res://scripts/citizen_agent.gd:213)
       [501] _navigate_to (res://scripts/citizen_agent.gd:222)
       [502] _assign_next_task (res://scripts/citizen_agent.gd:213)
       [503] _navigate_to (res://scripts/citizen_agent.gd:222)
       [504] _assign_next_task (res://scripts/citizen_agent.gd:213)
       [505] _navigate_to (res://scripts/citizen_agent.gd:222)
       [506] _assign_next_task (res://scripts/citizen_agent.gd:213)
       [507] _navigate_to (res://scripts/citizen_agent.gd:222)
       [508] _assign_next_task (res://scripts/citizen_agent.gd:213)
       [509] _navigate_to (res://scripts/citizen_agent.gd:222)
       [510] _assign_next_task (res://scripts/citizen_agent.gd:213)
       [511] _navigate_to (res://scripts/citizen_agent.gd:222)
       [512] _assign_next_task (res://scripts/citizen_agent.gd:213)
       [513] _navigate_to (res://scripts/citizen_agent.gd:222)
       [514] _assign_next_task (res://scripts/citizen_agent.gd:213)
       [515] _navigate_to (res://scripts/citizen_agent.gd:222)
       [516] _assign_next_task (res://scripts/citizen_agent.gd:213)
       [517] _navigate_to (res://scripts/citizen_agent.gd:222)
       [518] _assign_next_task (res://scripts/citizen_agent.gd:213)
       [519] _navigate_to (res://scripts/citizen_agent.gd:222)
       [520] _assign_next_task (res://scripts/citizen_agent.gd:213)
       [521] _navigate_to (res://scripts/citizen_agent.gd:222)
       [522] _assign_next_task (res://scripts/citizen_agent.gd:213)
       [523] _navigate_to (res://scripts/citizen_agent.gd:222)
       [524] _assign_next_task (res://scripts/citizen_agent.gd:213)
       [525] _navigate_to (res://scripts/citizen_agent.gd:222)
       [526] _assign_next_task (res://scripts/citizen_agent.gd:213)
       [527] _navigate_to (res://scripts/citizen_agent.gd:222)
       [528] _assign_next_task (res://scripts/citizen_agent.gd:213)
       [529] _navigate_to (res://scripts/citizen_agent.gd:222)
       [530] _assign_next_task (res://scripts/citizen_agent.gd:213)
       [531] _navigate_to (res://scripts/citizen_agent.gd:222)
       [532] _assign_next_task (res://scripts/citizen_agent.gd:213)
       [533] _navigate_to (res://scripts/citizen_agent.gd:222)
       [534] _assign_next_task (res://scripts/citizen_agent.gd:213)
       [535] _navigate_to (res://scripts/citizen_agent.gd:222)
       [536] _assign_next_task (res://scripts/citizen_agent.gd:213)
       [537] _navigate_to (res://scripts/citizen_agent.gd:222)
       [538] _assign_next_task (res://scripts/citizen_agent.gd:213)
       [539] _navigate_to (res://scripts/citizen_agent.gd:222)
       [540] _assign_next_task (res://scripts/citizen_agent.gd:213)
       [541] _navigate_to (res://scripts/citizen_agent.gd:222)
       [542] _assign_next_task (res://scripts/citizen_agent.gd:213)
       [543] _navigate_to (res://scripts/citizen_agent.gd:222)
       [544] _assign_next_task (res://scripts/citizen_agent.gd:213)
       [545] _navigate_to (res://scripts/citizen_agent.gd:222)
       [546] _assign_next_task (res://scripts/citizen_agent.gd:213)
       [547] _navigate_to (res://scripts/citizen_agent.gd:222)
       [548] _assign_next_task (res://scripts/citizen_agent.gd:213)
       [549] _navigate_to (res://scripts/citizen_agent.gd:222)
       [550] _assign_next_task (res://scripts/citizen_agent.gd:213)
       [551] _navigate_to (res://scripts/citizen_agent.gd:222)
       [552] _assign_next_task (res://scripts/citizen_agent.gd:213)
       [553] _navigate_to (res://scripts/citizen_agent.gd:222)
       [554] _assign_next_task (res://scripts/citizen_agent.gd:213)
       [555] _navigate_to (res://scripts/citizen_agent.gd:222)
       [556] _assign_next_task (res://scripts/citizen_agent.gd:213)
       [557] _navigate_to (res://scripts/citizen_agent.gd:222)
       [558] _assign_next_task (res://scripts/citizen_agent.gd:213)
       [559] _navigate_to (res://scripts/citizen_agent.gd:222)
       [560] _assign_next_task (res://scripts/citizen_agent.gd:213)
       [561] _navigate_to (res://scripts/citizen_agent.gd:222)
       [562] _assign_next_task (res://scripts/citizen_agent.gd:213)
       [563] _navigate_to (res://scripts/citizen_agent.gd:222)
       [564] _assign_next_task (res://scripts/citizen_agent.gd:213)
       [565] _navigate_to (res://scripts/citizen_agent.gd:222)
       [566] _assign_next_task (res://scripts/citizen_agent.gd:213)
       [567] _navigate_to (res://scripts/citizen_agent.gd:222)
       [568] _assign_next_task (res://scripts/citizen_agent.gd:213)
       [569] _navigate_to (res://scripts/citizen_agent.gd:222)
       [570] _assign_next_task (res://scripts/citizen_agent.gd:213)
       [571] _navigate_to (res://scripts/citizen_agent.gd:222)
       [572] _assign_next_task (res://scripts/citizen_agent.gd:213)
       [573] _navigate_to (res://scripts/citizen_agent.gd:222)
       [574] _assign_next_task (res://scripts/citizen_agent.gd:213)
       [575] _navigate_to (res://scripts/citizen_agent.gd:222)
       [576] _assign_next_task (res://scripts/citizen_agent.gd:213)
       [577] _navigate_to (res://scripts/citizen_agent.gd:222)
       [578] _assign_next_task (res://scripts/citizen_agent.gd:213)
       [579] _navigate_to (res://scripts/citizen_agent.gd:222)
       [580] _assign_next_task (res://scripts/citizen_agent.gd:213)
       [581] _navigate_to (res://scripts/citizen_agent.gd:222)
       [582] _assign_next_task (res://scripts/citizen_agent.gd:213)
       [583] _navigate_to (res://scripts/citizen_agent.gd:222)
       [584] _assign_next_task (res://scripts/citizen_agent.gd:213)
       [585] _navigate_to (res://scripts/citizen_agent.gd:222)
       [586] _assign_next_task (res://scripts/citizen_agent.gd:213)
       [587] _navigate_to (res://scripts/citizen_agent.gd:222)
       [588] _assign_next_task (res://scripts/citizen_agent.gd:213)
       [589] _navigate_to (res://scripts/citizen_agent.gd:222)
       [590] _assign_next_task (res://scripts/citizen_agent.gd:213)
       [591] _navigate_to (res://scripts/citizen_agent.gd:222)
       [592] _assign_next_task (res://scripts/citizen_agent.gd:213)
       [593] _navigate_to (res://scripts/citizen_agent.gd:222)
       [594] _assign_next_task (res://scripts/citizen_agent.gd:213)
       [595] _navigate_to (res://scripts/citizen_agent.gd:222)
       [596] _assign_next_task (res://scripts/citizen_agent.gd:213)
       [597] _navigate_to (res://scripts/citizen_agent.gd:222)
       [598] _assign_next_task (res://scripts/citizen_agent.gd:213)
       [599] _navigate_to (res://scripts/citizen_agent.gd:222)
       [600] _assign_next_task (res://scripts/citizen_agent.gd:213)
       [601] _navigate_to (res://scripts/citizen_agent.gd:222)
       [602] _assign_next_task (res://scripts/citizen_agent.gd:213)
       [603] _navigate_to (res://scripts/citizen_agent.gd:222)
       [604] _assign_next_task (res://scripts/citizen_agent.gd:213)
       [605] _navigate_to (res://scripts/citizen_agent.gd:222)
       [606] _assign_next_task (res://scripts/citizen_agent.gd:213)
       [607] _navigate_to (res://scripts/citizen_agent.gd:222)
       [608] _assign_next_task (res://scripts/citizen_agent.gd:213)
       [609] _navigate_to (res://scripts/citizen_agent.gd:222)
       [610] _assign_next_task (res://scripts/citizen_agent.gd:213)
       [611] _navigate_to (res://scripts/citizen_agent.gd:222)
       [612] _assign_next_task (res://scripts/citizen_agent.gd:213)
       [613] _navigate_to (res://scripts/citizen_agent.gd:222)
       [614] _assign_next_task (res://scripts/citizen_agent.gd:213)
       [615] _navigate_to (res://scripts/citizen_agent.gd:222)
       [616] _assign_next_task (res://scripts/citizen_agent.gd:213)
       [617] _navigate_to (res://scripts/citizen_agent.gd:222)
       [618] _assign_next_task (res://scripts/citizen_agent.gd:213)
       [619] _navigate_to (res://scripts/citizen_agent.gd:222)
       [620] _assign_next_task (res://scripts/citizen_agent.gd:213)
       [621] _navigate_to (res://scripts/citizen_agent.gd:222)
       [622] _assign_next_task (res://scripts/citizen_agent.gd:213)
       [623] _navigate_to (res://scripts/citizen_agent.gd:222)
       [624] _assign_next_task (res://scripts/citizen_agent.gd:213)
       [625] _navigate_to (res://scripts/citizen_agent.gd:222)
       [626] _assign_next_task (res://scripts/citizen_agent.gd:213)
       [627] _navigate_to (res://scripts/citizen_agent.gd:222)
       [628] _assign_next_task (res://scripts/citizen_agent.gd:213)
       [629] _navigate_to (res://scripts/citizen_agent.gd:222)
       [630] _assign_next_task (res://scripts/citizen_agent.gd:213)
       [631] _navigate_to (res://scripts/citizen_agent.gd:222)
       [632] _assign_next_task (res://scripts/citizen_agent.gd:213)
       [633] _navigate_to (res://scripts/citizen_agent.gd:222)
       [634] _assign_next_task (res://scripts/citizen_agent.gd:213)
       [635] _navigate_to (res://scripts/citizen_agent.gd:222)
       [636] _assign_next_task (res://scripts/citizen_agent.gd:213)
       [637] _navigate_to (res://scripts/citizen_agent.gd:222)
       [638] _assign_next_task (res://scripts/citizen_agent.gd:213)
       [639] _navigate_to (res://scripts/citizen_agent.gd:222)
       [640] _assign_next_task (res://scripts/citizen_agent.gd:213)
       [641] _navigate_to (res://scripts/citizen_agent.gd:222)
       [642] _assign_next_task (res://scripts/citizen_agent.gd:213)
       [643] _navigate_to (res://scripts/citizen_agent.gd:222)
       [644] _assign_next_task (res://scripts/citizen_agent.gd:213)
       [645] _navigate_to (res://scripts/citizen_agent.gd:222)
       [646] _assign_next_task (res://scripts/citizen_agent.gd:213)
       [647] _navigate_to (res://scripts/citizen_agent.gd:222)
       [648] _assign_next_task (res://scripts/citizen_agent.gd:213)
       [649] _navigate_to (res://scripts/citizen_agent.gd:222)
       [650] _assign_next_task (res://scripts/citizen_agent.gd:213)
       [651] _navigate_to (res://scripts/citizen_agent.gd:222)
       [652] _assign_next_task (res://scripts/citizen_agent.gd:213)
       [653] _navigate_to (res://scripts/citizen_agent.gd:222)
       [654] _assign_next_task (res://scripts/citizen_agent.gd:213)
       [655] _navigate_to (res://scripts/citizen_agent.gd:222)
       [656] _assign_next_task (res://scripts/citizen_agent.gd:213)
       [657] _navigate_to (res://scripts/citizen_agent.gd:222)
       [658] _assign_next_task (res://scripts/citizen_agent.gd:213)
       [659] _navigate_to (res://scripts/citizen_agent.gd:222)
       [660] _assign_next_task (res://scripts/citizen_agent.gd:213)
       [661] _navigate_to (res://scripts/citizen_agent.gd:222)
       [662] _assign_next_task (res://scripts/citizen_agent.gd:213)
       [663] _navigate_to (res://scripts/citizen_agent.gd:222)
       [664] _assign_next_task (res://scripts/citizen_agent.gd:213)
       [665] _navigate_to (res://scripts/citizen_agent.gd:222)
       [666] _assign_next_task (res://scripts/citizen_agent.gd:213)
       [667] _navigate_to (res://scripts/citizen_agent.gd:222)
       [668] _assign_next_task (res://scripts/citizen_agent.gd:213)
       [669] _navigate_to (res://scripts/citizen_agent.gd:222)
       [670] _assign_next_task (res://scripts/citizen_agent.gd:213)
       [671] _navigate_to (res://scripts/citizen_agent.gd:222)
       [672] _assign_next_task (res://scripts/citizen_agent.gd:213)
       [673] _navigate_to (res://scripts/citizen_agent.gd:222)
       [674] _assign_next_task (res://scripts/citizen_agent.gd:213)
       [675] _navigate_to (res://scripts/citizen_agent.gd:222)
       [676] _assign_next_task (res://scripts/citizen_agent.gd:213)
       [677] _navigate_to (res://scripts/citizen_agent.gd:222)
       [678] _assign_next_task (res://scripts/citizen_agent.gd:213)
       [679] _navigate_to (res://scripts/citizen_agent.gd:222)
       [680] _assign_next_task (res://scripts/citizen_agent.gd:213)
       [681] _navigate_to (res://scripts/citizen_agent.gd:222)
       [682] _assign_next_task (res://scripts/citizen_agent.gd:213)
       [683] _navigate_to (res://scripts/citizen_agent.gd:222)
       [684] _assign_next_task (res://scripts/citizen_agent.gd:213)
       [685] _navigate_to (res://scripts/citizen_agent.gd:222)
       [686] _assign_next_task (res://scripts/citizen_agent.gd:213)
       [687] _navigate_to (res://scripts/citizen_agent.gd:222)
       [688] _assign_next_task (res://scripts/citizen_agent.gd:213)
       [689] _navigate_to (res://scripts/citizen_agent.gd:222)
       [690] _assign_next_task (res://scripts/citizen_agent.gd:213)
       [691] _navigate_to (res://scripts/citizen_agent.gd:222)
       [692] _assign_next_task (res://scripts/citizen_agent.gd:213)
       [693] _navigate_to (res://scripts/citizen_agent.gd:222)
       [694] _assign_next_task (res://scripts/citizen_agent.gd:213)
       [695] _navigate_to (res://scripts/citizen_agent.gd:222)
       [696] _assign_next_task (res://scripts/citizen_agent.gd:213)
       [697] _navigate_to (res://scripts/citizen_agent.gd:222)
       [698] _assign_next_task (res://scripts/citizen_agent.gd:213)
       [699] _navigate_to (res://scripts/citizen_agent.gd:222)
       [700] _assign_next_task (res://scripts/citizen_agent.gd:213)
       [701] _navigate_to (res://scripts/citizen_agent.gd:222)
       [702] _assign_next_task (res://scripts/citizen_agent.gd:213)
       [703] _navigate_to (res://scripts/citizen_agent.gd:222)
       [704] _assign_next_task (res://scripts/citizen_agent.gd:213)
       [705] _navigate_to (res://scripts/citizen_agent.gd:222)
       [706] _assign_next_task (res://scripts/citizen_agent.gd:213)
       [707] _navigate_to (res://scripts/citizen_agent.gd:222)
       [708] _assign_next_task (res://scripts/citizen_agent.gd:213)
       [709] _navigate_to (res://scripts/citizen_agent.gd:222)
       [710] _assign_next_task (res://scripts/citizen_agent.gd:213)
       [711] _navigate_to (res://scripts/citizen_agent.gd:222)
       [712] _assign_next_task (res://scripts/citizen_agent.gd:213)
       [713] _navigate_to (res://scripts/citizen_agent.gd:222)
       [714] _assign_next_task (res://scripts/citizen_agent.gd:213)
       [715] _navigate_to (res://scripts/citizen_agent.gd:222)
       [716] _assign_next_task (res://scripts/citizen_agent.gd:213)
       [717] _navigate_to (res://scripts/citizen_agent.gd:222)
       [718] _assign_next_task (res://scripts/citizen_agent.gd:213)
       [719] _navigate_to (res://scripts/citizen_agent.gd:222)
       [720] _assign_next_task (res://scripts/citizen_agent.gd:213)
       [721] _navigate_to (res://scripts/citizen_agent.gd:222)
       [722] _assign_next_task (res://scripts/citizen_agent.gd:213)
       [723] _navigate_to (res://scripts/citizen_agent.gd:222)
       [724] _assign_next_task (res://scripts/citizen_agent.gd:213)
       [725] _navigate_to (res://scripts/citizen_agent.gd:222)
       [726] _assign_next_task (res://scripts/citizen_agent.gd:213)
       [727] _navigate_to (res://scripts/citizen_agent.gd:222)
       [728] _assign_next_task (res://scripts/citizen_agent.gd:213)
       [729] _navigate_to (res://scripts/citizen_agent.gd:222)
       [730] _assign_next_task (res://scripts/citizen_agent.gd:213)
       [731] _navigate_to (res://scripts/citizen_agent.gd:222)
       [732] _assign_next_task (res://scripts/citizen_agent.gd:213)
       [733] _navigate_to (res://scripts/citizen_agent.gd:222)
       [734] _assign_next_task (res://scripts/citizen_agent.gd:213)
       [735] _navigate_to (res://scripts/citizen_agent.gd:222)
       [736] _assign_next_task (res://scripts/citizen_agent.gd:213)
       [737] _navigate_to (res://scripts/citizen_agent.gd:222)
       [738] _assign_next_task (res://scripts/citizen_agent.gd:213)
       [739] _navigate_to (res://scripts/citizen_agent.gd:222)
       [740] _assign_next_task (res://scripts/citizen_agent.gd:213)
       [741] _navigate_to (res://scripts/citizen_agent.gd:222)
       [742] _assign_next_task (res://scripts/citizen_agent.gd:213)
       [743] _navigate_to (res://scripts/citizen_agent.gd:222)
       [744] _assign_next_task (res://scripts/citizen_agent.gd:213)
       [745] _navigate_to (res://scripts/citizen_agent.gd:222)
       [746] _assign_next_task (res://scripts/citizen_agent.gd:213)
       [747] _navigate_to (res://scripts/citizen_agent.gd:222)
       [748] _assign_next_task (res://scripts/citizen_agent.gd:213)
       [749] _navigate_to (res://scripts/citizen_agent.gd:222)
       [750] _assign_next_task (res://scripts/citizen_agent.gd:213)
       [751] _navigate_to (res://scripts/citizen_agent.gd:222)
       [752] _assign_next_task (res://scripts/citizen_agent.gd:213)
       [753] _navigate_to (res://scripts/citizen_agent.gd:222)
       [754] _assign_next_task (res://scripts/citizen_agent.gd:213)
       [755] _navigate_to (res://scripts/citizen_agent.gd:222)
       [756] _assign_next_task (res://scripts/citizen_agent.gd:213)
       [757] _navigate_to (res://scripts/citizen_agent.gd:222)
       [758] _assign_next_task (res://scripts/citizen_agent.gd:213)
       [759] _navigate_to (res://scripts/citizen_agent.gd:222)
       [760] _assign_next_task (res://scripts/citizen_agent.gd:213)
       [761] _navigate_to (res://scripts/citizen_agent.gd:222)
       [762] _assign_next_task (res://scripts/citizen_agent.gd:213)
       [763] _navigate_to (res://scripts/citizen_agent.gd:222)
       [764] _assign_next_task (res://scripts/citizen_agent.gd:213)
       [765] _navigate_to (res://scripts/citizen_agent.gd:222)
       [766] _assign_next_task (res://scripts/citizen_agent.gd:213)
       [767] _navigate_to (res://scripts/citizen_agent.gd:222)
       [768] _assign_next_task (res://scripts/citizen_agent.gd:213)
       [769] _navigate_to (res://scripts/citizen_agent.gd:222)
       [770] _assign_next_task (res://scripts/citizen_agent.gd:213)
       [771] _navigate_to (res://scripts/citizen_agent.gd:222)
       [772] _assign_next_task (res://scripts/citizen_agent.gd:213)
       [773] _navigate_to (res://scripts/citizen_agent.gd:222)
       [774] _assign_next_task (res://scripts/citizen_agent.gd:213)
       [775] _navigate_to (res://scripts/citizen_agent.gd:222)
       [776] _assign_next_task (res://scripts/citizen_agent.gd:213)
       [777] _navigate_to (res://scripts/citizen_agent.gd:222)
       [778] _assign_next_task (res://scripts/citizen_agent.gd:213)
       [779] _navigate_to (res://scripts/citizen_agent.gd:222)
       [780] _assign_next_task (res://scripts/citizen_agent.gd:213)
       [781] _navigate_to (res://scripts/citizen_agent.gd:222)
       [782] _assign_next_task (res://scripts/citizen_agent.gd:213)
       [783] _navigate_to (res://scripts/citizen_agent.gd:222)
       [784] _assign_next_task (res://scripts/citizen_agent.gd:213)
       [785] _navigate_to (res://scripts/citizen_agent.gd:222)
       [786] _assign_next_task (res://scripts/citizen_agent.gd:213)
       [787] _navigate_to (res://scripts/citizen_agent.gd:222)
       [788] _assign_next_task (res://scripts/citizen_agent.gd:213)
       [789] _navigate_to (res://scripts/citizen_agent.gd:222)
       [790] _assign_next_task (res://scripts/citizen_agent.gd:213)
       [791] _navigate_to (res://scripts/citizen_agent.gd:222)
       [792] _assign_next_task (res://scripts/citizen_agent.gd:213)
       [793] _navigate_to (res://scripts/citizen_agent.gd:222)
       [794] _assign_next_task (res://scripts/citizen_agent.gd:213)
       [795] _navigate_to (res://scripts/citizen_agent.gd:222)
       [796] _assign_next_task (res://scripts/citizen_agent.gd:213)
       [797] _navigate_to (res://scripts/citizen_agent.gd:222)
       [798] _assign_next_task (res://scripts/citizen_agent.gd:213)
       [799] _navigate_to (res://scripts/citizen_agent.gd:222)
       [800] _assign_next_task (res://scripts/citizen_agent.gd:213)
       [801] _navigate_to (res://scripts/citizen_agent.gd:222)
       [802] _assign_next_task (res://scripts/citizen_agent.gd:213)
       [803] _navigate_to (res://scripts/citizen_agent.gd:222)
       [804] _assign_next_task (res://scripts/citizen_agent.gd:213)
       [805] _navigate_to (res://scripts/citizen_agent.gd:222)
       [806] _assign_next_task (res://scripts/citizen_agent.gd:213)
       [807] _navigate_to (res://scripts/citizen_agent.gd:222)
       [808] _assign_next_task (res://scripts/citizen_agent.gd:213)
       [809] _navigate_to (res://scripts/citizen_agent.gd:222)
       [810] _assign_next_task (res://scripts/citizen_agent.gd:213)
       [811] _navigate_to (res://scripts/citizen_agent.gd:222)
       [812] _assign_next_task (res://scripts/citizen_agent.gd:213)
       [813] _navigate_to (res://scripts/citizen_agent.gd:222)
       [814] _assign_next_task (res://scripts/citizen_agent.gd:213)
       [815] _navigate_to (res://scripts/citizen_agent.gd:222)
       [816] _assign_next_task (res://scripts/citizen_agent.gd:213)
       [817] _navigate_to (res://scripts/citizen_agent.gd:222)
       [818] _assign_next_task (res://scripts/citizen_agent.gd:213)
       [819] _navigate_to (res://scripts/citizen_agent.gd:222)
       [820] _assign_next_task (res://scripts/citizen_agent.gd:213)
       [821] _navigate_to (res://scripts/citizen_agent.gd:222)
       [822] _assign_next_task (res://scripts/citizen_agent.gd:213)
       [823] _navigate_to (res://scripts/citizen_agent.gd:222)
       [824] _assign_next_task (res://scripts/citizen_agent.gd:213)
       [825] _navigate_to (res://scripts/citizen_agent.gd:222)
       [826] _assign_next_task (res://scripts/citizen_agent.gd:213)
       [827] _navigate_to (res://scripts/citizen_agent.gd:222)
       [828] _assign_next_task (res://scripts/citizen_agent.gd:213)
       [829] _navigate_to (res://scripts/citizen_agent.gd:222)
       [830] _assign_next_task (res://scripts/citizen_agent.gd:213)
       [831] _navigate_to (res://scripts/citizen_agent.gd:222)
       [832] _assign_next_task (res://scripts/citizen_agent.gd:213)
       [833] _navigate_to (res://scripts/citizen_agent.gd:222)
       [834] _assign_next_task (res://scripts/citizen_agent.gd:213)
       [835] _navigate_to (res://scripts/citizen_agent.gd:222)
       [836] _assign_next_task (res://scripts/citizen_agent.gd:213)
       [837] _navigate_to (res://scripts/citizen_agent.gd:222)
       [838] _assign_next_task (res://scripts/citizen_agent.gd:213)
       [839] _navigate_to (res://scripts/citizen_agent.gd:222)
       [840] _assign_next_task (res://scripts/citizen_agent.gd:213)
       [841] _navigate_to (res://scripts/citizen_agent.gd:222)
       [842] _assign_next_task (res://scripts/citizen_agent.gd:213)
       [843] _navigate_to (res://scripts/citizen_agent.gd:222)
       [844] _assign_next_task (res://scripts/citizen_agent.gd:213)
       [845] _navigate_to (res://scripts/citizen_agent.gd:222)
       [846] _assign_next_task (res://scripts/citizen_agent.gd:213)
       [847] _navigate_to (res://scripts/citizen_agent.gd:222)
       [848] _assign_next_task (res://scripts/citizen_agent.gd:213)
       [849] _navigate_to (res://scripts/citizen_agent.gd:222)
       [850] _assign_next_task (res://scripts/citizen_agent.gd:213)
       [851] _navigate_to (res://scripts/citizen_agent.gd:222)
       [852] _assign_next_task (res://scripts/citizen_agent.gd:213)
       [853] _navigate_to (res://scripts/citizen_agent.gd:222)
       [854] _assign_next_task (res://scripts/citizen_agent.gd:213)
       [855] _navigate_to (res://scripts/citizen_agent.gd:222)
       [856] _assign_next_task (res://scripts/citizen_agent.gd:213)
       [857] _navigate_to (res://scripts/citizen_agent.gd:222)
       [858] _assign_next_task (res://scripts/citizen_agent.gd:213)
       [859] _navigate_to (res://scripts/citizen_agent.gd:222)
       [860] _assign_next_task (res://scripts/citizen_agent.gd:213)
       [861] _navigate_to (res://scripts/citizen_agent.gd:222)
       [862] _assign_next_task (res://scripts/citizen_agent.gd:213)
       [863] _navigate_to (res://scripts/citizen_agent.gd:222)
       [864] _assign_next_task (res://scripts/citizen_agent.gd:213)
       [865] _navigate_to (res://scripts/citizen_agent.gd:222)
       [866] _assign_next_task (res://scripts/citizen_agent.gd:213)
       [867] _navigate_to (res://scripts/citizen_agent.gd:222)
       [868] _assign_next_task (res://scripts/citizen_agent.gd:213)
       [869] _navigate_to (res://scripts/citizen_agent.gd:222)
       [870] _assign_next_task (res://scripts/citizen_agent.gd:213)
       [871] _navigate_to (res://scripts/citizen_agent.gd:222)
       [872] _assign_next_task (res://scripts/citizen_agent.gd:213)
       [873] _navigate_to (res://scripts/citizen_agent.gd:222)
       [874] _assign_next_task (res://scripts/citizen_agent.gd:213)
       [875] _navigate_to (res://scripts/citizen_agent.gd:222)
       [876] _assign_next_task (res://scripts/citizen_agent.gd:213)
       [877] _navigate_to (res://scripts/citizen_agent.gd:222)
       [878] _assign_next_task (res://scripts/citizen_agent.gd:213)
       [879] _navigate_to (res://scripts/citizen_agent.gd:222)
       [880] _assign_next_task (res://scripts/citizen_agent.gd:213)
       [881] _navigate_to (res://scripts/citizen_agent.gd:222)
       [882] _assign_next_task (res://scripts/citizen_agent.gd:213)
       [883] _navigate_to (res://scripts/citizen_agent.gd:222)
       [884] _assign_next_task (res://scripts/citizen_agent.gd:213)
       [885] _navigate_to (res://scripts/citizen_agent.gd:222)
       [886] _assign_next_task (res://scripts/citizen_agent.gd:213)
       [887] _navigate_to (res://scripts/citizen_agent.gd:222)
       [888] _assign_next_task (res://scripts/citizen_agent.gd:213)
       [889] _navigate_to (res://scripts/citizen_agent.gd:222)
       [890] _assign_next_task (res://scripts/citizen_agent.gd:213)
       [891] _navigate_to (res://scripts/citizen_agent.gd:222)
       [892] _assign_next_task (res://scripts/citizen_agent.gd:213)
       [893] _navigate_to (res://scripts/citizen_agent.gd:222)
       [894] _assign_next_task (res://scripts/citizen_agent.gd:213)
       [895] _navigate_to (res://scripts/citizen_agent.gd:222)
       [896] _assign_next_task (res://scripts/citizen_agent.gd:213)
       [897] _navigate_to (res://scripts/citizen_agent.gd:222)
       [898] _assign_next_task (res://scripts/citizen_agent.gd:213)
       [899] _navigate_to (res://scripts/citizen_agent.gd:222)
       [900] _assign_next_task (res://scripts/citizen_agent.gd:213)
       [901] _navigate_to (res://scripts/citizen_agent.gd:222)
       [902] _assign_next_task (res://scripts/citizen_agent.gd:213)
       [903] _navigate_to (res://scripts/citizen_agent.gd:222)
       [904] _assign_next_task (res://scripts/citizen_agent.gd:213)
       [905] _navigate_to (res://scripts/citizen_agent.gd:222)
       [906] _assign_next_task (res://scripts/citizen_agent.gd:213)
       [907] _navigate_to (res://scripts/citizen_agent.gd:222)
       [908] _assign_next_task (res://scripts/citizen_agent.gd:213)
       [909] _navigate_to (res://scripts/citizen_agent.gd:222)
       [910] _assign_next_task (res://scripts/citizen_agent.gd:213)
       [911] _navigate_to (res://scripts/citizen_agent.gd:222)
       [912] _assign_next_task (res://scripts/citizen_agent.gd:213)
       [913] _navigate_to (res://scripts/citizen_agent.gd:222)
       [914] _assign_next_task (res://scripts/citizen_agent.gd:213)
       [915] _navigate_to (res://scripts/citizen_agent.gd:222)
       [916] _assign_next_task (res://scripts/citizen_agent.gd:213)
       [917] _navigate_to (res://scripts/citizen_agent.gd:222)
       [918] _assign_next_task (res://scripts/citizen_agent.gd:213)
       [919] _navigate_to (res://scripts/citizen_agent.gd:222)
       [920] _assign_next_task (res://scripts/citizen_agent.gd:213)
       [921] _navigate_to (res://scripts/citizen_agent.gd:222)
       [922] _assign_next_task (res://scripts/citizen_agent.gd:213)
       [923] _navigate_to (res://scripts/citizen_agent.gd:222)
       [924] _assign_next_task (res://scripts/citizen_agent.gd:213)
       [925] _navigate_to (res://scripts/citizen_agent.gd:222)
       [926] _assign_next_task (res://scripts/citizen_agent.gd:213)
       [927] _navigate_to (res://scripts/citizen_agent.gd:222)
       [928] _assign_next_task (res://scripts/citizen_agent.gd:213)
       [929] _navigate_to (res://scripts/citizen_agent.gd:222)
       [930] _assign_next_task (res://scripts/citizen_agent.gd:213)
       [931] _navigate_to (res://scripts/citizen_agent.gd:222)
       [932] _assign_next_task (res://scripts/citizen_agent.gd:213)
       [933] _navigate_to (res://scripts/citizen_agent.gd:222)
       [934] _assign_next_task (res://scripts/citizen_agent.gd:213)
       [935] _navigate_to (res://scripts/citizen_agent.gd:222)
       [936] _assign_next_task (res://scripts/citizen_agent.gd:213)
       [937] _navigate_to (res://scripts/citizen_agent.gd:222)
       [938] _assign_next_task (res://scripts/citizen_agent.gd:213)
       [939] _navigate_to (res://scripts/citizen_agent.gd:222)
       [940] _assign_next_task (res://scripts/citizen_agent.gd:213)
       [941] _navigate_to (res://scripts/citizen_agent.gd:222)
       [942] _assign_next_task (res://scripts/citizen_agent.gd:213)
       [943] _navigate_to (res://scripts/citizen_agent.gd:222)
       [944] _assign_next_task (res://scripts/citizen_agent.gd:213)
       [945] _navigate_to (res://scripts/citizen_agent.gd:222)
       [946] _assign_next_task (res://scripts/citizen_agent.gd:213)
       [947] _navigate_to (res://scripts/citizen_agent.gd:222)
       [948] _assign_next_task (res://scripts/citizen_agent.gd:213)
       [949] _navigate_to (res://scripts/citizen_agent.gd:222)
       [950] _assign_next_task (res://scripts/citizen_agent.gd:213)
       [951] _navigate_to (res://scripts/citizen_agent.gd:222)
       [952] _assign_next_task (res://scripts/citizen_agent.gd:213)
       [953] _navigate_to (res://scripts/citizen_agent.gd:222)
       [954] _assign_next_task (res://scripts/citizen_agent.gd:213)
       [955] _navigate_to (res://scripts/citizen_agent.gd:222)
       [956] _assign_next_task (res://scripts/citizen_agent.gd:213)
       [957] _navigate_to (res://scripts/citizen_agent.gd:222)
       [958] _assign_next_task (res://scripts/citizen_agent.gd:213)
       [959] _navigate_to (res://scripts/citizen_agent.gd:222)
       [960] _assign_next_task (res://scripts/citizen_agent.gd:213)
       [961] _navigate_to (res://scripts/citizen_agent.gd:222)
       [962] _assign_next_task (res://scripts/citizen_agent.gd:213)
       [963] _navigate_to (res://scripts/citizen_agent.gd:222)
       [964] _assign_next_task (res://scripts/citizen_agent.gd:213)
       [965] _navigate_to (res://scripts/citizen_agent.gd:222)
       [966] _assign_next_task (res://scripts/citizen_agent.gd:213)
       [967] _navigate_to (res://scripts/citizen_agent.gd:222)
       [968] _assign_next_task (res://scripts/citizen_agent.gd:213)
       [969] _navigate_to (res://scripts/citizen_agent.gd:222)
       [970] _assign_next_task (res://scripts/citizen_agent.gd:213)
       [971] _navigate_to (res://scripts/citizen_agent.gd:222)
       [972] _assign_next_task (res://scripts/citizen_agent.gd:213)
       [973] _navigate_to (res://scripts/citizen_agent.gd:222)
       [974] _assign_next_task (res://scripts/citizen_agent.gd:213)
       [975] _navigate_to (res://scripts/citizen_agent.gd:222)
       [976] _assign_next_task (res://scripts/citizen_agent.gd:213)
       [977] _navigate_to (res://scripts/citizen_agent.gd:222)
       [978] _assign_next_task (res://scripts/citizen_agent.gd:213)
       [979] _navigate_to (res://scripts/citizen_agent.gd:222)
       [980] _assign_next_task (res://scripts/citizen_agent.gd:213)
       [981] _navigate_to (res://scripts/citizen_agent.gd:222)
       [982] _assign_next_task (res://scripts/citizen_agent.gd:213)
       [983] _navigate_to (res://scripts/citizen_agent.gd:222)
       [984] _assign_next_task (res://scripts/citizen_agent.gd:213)
       [985] _navigate_to (res://scripts/citizen_agent.gd:222)
       [986] _assign_next_task (res://scripts/citizen_agent.gd:213)
       [987] _navigate_to (res://scripts/citizen_agent.gd:222)
       [988] _assign_next_task (res://scripts/citizen_agent.gd:213)
       [989] _navigate_to (res://scripts/citizen_agent.gd:222)
       [990] _assign_next_task (res://scripts/citizen_agent.gd:213)
       [991] _navigate_to (res://scripts/citizen_agent.gd:222)
       [992] _assign_next_task (res://scripts/citizen_agent.gd:213)
       [993] _navigate_to (res://scripts/citizen_agent.gd:222)
       [994] _assign_next_task (res://scripts/citizen_agent.gd:213)
       [995] _navigate_to (res://scripts/citizen_agent.gd:222)
       [996] _assign_next_task (res://scripts/citizen_agent.gd:213)
       [997] _navigate_to (res://scripts/citizen_agent.gd:222)
       [998] _assign_next_task (res://scripts/citizen_agent.gd:213)
       [999] _navigate_to (res://scripts/citizen_agent.gd:222)
       [1000] _assign_next_task (res://scripts/citizen_agent.gd:213)
       [1001] _navigate_to (res://scripts/citizen_agent.gd:222)
       [1002] _assign_next_task (res://scripts/citizen_agent.gd:213)
       [1003] _navigate_to (res://scripts/citizen_agent.gd:222)
       [1004] _assign_next_task (res://scripts/citizen_agent.gd:213)
       [1005] _navigate_to (res://scripts/citizen_agent.gd:222)
       [1006] _assign_next_task (res://scripts/citizen_agent.gd:213)
       [1007] _navigate_to (res://scripts/citizen_agent.gd:222)
       [1008] _assign_next_task (res://scripts/citizen_agent.gd:213)
       [1009] _navigate_to (res://scripts/citizen_agent.gd:222)
       [1010] _assign_next_task (res://scripts/citizen_agent.gd:213)
       [1011] _navigate_to (res://scripts/citizen_agent.gd:222)
       [1012] _assign_next_task (res://scripts/citizen_agent.gd:213)
       [1013] _navigate_to (res://scripts/citizen_agent.gd:222)
       [1014] _assign_next_task (res://scripts/citizen_agent.gd:213)
       [1015] _navigate_to (res://scripts/citizen_agent.gd:222)
       [1016] _assign_next_task (res://scripts/citizen_agent.gd:213)
       [1017] _navigate_to (res://scripts/citizen_agent.gd:222)
       [1018] _assign_next_task (res://scripts/citizen_agent.gd:213)
       [1019] _navigate_to (res://scripts/citizen_agent.gd:222)
       [1020] _assign_next_task (res://scripts/citizen_agent.gd:213)
       [1021] _process (res://scripts/citizen_agent.gd:66)
       [1022] step (res://scripts/civilization_simulation.gd:127)
       [1023] run (res://scripts/poc45_fast_test.gd:177)
SCRIPT ERROR: Stack overflow. Check for infinite recursion in your script.
   at: is_obstacle_position (res://scripts/floor_navigation.gd:165)
   GDScript backtrace (most recent call first):
       [0] path_between (res://scripts/floor_navigation.gd:102)
       [1] route_between (res://scripts/surface_navigation.gd:71)
       [2] route_for (res://scripts/civilization_simulation.gd:438)
       [3] _navigate_to (res://scripts/citizen_agent.gd:217)
       [4] _assign_next_task (res://scripts/citizen_agent.gd:213)
       [5] _assign_next_task (res://scripts/citizen_agent.gd:213)
       [6] _assign_next_task (res://scripts/citizen_agent.gd:213)
       [7] _navigate_to (res://scripts/citizen_agent.gd:222)
       [8] _assign_next_task (res://scripts/citizen_agent.gd:213)
       [9] _navigate_to (res://scripts/citizen_agent.gd:222)
       [10] _assign_next_task (res://scripts/citizen_agent.gd:213)
       [11] _navigate_to (res://scripts/citizen_agent.gd:222)
       [12] _assign_next_task (res://scripts/citizen_agent.gd:213)
       [13] _navigate_to (res://scripts/citizen_agent.gd:222)
       [14] _assign_next_task (res://scripts/citizen_agent.gd:213)
       [15] _navigate_to (res://scripts/citizen_agent.gd:222)
       [16] _assign_next_task (res://scripts/citizen_agent.gd:213)
       [17] _navigate_to (res://scripts/citizen_agent.gd:222)
       [18] _assign_next_task (res://scripts/citizen_agent.gd:213)
       [19] _navigate_to (res://scripts/citizen_agent.gd:222)
       [20] _assign_next_task (res://scripts/citizen_agent.gd:213)
       [21] _navigate_to (res://scripts/citizen_agent.gd:222)
       [22] _assign_next_task (res://scripts/citizen_agent.gd:213)
       [23] _navigate_to (res://scripts/citizen_agent.gd:222)
       [24] _assign_next_task (res://scripts/citizen_agent.gd:213)
       [25] _navigate_to (res://scripts/citizen_agent.gd:222)
       [26] _assign_next_task (res://scripts/citizen_agent.gd:213)
       [27] _navigate_to (res://scripts/citizen_agent.gd:222)
       [28] _assign_next_task (res://scripts/citizen_agent.gd:213)
       [29] _navigate_to (res://scripts/citizen_agent.gd:222)
       [30] _assign_next_task (res://scripts/citizen_agent.gd:213)
       [31] _navigate_to (res://scripts/citizen_agent.gd:222)
       [32] _assign_next_task (res://scripts/citizen_agent.gd:213)
       [33] _navigate_to (res://scripts/citizen_agent.gd:222)
       [34] _assign_next_task (res://scripts/citizen_agent.gd:213)
       [35] _navigate_to (res://scripts/citizen_agent.gd:222)
       [36] _assign_next_task (res://scripts/citizen_agent.gd:213)
       [37] _navigate_to (res://scripts/citizen_agent.gd:222)
       [38] _assign_next_task (res://scripts/citizen_agent.gd:213)
       [39] _navigate_to (res://scripts/citizen_agent.gd:222)
       [40] _assign_next_task (res://scripts/citizen_agent.gd:213)
       [41] _navigate_to (res://scripts/citizen_agent.gd:222)
       [42] _assign_next_task (res://scripts/citizen_agent.gd:213)
       [43] _navigate_to (res://scripts/citizen_agent.gd:222)
       [44] _assign_next_task (res://scripts/citizen_agent.gd:213)
       [45] _navigate_to (res://scripts/citizen_agent.gd:222)
       [46] _assign_next_task (res://scripts/citizen_agent.gd:213)
       [47] _navigate_to (res://scripts/citizen_agent.gd:222)
       [48] _assign_next_task (res://scripts/citizen_agent.gd:213)
       [49] _navigate_to (res://scripts/citizen_agent.gd:222)
       [50] _assign_next_task (res://scripts/citizen_agent.gd:213)
       [51] _navigate_to (res://scripts/citizen_agent.gd:222)
       [52] _assign_next_task (res://scripts/citizen_agent.gd:213)
       [53] _navigate_to (res://scripts/citizen_agent.gd:222)
       [54] _assign_next_task (res://scripts/citizen_agent.gd:213)
       [55] _navigate_to (res://scripts/citizen_agent.gd:222)
       [56] _assign_next_task (res://scripts/citizen_agent.gd:213)
       [57] _navigate_to (res://scripts/citizen_agent.gd:222)
       [58] _assign_next_task (res://scripts/citizen_agent.gd:213)
       [59] _navigate_to (res://scripts/citizen_agent.gd:222)
       [60] _assign_next_task (res://scripts/citizen_agent.gd:213)
       [61] _navigate_to (res://scripts/citizen_agent.gd:222)
       [62] _assign_next_task (res://scripts/citizen_agent.gd:213)
       [63] _navigate_to (res://scripts/citizen_agent.gd:222)
       [64] _assign_next_task (res://scripts/citizen_agent.gd:213)
       [65] _navigate_to (res://scripts/citizen_agent.gd:222)
       [66] _assign_next_task (res://scripts/citizen_agent.gd:213)
       [67] _navigate_to (res://scripts/citizen_agent.gd:222)
       [68] _assign_next_task (res://scripts/citizen_agent.gd:213)
       [69] _navigate_to (res://scripts/citizen_agent.gd:222)
       [70] _assign_next_task (res://scripts/citizen_agent.gd:213)
       [71] _navigate_to (res://scripts/citizen_agent.gd:222)
       [72] _assign_next_task (res://scripts/citizen_agent.gd:213)
       [73] _navigate_to (res://scripts/citizen_agent.gd:222)
       [74] _assign_next_task (res://scripts/citizen_agent.gd:213)
       [75] _navigate_to (res://scripts/citizen_agent.gd:222)
       [76] _assign_next_task (res://scripts/citizen_agent.gd:213)
       [77] _navigate_to (res://scripts/citizen_agent.gd:222)
       [78] _assign_next_task (res://scripts/citizen_agent.gd:213)
       [79] _navigate_to (res://scripts/citizen_agent.gd:222)
       [80] _assign_next_task (res://scripts/citizen_agent.gd:213)
       [81] _navigate_to (res://scripts/citizen_agent.gd:222)
       [82] _assign_next_task (res://scripts/citizen_agent.gd:213)
       [83] _navigate_to (res://scripts/citizen_agent.gd:222)
       [84] _assign_next_task (res://scripts/citizen_agent.gd:213)
       [85] _navigate_to (res://scripts/citizen_agent.gd:222)
       [86] _assign_next_task (res://scripts/citizen_agent.gd:213)
       [87] _navigate_to (res://scripts/citizen_agent.gd:222)
       [88] _assign_next_task (res://scripts/citizen_agent.gd:213)
       [89] _navigate_to (res://scripts/citizen_agent.gd:222)
       [90] _assign_next_task (res://scripts/citizen_agent.gd:213)
       [91] _navigate_to (res://scripts/citizen_agent.gd:222)
       [92] _assign_next_task (res://scripts/citizen_agent.gd:213)
       [93] _navigate_to (res://scripts/citizen_agent.gd:222)
       [94] _assign_next_task (res://scripts/citizen_agent.gd:213)
       [95] _navigate_to (res://scripts/citizen_agent.gd:222)
       [96] _assign_next_task (res://scripts/citizen_agent.gd:213)
       [97] _navigate_to (res://scripts/citizen_agent.gd:222)
       [98] _assign_next_task (res://scripts/citizen_agent.gd:213)
       [99] _navigate_to (res://scripts/citizen_agent.gd:222)
       [100] _assign_next_task (res://scripts/citizen_agent.gd:213)
       [101] _navigate_to (res://scripts/citizen_agent.gd:222)
       [102] _assign_next_task (res://scripts/citizen_agent.gd:213)
       [103] _navigate_to (res://scripts/citizen_agent.gd:222)
       [104] _assign_next_task (res://scripts/citizen_agent.gd:213)
       [105] _navigate_to (res://scripts/citizen_agent.gd:222)
       [106] _assign_next_task (res://scripts/citizen_agent.gd:213)
       [107] _navigate_to (res://scripts/citizen_agent.gd:222)
       [108] _assign_next_task (res://scripts/citizen_agent.gd:213)
       [109] _navigate_to (res://scripts/citizen_agent.gd:222)
       [110] _assign_next_task (res://scripts/citizen_agent.gd:213)
       [111] _navigate_to (res://scripts/citizen_agent.gd:222)
       [112] _assign_next_task (res://scripts/citizen_agent.gd:213)
       [113] _navigate_to (res://scripts/citizen_agent.gd:222)
       [114] _assign_next_task (res://scripts/citizen_agent.gd:213)
       [115] _navigate_to (res://scripts/citizen_agent.gd:222)
       [116] _assign_next_task (res://scripts/citizen_agent.gd:213)
       [117] _navigate_to (res://scripts/citizen_agent.gd:222)
       [118] _assign_next_task (res://scripts/citizen_agent.gd:213)
       [119] _navigate_to (res://scripts/citizen_agent.gd:222)
       [120] _assign_next_task (res://scripts/citizen_agent.gd:213)
       [121] _navigate_to (res://scripts/citizen_agent.gd:222)
       [122] _assign_next_task (res://scripts/citizen_agent.gd:213)
       [123] _navigate_to (res://scripts/citizen_agent.gd:222)
       [124] _assign_next_task (res://scripts/citizen_agent.gd:213)
       [125] _navigate_to (res://scripts/citizen_agent.gd:222)
       [126] _assign_next_task (res://scripts/citizen_agent.gd:213)
       [127] _navigate_to (res://scripts/citizen_agent.gd:222)
       [128] _assign_next_task (res://scripts/citizen_agent.gd:213)
       [129] _navigate_to (res://scripts/citizen_agent.gd:222)
       [130] _assign_next_task (res://scripts/citizen_agent.gd:213)
       [131] _navigate_to (res://scripts/citizen_agent.gd:222)
       [132] _assign_next_task (res://scripts/citizen_agent.gd:213)
       [133] _navigate_to (res://scripts/citizen_agent.gd:222)
       [134] _assign_next_task (res://scripts/citizen_agent.gd:213)
       [135] _navigate_to (res://scripts/citizen_agent.gd:222)
       [136] _assign_next_task (res://scripts/citizen_agent.gd:213)
       [137] _navigate_to (res://scripts/citizen_agent.gd:222)
       [138] _assign_next_task (res://scripts/citizen_agent.gd:213)
       [139] _navigate_to (res://scripts/citizen_agent.gd:222)
       [140] _assign_next_task (res://scripts/citizen_agent.gd:213)
       [141] _navigate_to (res://scripts/citizen_agent.gd:222)
       [142] _assign_next_task (res://scripts/citizen_agent.gd:213)
       [143] _navigate_to (res://scripts/citizen_agent.gd:222)
       [144] _assign_next_task (res://scripts/citizen_agent.gd:213)
       [145] _navigate_to (res://scripts/citizen_agent.gd:222)
       [146] _assign_next_task (res://scripts/citizen_agent.gd:213)
       [147] _navigate_to (res://scripts/citizen_agent.gd:222)
       [148] _assign_next_task (res://scripts/citizen_agent.gd:213)
       [149] _navigate_to (res://scripts/citizen_agent.gd:222)
       [150] _assign_next_task (res://scripts/citizen_agent.gd:213)
       [151] _navigate_to (res://scripts/citizen_agent.gd:222)
       [152] _assign_next_task (res://scripts/citizen_agent.gd:213)
       [153] _navigate_to (res://scripts/citizen_agent.gd:222)
       [154] _assign_next_task (res://scripts/citizen_agent.gd:213)
       [155] _navigate_to (res://scripts/citizen_agent.gd:222)
       [156] _assign_next_task (res://scripts/citizen_agent.gd:213)
       [157] _navigate_to (res://scripts/citizen_agent.gd:222)
       [158] _assign_next_task (res://scripts/citizen_agent.gd:213)
       [159] _navigate_to (res://scripts/citizen_agent.gd:222)
       [160] _assign_next_task (res://scripts/citizen_agent.gd:213)
       [161] _navigate_to (res://scripts/citizen_agent.gd:222)
       [162] _assign_next_task (res://scripts/citizen_agent.gd:213)
       [163] _navigate_to (res://scripts/citizen_agent.gd:222)
       [164] _assign_next_task (res://scripts/citizen_agent.gd:213)
       [165] _navigate_to (res://scripts/citizen_agent.gd:222)
       [166] _assign_next_task (res://scripts/citizen_agent.gd:213)
       [167] _navigate_to (res://scripts/citizen_agent.gd:222)
       [168] _assign_next_task (res://scripts/citizen_agent.gd:213)
       [169] _navigate_to (res://scripts/citizen_agent.gd:222)
       [170] _assign_next_task (res://scripts/citizen_agent.gd:213)
       [171] _navigate_to (res://scripts/citizen_agent.gd:222)
       [172] _assign_next_task (res://scripts/citizen_agent.gd:213)
       [173] _navigate_to (res://scripts/citizen_agent.gd:222)
       [174] _assign_next_task (res://scripts/citizen_agent.gd:213)
       [175] _navigate_to (res://scripts/citizen_agent.gd:222)
       [176] _assign_next_task (res://scripts/citizen_agent.gd:213)
       [177] _navigate_to (res://scripts/citizen_agent.gd:222)
       [178] _assign_next_task (res://scripts/citizen_agent.gd:213)
       [179] _navigate_to (res://scripts/citizen_agent.gd:222)
       [180] _assign_next_task (res://scripts/citizen_agent.gd:213)
       [181] _navigate_to (res://scripts/citizen_agent.gd:222)
       [182] _assign_next_task (res://scripts/citizen_agent.gd:213)
       [183] _navigate_to (res://scripts/citizen_agent.gd:222)
       [184] _assign_next_task (res://scripts/citizen_agent.gd:213)
       [185] _navigate_to (res://scripts/citizen_agent.gd:222)
       [186] _assign_next_task (res://scripts/citizen_agent.gd:213)
       [187] _navigate_to (res://scripts/citizen_agent.gd:222)
       [188] _assign_next_task (res://scripts/citizen_agent.gd:213)
       [189] _navigate_to (res://scripts/citizen_agent.gd:222)
       [190] _assign_next_task (res://scripts/citizen_agent.gd:213)
       [191] _navigate_to (res://scripts/citizen_agent.gd:222)
       [192] _assign_next_task (res://scripts/citizen_agent.gd:213)
       [193] _navigate_to (res://scripts/citizen_agent.gd:222)
       [194] _assign_next_task (res://scripts/citizen_agent.gd:213)
       [195] _navigate_to (res://scripts/citizen_agent.gd:222)
       [196] _assign_next_task (res://scripts/citizen_agent.gd:213)
       [197] _navigate_to (res://scripts/citizen_agent.gd:222)
       [198] _assign_next_task (res://scripts/citizen_agent.gd:213)
       [199] _navigate_to (res://scripts/citizen_agent.gd:222)
       [200] _assign_next_task (res://scripts/citizen_agent.gd:213)
       [201] _navigate_to (res://scripts/citizen_agent.gd:222)
       [202] _assign_next_task (res://scripts/citizen_agent.gd:213)
       [203] _navigate_to (res://scripts/citizen_agent.gd:222)
       [204] _assign_next_task (res://scripts/citizen_agent.gd:213)
       [205] _navigate_to (res://scripts/citizen_agent.gd:222)
       [206] _assign_next_task (res://scripts/citizen_agent.gd:213)
       [207] _navigate_to (res://scripts/citizen_agent.gd:222)
       [208] _assign_next_task (res://scripts/citizen_agent.gd:213)
       [209] _navigate_to (res://scripts/citizen_agent.gd:222)
       [210] _assign_next_task (res://scripts/citizen_agent.gd:213)
       [211] _navigate_to (res://scripts/citizen_agent.gd:222)
       [212] _assign_next_task (res://scripts/citizen_agent.gd:213)
       [213] _navigate_to (res://scripts/citizen_agent.gd:222)
       [214] _assign_next_task (res://scripts/citizen_agent.gd:213)
       [215] _navigate_to (res://scripts/citizen_agent.gd:222)
       [216] _assign_next_task (res://scripts/citizen_agent.gd:213)
       [217] _navigate_to (res://scripts/citizen_agent.gd:222)
       [218] _assign_next_task (res://scripts/citizen_agent.gd:213)
       [219] _navigate_to (res://scripts/citizen_agent.gd:222)
       [220] _assign_next_task (res://scripts/citizen_agent.gd:213)
       [221] _navigate_to (res://scripts/citizen_agent.gd:222)
       [222] _assign_next_task (res://scripts/citizen_agent.gd:213)
       [223] _navigate_to (res://scripts/citizen_agent.gd:222)
       [224] _assign_next_task (res://scripts/citizen_agent.gd:213)
       [225] _navigate_to (res://scripts/citizen_agent.gd:222)
       [226] _assign_next_task (res://scripts/citizen_agent.gd:213)
       [227] _navigate_to (res://scripts/citizen_agent.gd:222)
       [228] _assign_next_task (res://scripts/citizen_agent.gd:213)
       [229] _navigate_to (res://scripts/citizen_agent.gd:222)
       [230] _assign_next_task (res://scripts/citizen_agent.gd:213)
       [231] _navigate_to (res://scripts/citizen_agent.gd:222)
       [232] _assign_next_task (res://scripts/citizen_agent.gd:213)
       [233] _navigate_to (res://scripts/citizen_agent.gd:222)
       [234] _assign_next_task (res://scripts/citizen_agent.gd:213)
       [235] _navigate_to (res://scripts/citizen_agent.gd:222)
       [236] _assign_next_task (res://scripts/citizen_agent.gd:213)
       [237] _navigate_to (res://scripts/citizen_agent.gd:222)
       [238] _assign_next_task (res://scripts/citizen_agent.gd:213)
       [239] _navigate_to (res://scripts/citizen_agent.gd:222)
       [240] _assign_next_task (res://scripts/citizen_agent.gd:213)
       [241] _navigate_to (res://scripts/citizen_agent.gd:222)
       [242] _assign_next_task (res://scripts/citizen_agent.gd:213)
       [243] _navigate_to (res://scripts/citizen_agent.gd:222)
       [244] _assign_next_task (res://scripts/citizen_agent.gd:213)
       [245] _navigate_to (res://scripts/citizen_agent.gd:222)
       [246] _assign_next_task (res://scripts/citizen_agent.gd:213)
       [247] _navigate_to (res://scripts/citizen_agent.gd:222)
       [248] _assign_next_task (res://scripts/citizen_agent.gd:213)
       [249] _navigate_to (res://scripts/citizen_agent.gd:222)
       [250] _assign_next_task (res://scripts/citizen_agent.gd:213)
       [251] _navigate_to (res://scripts/citizen_agent.gd:222)
       [252] _assign_next_task (res://scripts/citizen_agent.gd:213)
       [253] _navigate_to (res://scripts/citizen_agent.gd:222)
       [254] _assign_next_task (res://scripts/citizen_agent.gd:213)
       [255] _navigate_to (res://scripts/citizen_agent.gd:222)
       [256] _assign_next_task (res://scripts/citizen_agent.gd:213)
       [257] _navigate_to (res://scripts/citizen_agent.gd:222)
       [258] _assign_next_task (res://scripts/citizen_agent.gd:213)
       [259] _navigate_to (res://scripts/citizen_agent.gd:222)
       [260] _assign_next_task (res://scripts/citizen_agent.gd:213)
       [261] _navigate_to (res://scripts/citizen_agent.gd:222)
       [262] _assign_next_task (res://scripts/citizen_agent.gd:213)
       [263] _navigate_to (res://scripts/citizen_agent.gd:222)
       [264] _assign_next_task (res://scripts/citizen_agent.gd:213)
       [265] _navigate_to (res://scripts/citizen_agent.gd:222)
       [266] _assign_next_task (res://scripts/citizen_agent.gd:213)
       [267] _navigate_to (res://scripts/citizen_agent.gd:222)
       [268] _assign_next_task (res://scripts/citizen_agent.gd:213)
       [269] _navigate_to (res://scripts/citizen_agent.gd:222)
       [270] _assign_next_task (res://scripts/citizen_agent.gd:213)
       [271] _navigate_to (res://scripts/citizen_agent.gd:222)
       [272] _assign_next_task (res://scripts/citizen_agent.gd:213)
       [273] _navigate_to (res://scripts/citizen_agent.gd:222)
       [274] _assign_next_task (res://scripts/citizen_agent.gd:213)
       [275] _navigate_to (res://scripts/citizen_agent.gd:222)
       [276] _assign_next_task (res://scripts/citizen_agent.gd:213)
       [277] _navigate_to (res://scripts/citizen_agent.gd:222)
       [278] _assign_next_task (res://scripts/citizen_agent.gd:213)
       [279] _navigate_to (res://scripts/citizen_agent.gd:222)
       [280] _assign_next_task (res://scripts/citizen_agent.gd:213)
       [281] _navigate_to (res://scripts/citizen_agent.gd:222)
       [282] _assign_next_task (res://scripts/citizen_agent.gd:213)
       [283] _navigate_to (res://scripts/citizen_agent.gd:222)
       [284] _assign_next_task (res://scripts/citizen_agent.gd:213)
       [285] _navigate_to (res://scripts/citizen_agent.gd:222)
       [286] _assign_next_task (res://scripts/citizen_agent.gd:213)
       [287] _navigate_to (res://scripts/citizen_agent.gd:222)
       [288] _assign_next_task (res://scripts/citizen_agent.gd:213)
       [289] _navigate_to (res://scripts/citizen_agent.gd:222)
       [290] _assign_next_task (res://scripts/citizen_agent.gd:213)
       [291] _navigate_to (res://scripts/citizen_agent.gd:222)
       [292] _assign_next_task (res://scripts/citizen_agent.gd:213)
       [293] _navigate_to (res://scripts/citizen_agent.gd:222)
       [294] _assign_next_task (res://scripts/citizen_agent.gd:213)
       [295] _navigate_to (res://scripts/citizen_agent.gd:222)
       [296] _assign_next_task (res://scripts/citizen_agent.gd:213)
       [297] _navigate_to (res://scripts/citizen_agent.gd:222)
       [298] _assign_next_task (res://scripts/citizen_agent.gd:213)
       [299] _navigate_to (res://scripts/citizen_agent.gd:222)
       [300] _assign_next_task (res://scripts/citizen_agent.gd:213)
       [301] _navigate_to (res://scripts/citizen_agent.gd:222)
       [302] _assign_next_task (res://scripts/citizen_agent.gd:213)
       [303] _navigate_to (res://scripts/citizen_agent.gd:222)
       [304] _assign_next_task (res://scripts/citizen_agent.gd:213)
       [305] _navigate_to (res://scripts/citizen_agent.gd:222)
       [306] _assign_next_task (res://scripts/citizen_agent.gd:213)
       [307] _navigate_to (res://scripts/citizen_agent.gd:222)
       [308] _assign_next_task (res://scripts/citizen_agent.gd:213)
       [309] _navigate_to (res://scripts/citizen_agent.gd:222)
       [310] _assign_next_task (res://scripts/citizen_agent.gd:213)
       [311] _navigate_to (res://scripts/citizen_agent.gd:222)
       [312] _assign_next_task (res://scripts/citizen_agent.gd:213)
       [313] _navigate_to (res://scripts/citizen_agent.gd:222)
       [314] _assign_next_task (res://scripts/citizen_agent.gd:213)
       [315] _navigate_to (res://scripts/citizen_agent.gd:222)
       [316] _assign_next_task (res://scripts/citizen_agent.gd:213)
       [317] _navigate_to (res://scripts/citizen_agent.gd:222)
       [318] _assign_next_task (res://scripts/citizen_agent.gd:213)
       [319] _navigate_to (res://scripts/citizen_agent.gd:222)
       [320] _assign_next_task (res://scripts/citizen_agent.gd:213)
       [321] _navigate_to (res://scripts/citizen_agent.gd:222)
       [322] _assign_next_task (res://scripts/citizen_agent.gd:213)
       [323] _navigate_to (res://scripts/citizen_agent.gd:222)
       [324] _assign_next_task (res://scripts/citizen_agent.gd:213)
       [325] _navigate_to (res://scripts/citizen_agent.gd:222)
       [326] _assign_next_task (res://scripts/citizen_agent.gd:213)
       [327] _navigate_to (res://scripts/citizen_agent.gd:222)
       [328] _assign_next_task (res://scripts/citizen_agent.gd:213)
       [329] _navigate_to (res://scripts/citizen_agent.gd:222)
       [330] _assign_next_task (res://scripts/citizen_agent.gd:213)
       [331] _navigate_to (res://scripts/citizen_agent.gd:222)
       [332] _assign_next_task (res://scripts/citizen_agent.gd:213)
       [333] _navigate_to (res://scripts/citizen_agent.gd:222)
       [334] _assign_next_task (res://scripts/citizen_agent.gd:213)
       [335] _navigate_to (res://scripts/citizen_agent.gd:222)
       [336] _assign_next_task (res://scripts/citizen_agent.gd:213)
       [337] _navigate_to (res://scripts/citizen_agent.gd:222)
       [338] _assign_next_task (res://scripts/citizen_agent.gd:213)
       [339] _navigate_to (res://scripts/citizen_agent.gd:222)
       [340] _assign_next_task (res://scripts/citizen_agent.gd:213)
       [341] _navigate_to (res://scripts/citizen_agent.gd:222)
       [342] _assign_next_task (res://scripts/citizen_agent.gd:213)
       [343] _navigate_to (res://scripts/citizen_agent.gd:222)
       [344] _assign_next_task (res://scripts/citizen_agent.gd:213)
       [345] _navigate_to (res://scripts/citizen_agent.gd:222)
       [346] _assign_next_task (res://scripts/citizen_agent.gd:213)
       [347] _navigate_to (res://scripts/citizen_agent.gd:222)
       [348] _assign_next_task (res://scripts/citizen_agent.gd:213)
       [349] _navigate_to (res://scripts/citizen_agent.gd:222)
       [350] _assign_next_task (res://scripts/citizen_agent.gd:213)
       [351] _navigate_to (res://scripts/citizen_agent.gd:222)
       [352] _assign_next_task (res://scripts/citizen_agent.gd:213)
       [353] _navigate_to (res://scripts/citizen_agent.gd:222)
       [354] _assign_next_task (res://scripts/citizen_agent.gd:213)
       [355] _navigate_to (res://scripts/citizen_agent.gd:222)
       [356] _assign_next_task (res://scripts/citizen_agent.gd:213)
       [357] _navigate_to (res://scripts/citizen_agent.gd:222)
       [358] _assign_next_task (res://scripts/citizen_agent.gd:213)
       [359] _navigate_to (res://scripts/citizen_agent.gd:222)
       [360] _assign_next_task (res://scripts/citizen_agent.gd:213)
       [361] _navigate_to (res://scripts/citizen_agent.gd:222)
       [362] _assign_next_task (res://scripts/citizen_agent.gd:213)
       [363] _navigate_to (res://scripts/citizen_agent.gd:222)
       [364] _assign_next_task (res://scripts/citizen_agent.gd:213)
       [365] _navigate_to (res://scripts/citizen_agent.gd:222)
       [366] _assign_next_task (res://scripts/citizen_agent.gd:213)
       [367] _navigate_to (res://scripts/citizen_agent.gd:222)
       [368] _assign_next_task (res://scripts/citizen_agent.gd:213)
       [369] _navigate_to (res://scripts/citizen_agent.gd:222)
       [370] _assign_next_task (res://scripts/citizen_agent.gd:213)
       [371] _navigate_to (res://scripts/citizen_agent.gd:222)
       [372] _assign_next_task (res://scripts/citizen_agent.gd:213)
       [373] _navigate_to (res://scripts/citizen_agent.gd:222)
       [374] _assign_next_task (res://scripts/citizen_agent.gd:213)
       [375] _navigate_to (res://scripts/citizen_agent.gd:222)
       [376] _assign_next_task (res://scripts/citizen_agent.gd:213)
       [377] _navigate_to (res://scripts/citizen_agent.gd:222)
       [378] _assign_next_task (res://scripts/citizen_agent.gd:213)
       [379] _navigate_to (res://scripts/citizen_agent.gd:222)
       [380] _assign_next_task (res://scripts/citizen_agent.gd:213)
       [381] _navigate_to (res://scripts/citizen_agent.gd:222)
       [382] _assign_next_task (res://scripts/citizen_agent.gd:213)
       [383] _navigate_to (res://scripts/citizen_agent.gd:222)
       [384] _assign_next_task (res://scripts/citizen_agent.gd:213)
       [385] _navigate_to (res://scripts/citizen_agent.gd:222)
       [386] _assign_next_task (res://scripts/citizen_agent.gd:213)
       [387] _navigate_to (res://scripts/citizen_agent.gd:222)
       [388] _assign_next_task (res://scripts/citizen_agent.gd:213)
       [389] _navigate_to (res://scripts/citizen_agent.gd:222)
       [390] _assign_next_task (res://scripts/citizen_agent.gd:213)
       [391] _navigate_to (res://scripts/citizen_agent.gd:222)
       [392] _assign_next_task (res://scripts/citizen_agent.gd:213)
       [393] _navigate_to (res://scripts/citizen_agent.gd:222)
       [394] _assign_next_task (res://scripts/citizen_agent.gd:213)
       [395] _navigate_to (res://scripts/citizen_agent.gd:222)
       [396] _assign_next_task (res://scripts/citizen_agent.gd:213)
       [397] _navigate_to (res://scripts/citizen_agent.gd:222)
       [398] _assign_next_task (res://scripts/citizen_agent.gd:213)
       [399] _navigate_to (res://scripts/citizen_agent.gd:222)
       [400] _assign_next_task (res://scripts/citizen_agent.gd:213)
       [401] _navigate_to (res://scripts/citizen_agent.gd:222)
       [402] _assign_next_task (res://scripts/citizen_agent.gd:213)
       [403] _navigate_to (res://scripts/citizen_agent.gd:222)
       [404] _assign_next_task (res://scripts/citizen_agent.gd:213)
       [405] _navigate_to (res://scripts/citizen_agent.gd:222)
       [406] _assign_next_task (res://scripts/citizen_agent.gd:213)
       [407] _navigate_to (res://scripts/citizen_agent.gd:222)
       [408] _assign_next_task (res://scripts/citizen_agent.gd:213)
       [409] _navigate_to (res://scripts/citizen_agent.gd:222)
       [410] _assign_next_task (res://scripts/citizen_agent.gd:213)
       [411] _navigate_to (res://scripts/citizen_agent.gd:222)
       [412] _assign_next_task (res://scripts/citizen_agent.gd:213)
       [413] _navigate_to (res://scripts/citizen_agent.gd:222)
       [414] _assign_next_task (res://scripts/citizen_agent.gd:213)
       [415] _navigate_to (res://scripts/citizen_agent.gd:222)
       [416] _assign_next_task (res://scripts/citizen_agent.gd:213)
       [417] _navigate_to (res://scripts/citizen_agent.gd:222)
       [418] _assign_next_task (res://scripts/citizen_agent.gd:213)
       [419] _navigate_to (res://scripts/citizen_agent.gd:222)
       [420] _assign_next_task (res://scripts/citizen_agent.gd:213)
       [421] _navigate_to (res://scripts/citizen_agent.gd:222)
       [422] _assign_next_task (res://scripts/citizen_agent.gd:213)
       [423] _navigate_to (res://scripts/citizen_agent.gd:222)
       [424] _assign_next_task (res://scripts/citizen_agent.gd:213)
       [425] _navigate_to (res://scripts/citizen_agent.gd:222)
       [426] _assign_next_task (res://scripts/citizen_agent.gd:213)
       [427] _navigate_to (res://scripts/citizen_agent.gd:222)
       [428] _assign_next_task (res://scripts/citizen_agent.gd:213)
       [429] _navigate_to (res://scripts/citizen_agent.gd:222)
       [430] _assign_next_task (res://scripts/citizen_agent.gd:213)
       [431] _navigate_to (res://scripts/citizen_agent.gd:222)
       [432] _assign_next_task (res://scripts/citizen_agent.gd:213)
       [433] _navigate_to (res://scripts/citizen_agent.gd:222)
       [434] _assign_next_task (res://scripts/citizen_agent.gd:213)
       [435] _navigate_to (res://scripts/citizen_agent.gd:222)
       [436] _assign_next_task (res://scripts/citizen_agent.gd:213)
       [437] _navigate_to (res://scripts/citizen_agent.gd:222)
       [438] _assign_next_task (res://scripts/citizen_agent.gd:213)
       [439] _navigate_to (res://scripts/citizen_agent.gd:222)
       [440] _assign_next_task (res://scripts/citizen_agent.gd:213)
       [441] _navigate_to (res://scripts/citizen_agent.gd:222)
       [442] _assign_next_task (res://scripts/citizen_agent.gd:213)
       [443] _navigate_to (res://scripts/citizen_agent.gd:222)
       [444] _assign_next_task (res://scripts/citizen_agent.gd:213)
       [445] _navigate_to (res://scripts/citizen_agent.gd:222)
       [446] _assign_next_task (res://scripts/citizen_agent.gd:213)
       [447] _navigate_to (res://scripts/citizen_agent.gd:222)
       [448] _assign_next_task (res://scripts/citizen_agent.gd:213)
       [449] _navigate_to (res://scripts/citizen_agent.gd:222)
       [450] _assign_next_task (res://scripts/citizen_agent.gd:213)
       [451] _navigate_to (res://scripts/citizen_agent.gd:222)
       [452] _assign_next_task (res://scripts/citizen_agent.gd:213)
       [453] _navigate_to (res://scripts/citizen_agent.gd:222)
       [454] _assign_next_task (res://scripts/citizen_agent.gd:213)
       [455] _navigate_to (res://scripts/citizen_agent.gd:222)
       [456] _assign_next_task (res://scripts/citizen_agent.gd:213)
       [457] _navigate_to (res://scripts/citizen_agent.gd:222)
       [458] _assign_next_task (res://scripts/citizen_agent.gd:213)
       [459] _navigate_to (res://scripts/citizen_agent.gd:222)
       [460] _assign_next_task (res://scripts/citizen_agent.gd:213)
       [461] _navigate_to (res://scripts/citizen_agent.gd:222)
       [462] _assign_next_task (res://scripts/citizen_agent.gd:213)
       [463] _navigate_to (res://scripts/citizen_agent.gd:222)
       [464] _assign_next_task (res://scripts/citizen_agent.gd:213)
       [465] _navigate_to (res://scripts/citizen_agent.gd:222)
       [466] _assign_next_task (res://scripts/citizen_agent.gd:213)
       [467] _navigate_to (res://scripts/citizen_agent.gd:222)
       [468] _assign_next_task (res://scripts/citizen_agent.gd:213)
       [469] _navigate_to (res://scripts/citizen_agent.gd:222)
       [470] _assign_next_task (res://scripts/citizen_agent.gd:213)
       [471] _navigate_to (res://scripts/citizen_agent.gd:222)
       [472] _assign_next_task (res://scripts/citizen_agent.gd:213)
       [473] _navigate_to (res://scripts/citizen_agent.gd:222)
       [474] _assign_next_task (res://scripts/citizen_agent.gd:213)
       [475] _navigate_to (res://scripts/citizen_agent.gd:222)
       [476] _assign_next_task (res://scripts/citizen_agent.gd:213)
       [477] _navigate_to (res://scripts/citizen_agent.gd:222)
       [478] _assign_next_task (res://scripts/citizen_agent.gd:213)
       [479] _navigate_to (res://scripts/citizen_agent.gd:222)
       [480] _assign_next_task (res://scripts/citizen_agent.gd:213)
       [481] _navigate_to (res://scripts/citizen_agent.gd:222)
       [482] _assign_next_task (res://scripts/citizen_agent.gd:213)
       [483] _navigate_to (res://scripts/citizen_agent.gd:222)
       [484] _assign_next_task (res://scripts/citizen_agent.gd:213)
       [485] _navigate_to (res://scripts/citizen_agent.gd:222)
       [486] _assign_next_task (res://scripts/citizen_agent.gd:213)
       [487] _navigate_to (res://scripts/citizen_agent.gd:222)
       [488] _assign_next_task (res://scripts/citizen_agent.gd:213)
       [489] _navigate_to (res://scripts/citizen_agent.gd:222)
       [490] _assign_next_task (res://scripts/citizen_agent.gd:213)
       [491] _navigate_to (res://scripts/citizen_agent.gd:222)
       [492] _assign_next_task (res://scripts/citizen_agent.gd:213)
       [493] _navigate_to (res://scripts/citizen_agent.gd:222)
       [494] _assign_next_task (res://scripts/citizen_agent.gd:213)
       [495] _navigate_to (res://scripts/citizen_agent.gd:222)
       [496] _assign_next_task (res://scripts/citizen_agent.gd:213)
       [497] _navigate_to (res://scripts/citizen_agent.gd:222)
       [498] _assign_next_task (res://scripts/citizen_agent.gd:213)
       [499] _navigate_to (res://scripts/citizen_agent.gd:222)
       [500] _assign_next_task (res://scripts/citizen_agent.gd:213)
       [501] _navigate_to (res://scripts/citizen_agent.gd:222)
       [502] _assign_next_task (res://scripts/citizen_agent.gd:213)
       [503] _navigate_to (res://scripts/citizen_agent.gd:222)
       [504] _assign_next_task (res://scripts/citizen_agent.gd:213)
       [505] _navigate_to (res://scripts/citizen_agent.gd:222)
       [506] _assign_next_task (res://scripts/citizen_agent.gd:213)
       [507] _navigate_to (res://scripts/citizen_agent.gd:222)
       [508] _assign_next_task (res://scripts/citizen_agent.gd:213)
       [509] _navigate_to (res://scripts/citizen_agent.gd:222)
       [510] _assign_next_task (res://scripts/citizen_agent.gd:213)
       [511] _navigate_to (res://scripts/citizen_agent.gd:222)
       [512] _assign_next_task (res://scripts/citizen_agent.gd:213)
       [513] _navigate_to (res://scripts/citizen_agent.gd:222)
       [514] _assign_next_task (res://scripts/citizen_agent.gd:213)
       [515] _navigate_to (res://scripts/citizen_agent.gd:222)
       [516] _assign_next_task (res://scripts/citizen_agent.gd:213)
       [517] _navigate_to (res://scripts/citizen_agent.gd:222)
       [518] _assign_next_task (res://scripts/citizen_agent.gd:213)
       [519] _navigate_to (res://scripts/citizen_agent.gd:222)
       [520] _assign_next_task (res://scripts/citizen_agent.gd:213)
       [521] _navigate_to (res://scripts/citizen_agent.gd:222)
       [522] _assign_next_task (res://scripts/citizen_agent.gd:213)
       [523] _navigate_to (res://scripts/citizen_agent.gd:222)
       [524] _assign_next_task (res://scripts/citizen_agent.gd:213)
       [525] _navigate_to (res://scripts/citizen_agent.gd:222)
       [526] _assign_next_task (res://scripts/citizen_agent.gd:213)
       [527] _navigate_to (res://scripts/citizen_agent.gd:222)
       [528] _assign_next_task (res://scripts/citizen_agent.gd:213)
       [529] _navigate_to (res://scripts/citizen_agent.gd:222)
       [530] _assign_next_task (res://scripts/citizen_agent.gd:213)
       [531] _navigate_to (res://scripts/citizen_agent.gd:222)
       [532] _assign_next_task (res://scripts/citizen_agent.gd:213)
       [533] _navigate_to (res://scripts/citizen_agent.gd:222)
       [534] _assign_next_task (res://scripts/citizen_agent.gd:213)
       [535] _navigate_to (res://scripts/citizen_agent.gd:222)
       [536] _assign_next_task (res://scripts/citizen_agent.gd:213)
       [537] _navigate_to (res://scripts/citizen_agent.gd:222)
       [538] _assign_next_task (res://scripts/citizen_agent.gd:213)
       [539] _navigate_to (res://scripts/citizen_agent.gd:222)
       [540] _assign_next_task (res://scripts/citizen_agent.gd:213)
       [541] _navigate_to (res://scripts/citizen_agent.gd:222)
       [542] _assign_next_task (res://scripts/citizen_agent.gd:213)
       [543] _navigate_to (res://scripts/citizen_agent.gd:222)
       [544] _assign_next_task (res://scripts/citizen_agent.gd:213)
       [545] _navigate_to (res://scripts/citizen_agent.gd:222)
       [546] _assign_next_task (res://scripts/citizen_agent.gd:213)
       [547] _navigate_to (res://scripts/citizen_agent.gd:222)
       [548] _assign_next_task (res://scripts/citizen_agent.gd:213)
       [549] _navigate_to (res://scripts/citizen_agent.gd:222)
       [550] _assign_next_task (res://scripts/citizen_agent.gd:213)
       [551] _navigate_to (res://scripts/citizen_agent.gd:222)
       [552] _assign_next_task (res://scripts/citizen_agent.gd:213)
       [553] _navigate_to (res://scripts/citizen_agent.gd:222)
       [554] _assign_next_task (res://scripts/citizen_agent.gd:213)
       [555] _navigate_to (res://scripts/citizen_agent.gd:222)
       [556] _assign_next_task (res://scripts/citizen_agent.gd:213)
       [557] _navigate_to (res://scripts/citizen_agent.gd:222)
       [558] _assign_next_task (res://scripts/citizen_agent.gd:213)
       [559] _navigate_to (res://scripts/citizen_agent.gd:222)
       [560] _assign_next_task (res://scripts/citizen_agent.gd:213)
       [561] _navigate_to (res://scripts/citizen_agent.gd:222)
       [562] _assign_next_task (res://scripts/citizen_agent.gd:213)
       [563] _navigate_to (res://scripts/citizen_agent.gd:222)
       [564] _assign_next_task (res://scripts/citizen_agent.gd:213)
       [565] _navigate_to (res://scripts/citizen_agent.gd:222)
       [566] _assign_next_task (res://scripts/citizen_agent.gd:213)
       [567] _navigate_to (res://scripts/citizen_agent.gd:222)
       [568] _assign_next_task (res://scripts/citizen_agent.gd:213)
       [569] _navigate_to (res://scripts/citizen_agent.gd:222)
       [570] _assign_next_task (res://scripts/citizen_agent.gd:213)
       [571] _navigate_to (res://scripts/citizen_agent.gd:222)
       [572] _assign_next_task (res://scripts/citizen_agent.gd:213)
       [573] _navigate_to (res://scripts/citizen_agent.gd:222)
       [574] _assign_next_task (res://scripts/citizen_agent.gd:213)
       [575] _navigate_to (res://scripts/citizen_agent.gd:222)
       [576] _assign_next_task (res://scripts/citizen_agent.gd:213)
       [577] _navigate_to (res://scripts/citizen_agent.gd:222)
       [578] _assign_next_task (res://scripts/citizen_agent.gd:213)
       [579] _navigate_to (res://scripts/citizen_agent.gd:222)
       [580] _assign_next_task (res://scripts/citizen_agent.gd:213)
       [581] _navigate_to (res://scripts/citizen_agent.gd:222)
       [582] _assign_next_task (res://scripts/citizen_agent.gd:213)
       [583] _navigate_to (res://scripts/citizen_agent.gd:222)
       [584] _assign_next_task (res://scripts/citizen_agent.gd:213)
       [585] _navigate_to (res://scripts/citizen_agent.gd:222)
       [586] _assign_next_task (res://scripts/citizen_agent.gd:213)
       [587] _navigate_to (res://scripts/citizen_agent.gd:222)
       [588] _assign_next_task (res://scripts/citizen_agent.gd:213)
       [589] _navigate_to (res://scripts/citizen_agent.gd:222)
       [590] _assign_next_task (res://scripts/citizen_agent.gd:213)
       [591] _navigate_to (res://scripts/citizen_agent.gd:222)
       [592] _assign_next_task (res://scripts/citizen_agent.gd:213)
       [593] _navigate_to (res://scripts/citizen_agent.gd:222)
       [594] _assign_next_task (res://scripts/citizen_agent.gd:213)
       [595] _navigate_to (res://scripts/citizen_agent.gd:222)
       [596] _assign_next_task (res://scripts/citizen_agent.gd:213)
       [597] _navigate_to (res://scripts/citizen_agent.gd:222)
       [598] _assign_next_task (res://scripts/citizen_agent.gd:213)
       [599] _navigate_to (res://scripts/citizen_agent.gd:222)
       [600] _assign_next_task (res://scripts/citizen_agent.gd:213)
       [601] _navigate_to (res://scripts/citizen_agent.gd:222)
       [602] _assign_next_task (res://scripts/citizen_agent.gd:213)
       [603] _navigate_to (res://scripts/citizen_agent.gd:222)
       [604] _assign_next_task (res://scripts/citizen_agent.gd:213)
       [605] _navigate_to (res://scripts/citizen_agent.gd:222)
       [606] _assign_next_task (res://scripts/citizen_agent.gd:213)
       [607] _navigate_to (res://scripts/citizen_agent.gd:222)
       [608] _assign_next_task (res://scripts/citizen_agent.gd:213)
       [609] _navigate_to (res://scripts/citizen_agent.gd:222)
       [610] _assign_next_task (res://scripts/citizen_agent.gd:213)
       [611] _navigate_to (res://scripts/citizen_agent.gd:222)
       [612] _assign_next_task (res://scripts/citizen_agent.gd:213)
       [613] _navigate_to (res://scripts/citizen_agent.gd:222)
       [614] _assign_next_task (res://scripts/citizen_agent.gd:213)
       [615] _navigate_to (res://scripts/citizen_agent.gd:222)
       [616] _assign_next_task (res://scripts/citizen_agent.gd:213)
       [617] _navigate_to (res://scripts/citizen_agent.gd:222)
       [618] _assign_next_task (res://scripts/citizen_agent.gd:213)
       [619] _navigate_to (res://scripts/citizen_agent.gd:222)
       [620] _assign_next_task (res://scripts/citizen_agent.gd:213)
       [621] _navigate_to (res://scripts/citizen_agent.gd:222)
       [622] _assign_next_task (res://scripts/citizen_agent.gd:213)
       [623] _navigate_to (res://scripts/citizen_agent.gd:222)
       [624] _assign_next_task (res://scripts/citizen_agent.gd:213)
       [625] _navigate_to (res://scripts/citizen_agent.gd:222)
       [626] _assign_next_task (res://scripts/citizen_agent.gd:213)
       [627] _navigate_to (res://scripts/citizen_agent.gd:222)
       [628] _assign_next_task (res://scripts/citizen_agent.gd:213)
       [629] _navigate_to (res://scripts/citizen_agent.gd:222)
       [630] _assign_next_task (res://scripts/citizen_agent.gd:213)
       [631] _navigate_to (res://scripts/citizen_agent.gd:222)
       [632] _assign_next_task (res://scripts/citizen_agent.gd:213)
       [633] _navigate_to (res://scripts/citizen_agent.gd:222)
       [634] _assign_next_task (res://scripts/citizen_agent.gd:213)
       [635] _navigate_to (res://scripts/citizen_agent.gd:222)
       [636] _assign_next_task (res://scripts/citizen_agent.gd:213)
       [637] _navigate_to (res://scripts/citizen_agent.gd:222)
       [638] _assign_next_task (res://scripts/citizen_agent.gd:213)
       [639] _navigate_to (res://scripts/citizen_agent.gd:222)
       [640] _assign_next_task (res://scripts/citizen_agent.gd:213)
       [641] _navigate_to (res://scripts/citizen_agent.gd:222)
       [642] _assign_next_task (res://scripts/citizen_agent.gd:213)
       [643] _navigate_to (res://scripts/citizen_agent.gd:222)
       [644] _assign_next_task (res://scripts/citizen_agent.gd:213)
       [645] _navigate_to (res://scripts/citizen_agent.gd:222)
       [646] _assign_next_task (res://scripts/citizen_agent.gd:213)
       [647] _navigate_to (res://scripts/citizen_agent.gd:222)
       [648] _assign_next_task (res://scripts/citizen_agent.gd:213)
       [649] _navigate_to (res://scripts/citizen_agent.gd:222)
       [650] _assign_next_task (res://scripts/citizen_agent.gd:213)
       [651] _navigate_to (res://scripts/citizen_agent.gd:222)
       [652] _assign_next_task (res://scripts/citizen_agent.gd:213)
       [653] _navigate_to (res://scripts/citizen_agent.gd:222)
       [654] _assign_next_task (res://scripts/citizen_agent.gd:213)
       [655] _navigate_to (res://scripts/citizen_agent.gd:222)
       [656] _assign_next_task (res://scripts/citizen_agent.gd:213)
       [657] _navigate_to (res://scripts/citizen_agent.gd:222)
       [658] _assign_next_task (res://scripts/citizen_agent.gd:213)
       [659] _navigate_to (res://scripts/citizen_agent.gd:222)
       [660] _assign_next_task (res://scripts/citizen_agent.gd:213)
       [661] _navigate_to (res://scripts/citizen_agent.gd:222)
       [662] _assign_next_task (res://scripts/citizen_agent.gd:213)
       [663] _navigate_to (res://scripts/citizen_agent.gd:222)
       [664] _assign_next_task (res://scripts/citizen_agent.gd:213)
       [665] _navigate_to (res://scripts/citizen_agent.gd:222)
       [666] _assign_next_task (res://scripts/citizen_agent.gd:213)
       [667] _navigate_to (res://scripts/citizen_agent.gd:222)
       [668] _assign_next_task (res://scripts/citizen_agent.gd:213)
       [669] _navigate_to (res://scripts/citizen_agent.gd:222)
       [670] _assign_next_task (res://scripts/citizen_agent.gd:213)
       [671] _navigate_to (res://scripts/citizen_agent.gd:222)
       [672] _assign_next_task (res://scripts/citizen_agent.gd:213)
       [673] _navigate_to (res://scripts/citizen_agent.gd:222)
       [674] _assign_next_task (res://scripts/citizen_agent.gd:213)
       [675] _navigate_to (res://scripts/citizen_agent.gd:222)
       [676] _assign_next_task (res://scripts/citizen_agent.gd:213)
       [677] _navigate_to (res://scripts/citizen_agent.gd:222)
       [678] _assign_next_task (res://scripts/citizen_agent.gd:213)
       [679] _navigate_to (res://scripts/citizen_agent.gd:222)
       [680] _assign_next_task (res://scripts/citizen_agent.gd:213)
       [681] _navigate_to (res://scripts/citizen_agent.gd:222)
       [682] _assign_next_task (res://scripts/citizen_agent.gd:213)
       [683] _navigate_to (res://scripts/citizen_agent.gd:222)
       [684] _assign_next_task (res://scripts/citizen_agent.gd:213)
       [685] _navigate_to (res://scripts/citizen_agent.gd:222)
       [686] _assign_next_task (res://scripts/citizen_agent.gd:213)
       [687] _navigate_to (res://scripts/citizen_agent.gd:222)
       [688] _assign_next_task (res://scripts/citizen_agent.gd:213)
       [689] _navigate_to (res://scripts/citizen_agent.gd:222)
       [690] _assign_next_task (res://scripts/citizen_agent.gd:213)
       [691] _navigate_to (res://scripts/citizen_agent.gd:222)
       [692] _assign_next_task (res://scripts/citizen_agent.gd:213)
       [693] _navigate_to (res://scripts/citizen_agent.gd:222)
       [694] _assign_next_task (res://scripts/citizen_agent.gd:213)
       [695] _navigate_to (res://scripts/citizen_agent.gd:222)
       [696] _assign_next_task (res://scripts/citizen_agent.gd:213)
       [697] _navigate_to (res://scripts/citizen_agent.gd:222)
       [698] _assign_next_task (res://scripts/citizen_agent.gd:213)
       [699] _navigate_to (res://scripts/citizen_agent.gd:222)
       [700] _assign_next_task (res://scripts/citizen_agent.gd:213)
       [701] _navigate_to (res://scripts/citizen_agent.gd:222)
       [702] _assign_next_task (res://scripts/citizen_agent.gd:213)
       [703] _navigate_to (res://scripts/citizen_agent.gd:222)
       [704] _assign_next_task (res://scripts/citizen_agent.gd:213)
       [705] _navigate_to (res://scripts/citizen_agent.gd:222)
       [706] _assign_next_task (res://scripts/citizen_agent.gd:213)
       [707] _navigate_to (res://scripts/citizen_agent.gd:222)
       [708] _assign_next_task (res://scripts/citizen_agent.gd:213)
       [709] _navigate_to (res://scripts/citizen_agent.gd:222)
       [710] _assign_next_task (res://scripts/citizen_agent.gd:213)
       [711] _navigate_to (res://scripts/citizen_agent.gd:222)
       [712] _assign_next_task (res://scripts/citizen_agent.gd:213)
       [713] _navigate_to (res://scripts/citizen_agent.gd:222)
       [714] _assign_next_task (res://scripts/citizen_agent.gd:213)
       [715] _navigate_to (res://scripts/citizen_agent.gd:222)
       [716] _assign_next_task (res://scripts/citizen_agent.gd:213)
       [717] _navigate_to (res://scripts/citizen_agent.gd:222)
       [718] _assign_next_task (res://scripts/citizen_agent.gd:213)
       [719] _navigate_to (res://scripts/citizen_agent.gd:222)
       [720] _assign_next_task (res://scripts/citizen_agent.gd:213)
       [721] _navigate_to (res://scripts/citizen_agent.gd:222)
       [722] _assign_next_task (res://scripts/citizen_agent.gd:213)
       [723] _navigate_to (res://scripts/citizen_agent.gd:222)
       [724] _assign_next_task (res://scripts/citizen_agent.gd:213)
       [725] _navigate_to (res://scripts/citizen_agent.gd:222)
       [726] _assign_next_task (res://scripts/citizen_agent.gd:213)
       [727] _navigate_to (res://scripts/citizen_agent.gd:222)
       [728] _assign_next_task (res://scripts/citizen_agent.gd:213)
       [729] _navigate_to (res://scripts/citizen_agent.gd:222)
       [730] _assign_next_task (res://scripts/citizen_agent.gd:213)
       [731] _navigate_to (res://scripts/citizen_agent.gd:222)
       [732] _assign_next_task (res://scripts/citizen_agent.gd:213)
       [733] _navigate_to (res://scripts/citizen_agent.gd:222)
       [734] _assign_next_task (res://scripts/citizen_agent.gd:213)
       [735] _navigate_to (res://scripts/citizen_agent.gd:222)
       [736] _assign_next_task (res://scripts/citizen_agent.gd:213)
       [737] _navigate_to (res://scripts/citizen_agent.gd:222)
       [738] _assign_next_task (res://scripts/citizen_agent.gd:213)
       [739] _navigate_to (res://scripts/citizen_agent.gd:222)
       [740] _assign_next_task (res://scripts/citizen_agent.gd:213)
       [741] _navigate_to (res://scripts/citizen_agent.gd:222)
       [742] _assign_next_task (res://scripts/citizen_agent.gd:213)
       [743] _navigate_to (res://scripts/citizen_agent.gd:222)
       [744] _assign_next_task (res://scripts/citizen_agent.gd:213)
       [745] _navigate_to (res://scripts/citizen_agent.gd:222)
       [746] _assign_next_task (res://scripts/citizen_agent.gd:213)
       [747] _navigate_to (res://scripts/citizen_agent.gd:222)
       [748] _assign_next_task (res://scripts/citizen_agent.gd:213)
       [749] _navigate_to (res://scripts/citizen_agent.gd:222)
       [750] _assign_next_task (res://scripts/citizen_agent.gd:213)
       [751] _navigate_to (res://scripts/citizen_agent.gd:222)
       [752] _assign_next_task (res://scripts/citizen_agent.gd:213)
       [753] _navigate_to (res://scripts/citizen_agent.gd:222)
       [754] _assign_next_task (res://scripts/citizen_agent.gd:213)
       [755] _navigate_to (res://scripts/citizen_agent.gd:222)
       [756] _assign_next_task (res://scripts/citizen_agent.gd:213)
       [757] _navigate_to (res://scripts/citizen_agent.gd:222)
       [758] _assign_next_task (res://scripts/citizen_agent.gd:213)
       [759] _navigate_to (res://scripts/citizen_agent.gd:222)
       [760] _assign_next_task (res://scripts/citizen_agent.gd:213)
       [761] _navigate_to (res://scripts/citizen_agent.gd:222)
       [762] _assign_next_task (res://scripts/citizen_agent.gd:213)
       [763] _navigate_to (res://scripts/citizen_agent.gd:222)
       [764] _assign_next_task (res://scripts/citizen_agent.gd:213)
       [765] _navigate_to (res://scripts/citizen_agent.gd:222)
       [766] _assign_next_task (res://scripts/citizen_agent.gd:213)
       [767] _navigate_to (res://scripts/citizen_agent.gd:222)
       [768] _assign_next_task (res://scripts/citizen_agent.gd:213)
       [769] _navigate_to (res://scripts/citizen_agent.gd:222)
       [770] _assign_next_task (res://scripts/citizen_agent.gd:213)
       [771] _navigate_to (res://scripts/citizen_agent.gd:222)
       [772] _assign_next_task (res://scripts/citizen_agent.gd:213)
       [773] _navigate_to (res://scripts/citizen_agent.gd:222)
       [774] _assign_next_task (res://scripts/citizen_agent.gd:213)
       [775] _navigate_to (res://scripts/citizen_agent.gd:222)
       [776] _assign_next_task (res://scripts/citizen_agent.gd:213)
       [777] _navigate_to (res://scripts/citizen_agent.gd:222)
       [778] _assign_next_task (res://scripts/citizen_agent.gd:213)
       [779] _navigate_to (res://scripts/citizen_agent.gd:222)
       [780] _assign_next_task (res://scripts/citizen_agent.gd:213)
       [781] _navigate_to (res://scripts/citizen_agent.gd:222)
       [782] _assign_next_task (res://scripts/citizen_agent.gd:213)
       [783] _navigate_to (res://scripts/citizen_agent.gd:222)
       [784] _assign_next_task (res://scripts/citizen_agent.gd:213)
       [785] _navigate_to (res://scripts/citizen_agent.gd:222)
       [786] _assign_next_task (res://scripts/citizen_agent.gd:213)
       [787] _navigate_to (res://scripts/citizen_agent.gd:222)
       [788] _assign_next_task (res://scripts/citizen_agent.gd:213)
       [789] _navigate_to (res://scripts/citizen_agent.gd:222)
       [790] _assign_next_task (res://scripts/citizen_agent.gd:213)
       [791] _navigate_to (res://scripts/citizen_agent.gd:222)
       [792] _assign_next_task (res://scripts/citizen_agent.gd:213)
       [793] _navigate_to (res://scripts/citizen_agent.gd:222)
       [794] _assign_next_task (res://scripts/citizen_agent.gd:213)
       [795] _navigate_to (res://scripts/citizen_agent.gd:222)
       [796] _assign_next_task (res://scripts/citizen_agent.gd:213)
       [797] _navigate_to (res://scripts/citizen_agent.gd:222)
       [798] _assign_next_task (res://scripts/citizen_agent.gd:213)
       [799] _navigate_to (res://scripts/citizen_agent.gd:222)
       [800] _assign_next_task (res://scripts/citizen_agent.gd:213)
       [801] _navigate_to (res://scripts/citizen_agent.gd:222)
       [802] _assign_next_task (res://scripts/citizen_agent.gd:213)
       [803] _navigate_to (res://scripts/citizen_agent.gd:222)
       [804] _assign_next_task (res://scripts/citizen_agent.gd:213)
       [805] _navigate_to (res://scripts/citizen_agent.gd:222)
       [806] _assign_next_task (res://scripts/citizen_agent.gd:213)
       [807] _navigate_to (res://scripts/citizen_agent.gd:222)
       [808] _assign_next_task (res://scripts/citizen_agent.gd:213)
       [809] _navigate_to (res://scripts/citizen_agent.gd:222)
       [810] _assign_next_task (res://scripts/citizen_agent.gd:213)
       [811] _navigate_to (res://scripts/citizen_agent.gd:222)
       [812] _assign_next_task (res://scripts/citizen_agent.gd:213)
       [813] _navigate_to (res://scripts/citizen_agent.gd:222)
       [814] _assign_next_task (res://scripts/citizen_agent.gd:213)
       [815] _navigate_to (res://scripts/citizen_agent.gd:222)
       [816] _assign_next_task (res://scripts/citizen_agent.gd:213)
       [817] _navigate_to (res://scripts/citizen_agent.gd:222)
       [818] _assign_next_task (res://scripts/citizen_agent.gd:213)
       [819] _navigate_to (res://scripts/citizen_agent.gd:222)
       [820] _assign_next_task (res://scripts/citizen_agent.gd:213)
       [821] _navigate_to (res://scripts/citizen_agent.gd:222)
       [822] _assign_next_task (res://scripts/citizen_agent.gd:213)
       [823] _navigate_to (res://scripts/citizen_agent.gd:222)
       [824] _assign_next_task (res://scripts/citizen_agent.gd:213)
       [825] _navigate_to (res://scripts/citizen_agent.gd:222)
       [826] _assign_next_task (res://scripts/citizen_agent.gd:213)
       [827] _navigate_to (res://scripts/citizen_agent.gd:222)
       [828] _assign_next_task (res://scripts/citizen_agent.gd:213)
       [829] _navigate_to (res://scripts/citizen_agent.gd:222)
       [830] _assign_next_task (res://scripts/citizen_agent.gd:213)
       [831] _navigate_to (res://scripts/citizen_agent.gd:222)
       [832] _assign_next_task (res://scripts/citizen_agent.gd:213)
       [833] _navigate_to (res://scripts/citizen_agent.gd:222)
       [834] _assign_next_task (res://scripts/citizen_agent.gd:213)
       [835] _navigate_to (res://scripts/citizen_agent.gd:222)
       [836] _assign_next_task (res://scripts/citizen_agent.gd:213)
       [837] _navigate_to (res://scripts/citizen_agent.gd:222)
       [838] _assign_next_task (res://scripts/citizen_agent.gd:213)
       [839] _navigate_to (res://scripts/citizen_agent.gd:222)
       [840] _assign_next_task (res://scripts/citizen_agent.gd:213)
       [841] _navigate_to (res://scripts/citizen_agent.gd:222)
       [842] _assign_next_task (res://scripts/citizen_agent.gd:213)
       [843] _navigate_to (res://scripts/citizen_agent.gd:222)
       [844] _assign_next_task (res://scripts/citizen_agent.gd:213)
       [845] _navigate_to (res://scripts/citizen_agent.gd:222)
       [846] _assign_next_task (res://scripts/citizen_agent.gd:213)
       [847] _navigate_to (res://scripts/citizen_agent.gd:222)
       [848] _assign_next_task (res://scripts/citizen_agent.gd:213)
       [849] _navigate_to (res://scripts/citizen_agent.gd:222)
       [850] _assign_next_task (res://scripts/citizen_agent.gd:213)
       [851] _navigate_to (res://scripts/citizen_agent.gd:222)
       [852] _assign_next_task (res://scripts/citizen_agent.gd:213)
       [853] _navigate_to (res://scripts/citizen_agent.gd:222)
       [854] _assign_next_task (res://scripts/citizen_agent.gd:213)
       [855] _navigate_to (res://scripts/citizen_agent.gd:222)
       [856] _assign_next_task (res://scripts/citizen_agent.gd:213)
       [857] _navigate_to (res://scripts/citizen_agent.gd:222)
       [858] _assign_next_task (res://scripts/citizen_agent.gd:213)
       [859] _navigate_to (res://scripts/citizen_agent.gd:222)
       [860] _assign_next_task (res://scripts/citizen_agent.gd:213)
       [861] _navigate_to (res://scripts/citizen_agent.gd:222)
       [862] _assign_next_task (res://scripts/citizen_agent.gd:213)
       [863] _navigate_to (res://scripts/citizen_agent.gd:222)
       [864] _assign_next_task (res://scripts/citizen_agent.gd:213)
       [865] _navigate_to (res://scripts/citizen_agent.gd:222)
       [866] _assign_next_task (res://scripts/citizen_agent.gd:213)
       [867] _navigate_to (res://scripts/citizen_agent.gd:222)
       [868] _assign_next_task (res://scripts/citizen_agent.gd:213)
       [869] _navigate_to (res://scripts/citizen_agent.gd:222)
       [870] _assign_next_task (res://scripts/citizen_agent.gd:213)
       [871] _navigate_to (res://scripts/citizen_agent.gd:222)
       [872] _assign_next_task (res://scripts/citizen_agent.gd:213)
       [873] _navigate_to (res://scripts/citizen_agent.gd:222)
       [874] _assign_next_task (res://scripts/citizen_agent.gd:213)
       [875] _navigate_to (res://scripts/citizen_agent.gd:222)
       [876] _assign_next_task (res://scripts/citizen_agent.gd:213)
       [877] _navigate_to (res://scripts/citizen_agent.gd:222)
       [878] _assign_next_task (res://scripts/citizen_agent.gd:213)
       [879] _navigate_to (res://scripts/citizen_agent.gd:222)
       [880] _assign_next_task (res://scripts/citizen_agent.gd:213)
       [881] _navigate_to (res://scripts/citizen_agent.gd:222)
       [882] _assign_next_task (res://scripts/citizen_agent.gd:213)
       [883] _navigate_to (res://scripts/citizen_agent.gd:222)
       [884] _assign_next_task (res://scripts/citizen_agent.gd:213)
       [885] _navigate_to (res://scripts/citizen_agent.gd:222)
       [886] _assign_next_task (res://scripts/citizen_agent.gd:213)
       [887] _navigate_to (res://scripts/citizen_agent.gd:222)
       [888] _assign_next_task (res://scripts/citizen_agent.gd:213)
       [889] _navigate_to (res://scripts/citizen_agent.gd:222)
       [890] _assign_next_task (res://scripts/citizen_agent.gd:213)
       [891] _navigate_to (res://scripts/citizen_agent.gd:222)
       [892] _assign_next_task (res://scripts/citizen_agent.gd:213)
       [893] _navigate_to (res://scripts/citizen_agent.gd:222)
       [894] _assign_next_task (res://scripts/citizen_agent.gd:213)
       [895] _navigate_to (res://scripts/citizen_agent.gd:222)
       [896] _assign_next_task (res://scripts/citizen_agent.gd:213)
       [897] _navigate_to (res://scripts/citizen_agent.gd:222)
       [898] _assign_next_task (res://scripts/citizen_agent.gd:213)
       [899] _navigate_to (res://scripts/citizen_agent.gd:222)
       [900] _assign_next_task (res://scripts/citizen_agent.gd:213)
       [901] _navigate_to (res://scripts/citizen_agent.gd:222)
       [902] _assign_next_task (res://scripts/citizen_agent.gd:213)
       [903] _navigate_to (res://scripts/citizen_agent.gd:222)
       [904] _assign_next_task (res://scripts/citizen_agent.gd:213)
       [905] _navigate_to (res://scripts/citizen_agent.gd:222)
       [906] _assign_next_task (res://scripts/citizen_agent.gd:213)
       [907] _navigate_to (res://scripts/citizen_agent.gd:222)
       [908] _assign_next_task (res://scripts/citizen_agent.gd:213)
       [909] _navigate_to (res://scripts/citizen_agent.gd:222)
       [910] _assign_next_task (res://scripts/citizen_agent.gd:213)
       [911] _navigate_to (res://scripts/citizen_agent.gd:222)
       [912] _assign_next_task (res://scripts/citizen_agent.gd:213)
       [913] _navigate_to (res://scripts/citizen_agent.gd:222)
       [914] _assign_next_task (res://scripts/citizen_agent.gd:213)
       [915] _navigate_to (res://scripts/citizen_agent.gd:222)
       [916] _assign_next_task (res://scripts/citizen_agent.gd:213)
       [917] _navigate_to (res://scripts/citizen_agent.gd:222)
       [918] _assign_next_task (res://scripts/citizen_agent.gd:213)
       [919] _navigate_to (res://scripts/citizen_agent.gd:222)
       [920] _assign_next_task (res://scripts/citizen_agent.gd:213)
       [921] _navigate_to (res://scripts/citizen_agent.gd:222)
       [922] _assign_next_task (res://scripts/citizen_agent.gd:213)
       [923] _navigate_to (res://scripts/citizen_agent.gd:222)
       [924] _assign_next_task (res://scripts/citizen_agent.gd:213)
       [925] _navigate_to (res://scripts/citizen_agent.gd:222)
       [926] _assign_next_task (res://scripts/citizen_agent.gd:213)
       [927] _navigate_to (res://scripts/citizen_agent.gd:222)
       [928] _assign_next_task (res://scripts/citizen_agent.gd:213)
       [929] _navigate_to (res://scripts/citizen_agent.gd:222)
       [930] _assign_next_task (res://scripts/citizen_agent.gd:213)
       [931] _navigate_to (res://scripts/citizen_agent.gd:222)
       [932] _assign_next_task (res://scripts/citizen_agent.gd:213)
       [933] _navigate_to (res://scripts/citizen_agent.gd:222)
       [934] _assign_next_task (res://scripts/citizen_agent.gd:213)
       [935] _navigate_to (res://scripts/citizen_agent.gd:222)
       [936] _assign_next_task (res://scripts/citizen_agent.gd:213)
       [937] _navigate_to (res://scripts/citizen_agent.gd:222)
       [938] _assign_next_task (res://scripts/citizen_agent.gd:213)
       [939] _navigate_to (res://scripts/citizen_agent.gd:222)
       [940] _assign_next_task (res://scripts/citizen_agent.gd:213)
       [941] _navigate_to (res://scripts/citizen_agent.gd:222)
       [942] _assign_next_task (res://scripts/citizen_agent.gd:213)
       [943] _navigate_to (res://scripts/citizen_agent.gd:222)
       [944] _assign_next_task (res://scripts/citizen_agent.gd:213)
       [945] _navigate_to (res://scripts/citizen_agent.gd:222)
       [946] _assign_next_task (res://scripts/citizen_agent.gd:213)
       [947] _navigate_to (res://scripts/citizen_agent.gd:222)
       [948] _assign_next_task (res://scripts/citizen_agent.gd:213)
       [949] _navigate_to (res://scripts/citizen_agent.gd:222)
       [950] _assign_next_task (res://scripts/citizen_agent.gd:213)
       [951] _navigate_to (res://scripts/citizen_agent.gd:222)
       [952] _assign_next_task (res://scripts/citizen_agent.gd:213)
       [953] _navigate_to (res://scripts/citizen_agent.gd:222)
       [954] _assign_next_task (res://scripts/citizen_agent.gd:213)
       [955] _navigate_to (res://scripts/citizen_agent.gd:222)
       [956] _assign_next_task (res://scripts/citizen_agent.gd:213)
       [957] _navigate_to (res://scripts/citizen_agent.gd:222)
       [958] _assign_next_task (res://scripts/citizen_agent.gd:213)
       [959] _navigate_to (res://scripts/citizen_agent.gd:222)
       [960] _assign_next_task (res://scripts/citizen_agent.gd:213)
       [961] _navigate_to (res://scripts/citizen_agent.gd:222)
       [962] _assign_next_task (res://scripts/citizen_agent.gd:213)
       [963] _navigate_to (res://scripts/citizen_agent.gd:222)
       [964] _assign_next_task (res://scripts/citizen_agent.gd:213)
       [965] _navigate_to (res://scripts/citizen_agent.gd:222)
       [966] _assign_next_task (res://scripts/citizen_agent.gd:213)
       [967] _navigate_to (res://scripts/citizen_agent.gd:222)
       [968] _assign_next_task (res://scripts/citizen_agent.gd:213)
       [969] _navigate_to (res://scripts/citizen_agent.gd:222)
       [970] _assign_next_task (res://scripts/citizen_agent.gd:213)
       [971] _navigate_to (res://scripts/citizen_agent.gd:222)
       [972] _assign_next_task (res://scripts/citizen_agent.gd:213)
       [973] _navigate_to (res://scripts/citizen_agent.gd:222)
       [974] _assign_next_task (res://scripts/citizen_agent.gd:213)
       [975] _navigate_to (res://scripts/citizen_agent.gd:222)
       [976] _assign_next_task (res://scripts/citizen_agent.gd:213)
       [977] _navigate_to (res://scripts/citizen_agent.gd:222)
       [978] _assign_next_task (res://scripts/citizen_agent.gd:213)
       [979] _navigate_to (res://scripts/citizen_agent.gd:222)
       [980] _assign_next_task (res://scripts/citizen_agent.gd:213)
       [981] _navigate_to (res://scripts/citizen_agent.gd:222)
       [982] _assign_next_task (res://scripts/citizen_agent.gd:213)
       [983] _navigate_to (res://scripts/citizen_agent.gd:222)
       [984] _assign_next_task (res://scripts/citizen_agent.gd:213)
       [985] _navigate_to (res://scripts/citizen_agent.gd:222)
       [986] _assign_next_task (res://scripts/citizen_agent.gd:213)
       [987] _navigate_to (res://scripts/citizen_agent.gd:222)
       [988] _assign_next_task (res://scripts/citizen_agent.gd:213)
       [989] _navigate_to (res://scripts/citizen_agent.gd:222)
       [990] _assign_next_task (res://scripts/citizen_agent.gd:213)
       [991] _navigate_to (res://scripts/citizen_agent.gd:222)
       [992] _assign_next_task (res://scripts/citizen_agent.gd:213)
       [993] _navigate_to (res://scripts/citizen_agent.gd:222)
       [994] _assign_next_task (res://scripts/citizen_agent.gd:213)
       [995] _navigate_to (res://scripts/citizen_agent.gd:222)
       [996] _assign_next_task (res://scripts/citizen_agent.gd:213)
       [997] _navigate_to (res://scripts/citizen_agent.gd:222)
       [998] _assign_next_task (res://scripts/citizen_agent.gd:213)
       [999] _navigate_to (res://scripts/citizen_agent.gd:222)
       [1000] _assign_next_task (res://scripts/citizen_agent.gd:213)
       [1001] _navigate_to (res://scripts/citizen_agent.gd:222)
       [1002] _assign_next_task (res://scripts/citizen_agent.gd:213)
       [1003] _navigate_to (res://scripts/citizen_agent.gd:222)
       [1004] _assign_next_task (res://scripts/citizen_agent.gd:213)
       [1005] _navigate_to (res://scripts/citizen_agent.gd:222)
       [1006] _assign_next_task (res://scripts/citizen_agent.gd:213)
       [1007] _navigate_to (res://scripts/citizen_agent.gd:222)
       [1008] _assign_next_task (res://scripts/citizen_agent.gd:213)
       [1009] _navigate_to (res://scripts/citizen_agent.gd:222)
       [1010] _assign_next_task (res://scripts/citizen_agent.gd:213)
       [1011] _navigate_to (res://scripts/citizen_agent.gd:222)
       [1012] _assign_next_task (res://scripts/citizen_agent.gd:213)
       [1013] _navigate_to (res://scripts/citizen_agent.gd:222)
       [1014] _assign_next_task (res://scripts/citizen_agent.gd:213)
       [1015] _navigate_to (res://scripts/citizen_agent.gd:222)
       [1016] _assign_next_task (res://scripts/citizen_agent.gd:213)
       [1017] _navigate_to (res://scripts/citizen_agent.gd:222)
       [1018] _assign_next_task (res://scripts/citizen_agent.gd:213)
       [1019] _navigate_to (res://scripts/citizen_agent.gd:222)
       [1020] _assign_next_task (res://scripts/citizen_agent.gd:213)
       [1021] _process (res://scripts/citizen_agent.gd:66)
       [1022] step (res://scripts/civilization_simulation.gd:127)
       [1023] run (res://scripts/poc45_fast_test.gd:177)
SCRIPT ERROR: Stack overflow. Check for infinite recursion in your script.
   at: _visible_walkable_cell (res://scripts/floor_navigation.gd:117)
   GDScript backtrace (most recent call first):
       [0] path_between (res://scripts/floor_navigation.gd:102)
       [1] route_between (res://scripts/surface_navigation.gd:71)
       [2] route_for (res://scripts/civilization_simulation.gd:438)
       [3] _navigate_to (res://scripts/citizen_agent.gd:217)
       [4] _assign_next_task (res://scripts/citizen_agent.gd:213)
       [5] _assign_next_task (res://scripts/citizen_agent.gd:213)
       [6] _assign_next_task (res://scripts/citizen_agent.gd:213)
       [7] _navigate_to (res://scripts/citizen_agent.gd:222)
       [8] _assign_next_task (res://scripts/citizen_agent.gd:213)
       [9] _navigate_to (res://scripts/citizen_agent.gd:222)
       [10] _assign_next_task (res://scripts/citizen_agent.gd:213)
       [11] _navigate_to (res://scripts/citizen_agent.gd:222)
       [12] _assign_next_task (res://scripts/citizen_agent.gd:213)
       [13] _navigate_to (res://scripts/citizen_agent.gd:222)
       [14] _assign_next_task (res://scripts/citizen_agent.gd:213)
       [15] _navigate_to (res://scripts/citizen_agent.gd:222)
       [16] _assign_next_task (res://scripts/citizen_agent.gd:213)
       [17] _navigate_to (res://scripts/citizen_agent.gd:222)
       [18] _assign_next_task (res://scripts/citizen_agent.gd:213)
       [19] _navigate_to (res://scripts/citizen_agent.gd:222)
       [20] _assign_next_task (res://scripts/citizen_agent.gd:213)
       [21] _navigate_to (res://scripts/citizen_agent.gd:222)
       [22] _assign_next_task (res://scripts/citizen_agent.gd:213)
       [23] _navigate_to (res://scripts/citizen_agent.gd:222)
       [24] _assign_next_task (res://scripts/citizen_agent.gd:213)
       [25] _navigate_to (res://scripts/citizen_agent.gd:222)
       [26] _assign_next_task (res://scripts/citizen_agent.gd:213)
       [27] _navigate_to (res://scripts/citizen_agent.gd:222)
       [28] _assign_next_task (res://scripts/citizen_agent.gd:213)
       [29] _navigate_to (res://scripts/citizen_agent.gd:222)
       [30] _assign_next_task (res://scripts/citizen_agent.gd:213)
       [31] _navigate_to (res://scripts/citizen_agent.gd:222)
       [32] _assign_next_task (res://scripts/citizen_agent.gd:213)
       [33] _navigate_to (res://scripts/citizen_agent.gd:222)
       [34] _assign_next_task (res://scripts/citizen_agent.gd:213)
       [35] _navigate_to (res://scripts/citizen_agent.gd:222)
       [36] _assign_next_task (res://scripts/citizen_agent.gd:213)
       [37] _navigate_to (res://scripts/citizen_agent.gd:222)
       [38] _assign_next_task (res://scripts/citizen_agent.gd:213)
       [39] _navigate_to (res://scripts/citizen_agent.gd:222)
       [40] _assign_next_task (res://scripts/citizen_agent.gd:213)
       [41] _navigate_to (res://scripts/citizen_agent.gd:222)
       [42] _assign_next_task (res://scripts/citizen_agent.gd:213)
       [43] _navigate_to (res://scripts/citizen_agent.gd:222)
       [44] _assign_next_task (res://scripts/citizen_agent.gd:213)
       [45] _navigate_to (res://scripts/citizen_agent.gd:222)
       [46] _assign_next_task (res://scripts/citizen_agent.gd:213)
       [47] _navigate_to (res://scripts/citizen_agent.gd:222)
       [48] _assign_next_task (res://scripts/citizen_agent.gd:213)
       [49] _navigate_to (res://scripts/citizen_agent.gd:222)
       [50] _assign_next_task (res://scripts/citizen_agent.gd:213)
       [51] _navigate_to (res://scripts/citizen_agent.gd:222)
       [52] _assign_next_task (res://scripts/citizen_agent.gd:213)
       [53] _navigate_to (res://scripts/citizen_agent.gd:222)
       [54] _assign_next_task (res://scripts/citizen_agent.gd:213)
       [55] _navigate_to (res://scripts/citizen_agent.gd:222)
       [56] _assign_next_task (res://scripts/citizen_agent.gd:213)
       [57] _navigate_to (res://scripts/citizen_agent.gd:222)
       [58] _assign_next_task (res://scripts/citizen_agent.gd:213)
       [59] _navigate_to (res://scripts/citizen_agent.gd:222)
       [60] _assign_next_task (res://scripts/citizen_agent.gd:213)
       [61] _navigate_to (res://scripts/citizen_agent.gd:222)
       [62] _assign_next_task (res://scripts/citizen_agent.gd:213)
       [63] _navigate_to (res://scripts/citizen_agent.gd:222)
       [64] _assign_next_task (res://scripts/citizen_agent.gd:213)
       [65] _navigate_to (res://scripts/citizen_agent.gd:222)
       [66] _assign_next_task (res://scripts/citizen_agent.gd:213)
       [67] _navigate_to (res://scripts/citizen_agent.gd:222)
       [68] _assign_next_task (res://scripts/citizen_agent.gd:213)
       [69] _navigate_to (res://scripts/citizen_agent.gd:222)
       [70] _assign_next_task (res://scripts/citizen_agent.gd:213)
       [71] _navigate_to (res://scripts/citizen_agent.gd:222)
       [72] _assign_next_task (res://scripts/citizen_agent.gd:213)
       [73] _navigate_to (res://scripts/citizen_agent.gd:222)
       [74] _assign_next_task (res://scripts/citizen_agent.gd:213)
       [75] _navigate_to (res://scripts/citizen_agent.gd:222)
       [76] _assign_next_task (res://scripts/citizen_agent.gd:213)
       [77] _navigate_to (res://scripts/citizen_agent.gd:222)
       [78] _assign_next_task (res://scripts/citizen_agent.gd:213)
       [79] _navigate_to (res://scripts/citizen_agent.gd:222)
       [80] _assign_next_task (res://scripts/citizen_agent.gd:213)
       [81] _navigate_to (res://scripts/citizen_agent.gd:222)
       [82] _assign_next_task (res://scripts/citizen_agent.gd:213)
       [83] _navigate_to (res://scripts/citizen_agent.gd:222)
       [84] _assign_next_task (res://scripts/citizen_agent.gd:213)
       [85] _navigate_to (res://scripts/citizen_agent.gd:222)
       [86] _assign_next_task (res://scripts/citizen_agent.gd:213)
       [87] _navigate_to (res://scripts/citizen_agent.gd:222)
       [88] _assign_next_task (res://scripts/citizen_agent.gd:213)
       [89] _navigate_to (res://scripts/citizen_agent.gd:222)
       [90] _assign_next_task (res://scripts/citizen_agent.gd:213)
       [91] _navigate_to (res://scripts/citizen_agent.gd:222)
       [92] _assign_next_task (res://scripts/citizen_agent.gd:213)
       [93] _navigate_to (res://scripts/citizen_agent.gd:222)
       [94] _assign_next_task (res://scripts/citizen_agent.gd:213)
       [95] _navigate_to (res://scripts/citizen_agent.gd:222)
       [96] _assign_next_task (res://scripts/citizen_agent.gd:213)
       [97] _navigate_to (res://scripts/citizen_agent.gd:222)
       [98] _assign_next_task (res://scripts/citizen_agent.gd:213)
       [99] _navigate_to (res://scripts/citizen_agent.gd:222)
       [100] _assign_next_task (res://scripts/citizen_agent.gd:213)
       [101] _navigate_to (res://scripts/citizen_agent.gd:222)
       [102] _assign_next_task (res://scripts/citizen_agent.gd:213)
       [103] _navigate_to (res://scripts/citizen_agent.gd:222)
       [104] _assign_next_task (res://scripts/citizen_agent.gd:213)
       [105] _navigate_to (res://scripts/citizen_agent.gd:222)
       [106] _assign_next_task (res://scripts/citizen_agent.gd:213)
       [107] _navigate_to (res://scripts/citizen_agent.gd:222)
       [108] _assign_next_task (res://scripts/citizen_agent.gd:213)
       [109] _navigate_to (res://scripts/citizen_agent.gd:222)
       [110] _assign_next_task (res://scripts/citizen_agent.gd:213)
       [111] _navigate_to (res://scripts/citizen_agent.gd:222)
       [112] _assign_next_task (res://scripts/citizen_agent.gd:213)
       [113] _navigate_to (res://scripts/citizen_agent.gd:222)
       [114] _assign_next_task (res://scripts/citizen_agent.gd:213)
       [115] _navigate_to (res://scripts/citizen_agent.gd:222)
       [116] _assign_next_task (res://scripts/citizen_agent.gd:213)
       [117] _navigate_to (res://scripts/citizen_agent.gd:222)
       [118] _assign_next_task (res://scripts/citizen_agent.gd:213)
       [119] _navigate_to (res://scripts/citizen_agent.gd:222)
       [120] _assign_next_task (res://scripts/citizen_agent.gd:213)
       [121] _navigate_to (res://scripts/citizen_agent.gd:222)
       [122] _assign_next_task (res://scripts/citizen_agent.gd:213)
       [123] _navigate_to (res://scripts/citizen_agent.gd:222)
       [124] _assign_next_task (res://scripts/citizen_agent.gd:213)
       [125] _navigate_to (res://scripts/citizen_agent.gd:222)
       [126] _assign_next_task (res://scripts/citizen_agent.gd:213)
       [127] _navigate_to (res://scripts/citizen_agent.gd:222)
       [128] _assign_next_task (res://scripts/citizen_agent.gd:213)
       [129] _navigate_to (res://scripts/citizen_agent.gd:222)
       [130] _assign_next_task (res://scripts/citizen_agent.gd:213)
       [131] _navigate_to (res://scripts/citizen_agent.gd:222)
       [132] _assign_next_task (res://scripts/citizen_agent.gd:213)
       [133] _navigate_to (res://scripts/citizen_agent.gd:222)
       [134] _assign_next_task (res://scripts/citizen_agent.gd:213)
       [135] _navigate_to (res://scripts/citizen_agent.gd:222)
       [136] _assign_next_task (res://scripts/citizen_agent.gd:213)
       [137] _navigate_to (res://scripts/citizen_agent.gd:222)
       [138] _assign_next_task (res://scripts/citizen_agent.gd:213)
       [139] _navigate_to (res://scripts/citizen_agent.gd:222)
       [140] _assign_next_task (res://scripts/citizen_agent.gd:213)
       [141] _navigate_to (res://scripts/citizen_agent.gd:222)
       [142] _assign_next_task (res://scripts/citizen_agent.gd:213)
       [143] _navigate_to (res://scripts/citizen_agent.gd:222)
       [144] _assign_next_task (res://scripts/citizen_agent.gd:213)
       [145] _navigate_to (res://scripts/citizen_agent.gd:222)
       [146] _assign_next_task (res://scripts/citizen_agent.gd:213)
       [147] _navigate_to (res://scripts/citizen_agent.gd:222)
       [148] _assign_next_task (res://scripts/citizen_agent.gd:213)
       [149] _navigate_to (res://scripts/citizen_agent.gd:222)
       [150] _assign_next_task (res://scripts/citizen_agent.gd:213)
       [151] _navigate_to (res://scripts/citizen_agent.gd:222)
       [152] _assign_next_task (res://scripts/citizen_agent.gd:213)
       [153] _navigate_to (res://scripts/citizen_agent.gd:222)
       [154] _assign_next_task (res://scripts/citizen_agent.gd:213)
       [155] _navigate_to (res://scripts/citizen_agent.gd:222)
       [156] _assign_next_task (res://scripts/citizen_agent.gd:213)
       [157] _navigate_to (res://scripts/citizen_agent.gd:222)
       [158] _assign_next_task (res://scripts/citizen_agent.gd:213)
       [159] _navigate_to (res://scripts/citizen_agent.gd:222)
       [160] _assign_next_task (res://scripts/citizen_agent.gd:213)
       [161] _navigate_to (res://scripts/citizen_agent.gd:222)
       [162] _assign_next_task (res://scripts/citizen_agent.gd:213)
       [163] _navigate_to (res://scripts/citizen_agent.gd:222)
       [164] _assign_next_task (res://scripts/citizen_agent.gd:213)
       [165] _navigate_to (res://scripts/citizen_agent.gd:222)
       [166] _assign_next_task (res://scripts/citizen_agent.gd:213)
       [167] _navigate_to (res://scripts/citizen_agent.gd:222)
       [168] _assign_next_task (res://scripts/citizen_agent.gd:213)
       [169] _navigate_to (res://scripts/citizen_agent.gd:222)
       [170] _assign_next_task (res://scripts/citizen_agent.gd:213)
       [171] _navigate_to (res://scripts/citizen_agent.gd:222)
       [172] _assign_next_task (res://scripts/citizen_agent.gd:213)
       [173] _navigate_to (res://scripts/citizen_agent.gd:222)
       [174] _assign_next_task (res://scripts/citizen_agent.gd:213)
       [175] _navigate_to (res://scripts/citizen_agent.gd:222)
       [176] _assign_next_task (res://scripts/citizen_agent.gd:213)
       [177] _navigate_to (res://scripts/citizen_agent.gd:222)
       [178] _assign_next_task (res://scripts/citizen_agent.gd:213)
       [179] _navigate_to (res://scripts/citizen_agent.gd:222)
       [180] _assign_next_task (res://scripts/citizen_agent.gd:213)
       [181] _navigate_to (res://scripts/citizen_agent.gd:222)
       [182] _assign_next_task (res://scripts/citizen_agent.gd:213)
       [183] _navigate_to (res://scripts/citizen_agent.gd:222)
       [184] _assign_next_task (res://scripts/citizen_agent.gd:213)
       [185] _navigate_to (res://scripts/citizen_agent.gd:222)
       [186] _assign_next_task (res://scripts/citizen_agent.gd:213)
       [187] _navigate_to (res://scripts/citizen_agent.gd:222)
       [188] _assign_next_task (res://scripts/citizen_agent.gd:213)
       [189] _navigate_to (res://scripts/citizen_agent.gd:222)
       [190] _assign_next_task (res://scripts/citizen_agent.gd:213)
       [191] _navigate_to (res://scripts/citizen_agent.gd:222)
       [192] _assign_next_task (res://scripts/citizen_agent.gd:213)
       [193] _navigate_to (res://scripts/citizen_agent.gd:222)
       [194] _assign_next_task (res://scripts/citizen_agent.gd:213)
       [195] _navigate_to (res://scripts/citizen_agent.gd:222)
       [196] _assign_next_task (res://scripts/citizen_agent.gd:213)
       [197] _navigate_to (res://scripts/citizen_agent.gd:222)
       [198] _assign_next_task (res://scripts/citizen_agent.gd:213)
       [199] _navigate_to (res://scripts/citizen_agent.gd:222)
       [200] _assign_next_task (res://scripts/citizen_agent.gd:213)
       [201] _navigate_to (res://scripts/citizen_agent.gd:222)
       [202] _assign_next_task (res://scripts/citizen_agent.gd:213)
       [203] _navigate_to (res://scripts/citizen_agent.gd:222)
       [204] _assign_next_task (res://scripts/citizen_agent.gd:213)
       [205] _navigate_to (res://scripts/citizen_agent.gd:222)
       [206] _assign_next_task (res://scripts/citizen_agent.gd:213)
       [207] _navigate_to (res://scripts/citizen_agent.gd:222)
       [208] _assign_next_task (res://scripts/citizen_agent.gd:213)
       [209] _navigate_to (res://scripts/citizen_agent.gd:222)
       [210] _assign_next_task (res://scripts/citizen_agent.gd:213)
       [211] _navigate_to (res://scripts/citizen_agent.gd:222)
       [212] _assign_next_task (res://scripts/citizen_agent.gd:213)
       [213] _navigate_to (res://scripts/citizen_agent.gd:222)
       [214] _assign_next_task (res://scripts/citizen_agent.gd:213)
       [215] _navigate_to (res://scripts/citizen_agent.gd:222)
       [216] _assign_next_task (res://scripts/citizen_agent.gd:213)
       [217] _navigate_to (res://scripts/citizen_agent.gd:222)
       [218] _assign_next_task (res://scripts/citizen_agent.gd:213)
       [219] _navigate_to (res://scripts/citizen_agent.gd:222)
       [220] _assign_next_task (res://scripts/citizen_agent.gd:213)
       [221] _navigate_to (res://scripts/citizen_agent.gd:222)
       [222] _assign_next_task (res://scripts/citizen_agent.gd:213)
       [223] _navigate_to (res://scripts/citizen_agent.gd:222)
       [224] _assign_next_task (res://scripts/citizen_agent.gd:213)
       [225] _navigate_to (res://scripts/citizen_agent.gd:222)
       [226] _assign_next_task (res://scripts/citizen_agent.gd:213)
       [227] _navigate_to (res://scripts/citizen_agent.gd:222)
       [228] _assign_next_task (res://scripts/citizen_agent.gd:213)
       [229] _navigate_to (res://scripts/citizen_agent.gd:222)
       [230] _assign_next_task (res://scripts/citizen_agent.gd:213)
       [231] _navigate_to (res://scripts/citizen_agent.gd:222)
       [232] _assign_next_task (res://scripts/citizen_agent.gd:213)
       [233] _navigate_to (res://scripts/citizen_agent.gd:222)
       [234] _assign_next_task (res://scripts/citizen_agent.gd:213)
       [235] _navigate_to (res://scripts/citizen_agent.gd:222)
       [236] _assign_next_task (res://scripts/citizen_agent.gd:213)
       [237] _navigate_to (res://scripts/citizen_agent.gd:222)
       [238] _assign_next_task (res://scripts/citizen_agent.gd:213)
       [239] _navigate_to (res://scripts/citizen_agent.gd:222)
       [240] _assign_next_task (res://scripts/citizen_agent.gd:213)
       [241] _navigate_to (res://scripts/citizen_agent.gd:222)
       [242] _assign_next_task (res://scripts/citizen_agent.gd:213)
       [243] _navigate_to (res://scripts/citizen_agent.gd:222)
       [244] _assign_next_task (res://scripts/citizen_agent.gd:213)
       [245] _navigate_to (res://scripts/citizen_agent.gd:222)
       [246] _assign_next_task (res://scripts/citizen_agent.gd:213)
       [247] _navigate_to (res://scripts/citizen_agent.gd:222)
       [248] _assign_next_task (res://scripts/citizen_agent.gd:213)
       [249] _navigate_to (res://scripts/citizen_agent.gd:222)
       [250] _assign_next_task (res://scripts/citizen_agent.gd:213)
       [251] _navigate_to (res://scripts/citizen_agent.gd:222)
       [252] _assign_next_task (res://scripts/citizen_agent.gd:213)
       [253] _navigate_to (res://scripts/citizen_agent.gd:222)
       [254] _assign_next_task (res://scripts/citizen_agent.gd:213)
       [255] _navigate_to (res://scripts/citizen_agent.gd:222)
       [256] _assign_next_task (res://scripts/citizen_agent.gd:213)
       [257] _navigate_to (res://scripts/citizen_agent.gd:222)
       [258] _assign_next_task (res://scripts/citizen_agent.gd:213)
       [259] _navigate_to (res://scripts/citizen_agent.gd:222)
       [260] _assign_next_task (res://scripts/citizen_agent.gd:213)
       [261] _navigate_to (res://scripts/citizen_agent.gd:222)
       [262] _assign_next_task (res://scripts/citizen_agent.gd:213)
       [263] _navigate_to (res://scripts/citizen_agent.gd:222)
       [264] _assign_next_task (res://scripts/citizen_agent.gd:213)
       [265] _navigate_to (res://scripts/citizen_agent.gd:222)
       [266] _assign_next_task (res://scripts/citizen_agent.gd:213)
       [267] _navigate_to (res://scripts/citizen_agent.gd:222)
       [268] _assign_next_task (res://scripts/citizen_agent.gd:213)
       [269] _navigate_to (res://scripts/citizen_agent.gd:222)
       [270] _assign_next_task (res://scripts/citizen_agent.gd:213)
       [271] _navigate_to (res://scripts/citizen_agent.gd:222)
       [272] _assign_next_task (res://scripts/citizen_agent.gd:213)
       [273] _navigate_to (res://scripts/citizen_agent.gd:222)
       [274] _assign_next_task (res://scripts/citizen_agent.gd:213)
       [275] _navigate_to (res://scripts/citizen_agent.gd:222)
       [276] _assign_next_task (res://scripts/citizen_agent.gd:213)
       [277] _navigate_to (res://scripts/citizen_agent.gd:222)
       [278] _assign_next_task (res://scripts/citizen_agent.gd:213)
       [279] _navigate_to (res://scripts/citizen_agent.gd:222)
       [280] _assign_next_task (res://scripts/citizen_agent.gd:213)
       [281] _navigate_to (res://scripts/citizen_agent.gd:222)
       [282] _assign_next_task (res://scripts/citizen_agent.gd:213)
       [283] _navigate_to (res://scripts/citizen_agent.gd:222)
       [284] _assign_next_task (res://scripts/citizen_agent.gd:213)
       [285] _navigate_to (res://scripts/citizen_agent.gd:222)
       [286] _assign_next_task (res://scripts/citizen_agent.gd:213)
       [287] _navigate_to (res://scripts/citizen_agent.gd:222)
       [288] _assign_next_task (res://scripts/citizen_agent.gd:213)
       [289] _navigate_to (res://scripts/citizen_agent.gd:222)
       [290] _assign_next_task (res://scripts/citizen_agent.gd:213)
       [291] _navigate_to (res://scripts/citizen_agent.gd:222)
       [292] _assign_next_task (res://scripts/citizen_agent.gd:213)
       [293] _navigate_to (res://scripts/citizen_agent.gd:222)
       [294] _assign_next_task (res://scripts/citizen_agent.gd:213)
       [295] _navigate_to (res://scripts/citizen_agent.gd:222)
       [296] _assign_next_task (res://scripts/citizen_agent.gd:213)
       [297] _navigate_to (res://scripts/citizen_agent.gd:222)
       [298] _assign_next_task (res://scripts/citizen_agent.gd:213)
       [299] _navigate_to (res://scripts/citizen_agent.gd:222)
       [300] _assign_next_task (res://scripts/citizen_agent.gd:213)
       [301] _navigate_to (res://scripts/citizen_agent.gd:222)
       [302] _assign_next_task (res://scripts/citizen_agent.gd:213)
       [303] _navigate_to (res://scripts/citizen_agent.gd:222)
       [304] _assign_next_task (res://scripts/citizen_agent.gd:213)
       [305] _navigate_to (res://scripts/citizen_agent.gd:222)
       [306] _assign_next_task (res://scripts/citizen_agent.gd:213)
       [307] _navigate_to (res://scripts/citizen_agent.gd:222)
       [308] _assign_next_task (res://scripts/citizen_agent.gd:213)
       [309] _navigate_to (res://scripts/citizen_agent.gd:222)
       [310] _assign_next_task (res://scripts/citizen_agent.gd:213)
       [311] _navigate_to (res://scripts/citizen_agent.gd:222)
       [312] _assign_next_task (res://scripts/citizen_agent.gd:213)
       [313] _navigate_to (res://scripts/citizen_agent.gd:222)
       [314] _assign_next_task (res://scripts/citizen_agent.gd:213)
       [315] _navigate_to (res://scripts/citizen_agent.gd:222)
       [316] _assign_next_task (res://scripts/citizen_agent.gd:213)
       [317] _navigate_to (res://scripts/citizen_agent.gd:222)
       [318] _assign_next_task (res://scripts/citizen_agent.gd:213)
       [319] _navigate_to (res://scripts/citizen_agent.gd:222)
       [320] _assign_next_task (res://scripts/citizen_agent.gd:213)
       [321] _navigate_to (res://scripts/citizen_agent.gd:222)
       [322] _assign_next_task (res://scripts/citizen_agent.gd:213)
       [323] _navigate_to (res://scripts/citizen_agent.gd:222)
       [324] _assign_next_task (res://scripts/citizen_agent.gd:213)
       [325] _navigate_to (res://scripts/citizen_agent.gd:222)
       [326] _assign_next_task (res://scripts/citizen_agent.gd:213)
       [327] _navigate_to (res://scripts/citizen_agent.gd:222)
       [328] _assign_next_task (res://scripts/citizen_agent.gd:213)
       [329] _navigate_to (res://scripts/citizen_agent.gd:222)
       [330] _assign_next_task (res://scripts/citizen_agent.gd:213)
       [331] _navigate_to (res://scripts/citizen_agent.gd:222)
       [332] _assign_next_task (res://scripts/citizen_agent.gd:213)
       [333] _navigate_to (res://scripts/citizen_agent.gd:222)
       [334] _assign_next_task (res://scripts/citizen_agent.gd:213)
       [335] _navigate_to (res://scripts/citizen_agent.gd:222)
       [336] _assign_next_task (res://scripts/citizen_agent.gd:213)
       [337] _navigate_to (res://scripts/citizen_agent.gd:222)
       [338] _assign_next_task (res://scripts/citizen_agent.gd:213)
       [339] _navigate_to (res://scripts/citizen_agent.gd:222)
       [340] _assign_next_task (res://scripts/citizen_agent.gd:213)
       [341] _navigate_to (res://scripts/citizen_agent.gd:222)
       [342] _assign_next_task (res://scripts/citizen_agent.gd:213)
       [343] _navigate_to (res://scripts/citizen_agent.gd:222)
       [344] _assign_next_task (res://scripts/citizen_agent.gd:213)
       [345] _navigate_to (res://scripts/citizen_agent.gd:222)
       [346] _assign_next_task (res://scripts/citizen_agent.gd:213)
       [347] _navigate_to (res://scripts/citizen_agent.gd:222)
       [348] _assign_next_task (res://scripts/citizen_agent.gd:213)
       [349] _navigate_to (res://scripts/citizen_agent.gd:222)
       [350] _assign_next_task (res://scripts/citizen_agent.gd:213)
       [351] _navigate_to (res://scripts/citizen_agent.gd:222)
       [352] _assign_next_task (res://scripts/citizen_agent.gd:213)
       [353] _navigate_to (res://scripts/citizen_agent.gd:222)
       [354] _assign_next_task (res://scripts/citizen_agent.gd:213)
       [355] _navigate_to (res://scripts/citizen_agent.gd:222)
       [356] _assign_next_task (res://scripts/citizen_agent.gd:213)
       [357] _navigate_to (res://scripts/citizen_agent.gd:222)
       [358] _assign_next_task (res://scripts/citizen_agent.gd:213)
       [359] _navigate_to (res://scripts/citizen_agent.gd:222)
       [360] _assign_next_task (res://scripts/citizen_agent.gd:213)
       [361] _navigate_to (res://scripts/citizen_agent.gd:222)
       [362] _assign_next_task (res://scripts/citizen_agent.gd:213)
       [363] _navigate_to (res://scripts/citizen_agent.gd:222)
       [364] _assign_next_task (res://scripts/citizen_agent.gd:213)
       [365] _navigate_to (res://scripts/citizen_agent.gd:222)
       [366] _assign_next_task (res://scripts/citizen_agent.gd:213)
       [367] _navigate_to (res://scripts/citizen_agent.gd:222)
       [368] _assign_next_task (res://scripts/citizen_agent.gd:213)
       [369] _navigate_to (res://scripts/citizen_agent.gd:222)
       [370] _assign_next_task (res://scripts/citizen_agent.gd:213)
       [371] _navigate_to (res://scripts/citizen_agent.gd:222)
       [372] _assign_next_task (res://scripts/citizen_agent.gd:213)
       [373] _navigate_to (res://scripts/citizen_agent.gd:222)
       [374] _assign_next_task (res://scripts/citizen_agent.gd:213)
       [375] _navigate_to (res://scripts/citizen_agent.gd:222)
       [376] _assign_next_task (res://scripts/citizen_agent.gd:213)
       [377] _navigate_to (res://scripts/citizen_agent.gd:222)
       [378] _assign_next_task (res://scripts/citizen_agent.gd:213)
       [379] _navigate_to (res://scripts/citizen_agent.gd:222)
       [380] _assign_next_task (res://scripts/citizen_agent.gd:213)
       [381] _navigate_to (res://scripts/citizen_agent.gd:222)
       [382] _assign_next_task (res://scripts/citizen_agent.gd:213)
       [383] _navigate_to (res://scripts/citizen_agent.gd:222)
       [384] _assign_next_task (res://scripts/citizen_agent.gd:213)
       [385] _navigate_to (res://scripts/citizen_agent.gd:222)
       [386] _assign_next_task (res://scripts/citizen_agent.gd:213)
       [387] _navigate_to (res://scripts/citizen_agent.gd:222)
       [388] _assign_next_task (res://scripts/citizen_agent.gd:213)
       [389] _navigate_to (res://scripts/citizen_agent.gd:222)
       [390] _assign_next_task (res://scripts/citizen_agent.gd:213)
       [391] _navigate_to (res://scripts/citizen_agent.gd:222)
       [392] _assign_next_task (res://scripts/citizen_agent.gd:213)
       [393] _navigate_to (res://scripts/citizen_agent.gd:222)
       [394] _assign_next_task (res://scripts/citizen_agent.gd:213)
       [395] _navigate_to (res://scripts/citizen_agent.gd:222)
       [396] _assign_next_task (res://scripts/citizen_agent.gd:213)
       [397] _navigate_to (res://scripts/citizen_agent.gd:222)
       [398] _assign_next_task (res://scripts/citizen_agent.gd:213)
       [399] _navigate_to (res://scripts/citizen_agent.gd:222)
       [400] _assign_next_task (res://scripts/citizen_agent.gd:213)
       [401] _navigate_to (res://scripts/citizen_agent.gd:222)
       [402] _assign_next_task (res://scripts/citizen_agent.gd:213)
       [403] _navigate_to (res://scripts/citizen_agent.gd:222)
       [404] _assign_next_task (res://scripts/citizen_agent.gd:213)
       [405] _navigate_to (res://scripts/citizen_agent.gd:222)
       [406] _assign_next_task (res://scripts/citizen_agent.gd:213)
       [407] _navigate_to (res://scripts/citizen_agent.gd:222)
       [408] _assign_next_task (res://scripts/citizen_agent.gd:213)
       [409] _navigate_to (res://scripts/citizen_agent.gd:222)
       [410] _assign_next_task (res://scripts/citizen_agent.gd:213)
       [411] _navigate_to (res://scripts/citizen_agent.gd:222)
       [412] _assign_next_task (res://scripts/citizen_agent.gd:213)
       [413] _navigate_to (res://scripts/citizen_agent.gd:222)
       [414] _assign_next_task (res://scripts/citizen_agent.gd:213)
       [415] _navigate_to (res://scripts/citizen_agent.gd:222)
       [416] _assign_next_task (res://scripts/citizen_agent.gd:213)
       [417] _navigate_to (res://scripts/citizen_agent.gd:222)
       [418] _assign_next_task (res://scripts/citizen_agent.gd:213)
       [419] _navigate_to (res://scripts/citizen_agent.gd:222)
       [420] _assign_next_task (res://scripts/citizen_agent.gd:213)
       [421] _navigate_to (res://scripts/citizen_agent.gd:222)
       [422] _assign_next_task (res://scripts/citizen_agent.gd:213)
       [423] _navigate_to (res://scripts/citizen_agent.gd:222)
       [424] _assign_next_task (res://scripts/citizen_agent.gd:213)
       [425] _navigate_to (res://scripts/citizen_agent.gd:222)
       [426] _assign_next_task (res://scripts/citizen_agent.gd:213)
       [427] _navigate_to (res://scripts/citizen_agent.gd:222)
       [428] _assign_next_task (res://scripts/citizen_agent.gd:213)
       [429] _navigate_to (res://scripts/citizen_agent.gd:222)
       [430] _assign_next_task (res://scripts/citizen_agent.gd:213)
       [431] _navigate_to (res://scripts/citizen_agent.gd:222)
       [432] _assign_next_task (res://scripts/citizen_agent.gd:213)
       [433] _navigate_to (res://scripts/citizen_agent.gd:222)
       [434] _assign_next_task (res://scripts/citizen_agent.gd:213)
       [435] _navigate_to (res://scripts/citizen_agent.gd:222)
       [436] _assign_next_task (res://scripts/citizen_agent.gd:213)
       [437] _navigate_to (res://scripts/citizen_agent.gd:222)
       [438] _assign_next_task (res://scripts/citizen_agent.gd:213)
       [439] _navigate_to (res://scripts/citizen_agent.gd:222)
       [440] _assign_next_task (res://scripts/citizen_agent.gd:213)
       [441] _navigate_to (res://scripts/citizen_agent.gd:222)
       [442] _assign_next_task (res://scripts/citizen_agent.gd:213)
       [443] _navigate_to (res://scripts/citizen_agent.gd:222)
       [444] _assign_next_task (res://scripts/citizen_agent.gd:213)
       [445] _navigate_to (res://scripts/citizen_agent.gd:222)
       [446] _assign_next_task (res://scripts/citizen_agent.gd:213)
       [447] _navigate_to (res://scripts/citizen_agent.gd:222)
       [448] _assign_next_task (res://scripts/citizen_agent.gd:213)
       [449] _navigate_to (res://scripts/citizen_agent.gd:222)
       [450] _assign_next_task (res://scripts/citizen_agent.gd:213)
       [451] _navigate_to (res://scripts/citizen_agent.gd:222)
       [452] _assign_next_task (res://scripts/citizen_agent.gd:213)
       [453] _navigate_to (res://scripts/citizen_agent.gd:222)
       [454] _assign_next_task (res://scripts/citizen_agent.gd:213)
       [455] _navigate_to (res://scripts/citizen_agent.gd:222)
       [456] _assign_next_task (res://scripts/citizen_agent.gd:213)
       [457] _navigate_to (res://scripts/citizen_agent.gd:222)
       [458] _assign_next_task (res://scripts/citizen_agent.gd:213)
       [459] _navigate_to (res://scripts/citizen_agent.gd:222)
       [460] _assign_next_task (res://scripts/citizen_agent.gd:213)
       [461] _navigate_to (res://scripts/citizen_agent.gd:222)
       [462] _assign_next_task (res://scripts/citizen_agent.gd:213)
       [463] _navigate_to (res://scripts/citizen_agent.gd:222)
       [464] _assign_next_task (res://scripts/citizen_agent.gd:213)
       [465] _navigate_to (res://scripts/citizen_agent.gd:222)
       [466] _assign_next_task (res://scripts/citizen_agent.gd:213)
       [467] _navigate_to (res://scripts/citizen_agent.gd:222)
       [468] _assign_next_task (res://scripts/citizen_agent.gd:213)
       [469] _navigate_to (res://scripts/citizen_agent.gd:222)
       [470] _assign_next_task (res://scripts/citizen_agent.gd:213)
       [471] _navigate_to (res://scripts/citizen_agent.gd:222)
       [472] _assign_next_task (res://scripts/citizen_agent.gd:213)
       [473] _navigate_to (res://scripts/citizen_agent.gd:222)
       [474] _assign_next_task (res://scripts/citizen_agent.gd:213)
       [475] _navigate_to (res://scripts/citizen_agent.gd:222)
       [476] _assign_next_task (res://scripts/citizen_agent.gd:213)
       [477] _navigate_to (res://scripts/citizen_agent.gd:222)
       [478] _assign_next_task (res://scripts/citizen_agent.gd:213)
       [479] _navigate_to (res://scripts/citizen_agent.gd:222)
       [480] _assign_next_task (res://scripts/citizen_agent.gd:213)
       [481] _navigate_to (res://scripts/citizen_agent.gd:222)
       [482] _assign_next_task (res://scripts/citizen_agent.gd:213)
       [483] _navigate_to (res://scripts/citizen_agent.gd:222)
       [484] _assign_next_task (res://scripts/citizen_agent.gd:213)
       [485] _navigate_to (res://scripts/citizen_agent.gd:222)
       [486] _assign_next_task (res://scripts/citizen_agent.gd:213)
       [487] _navigate_to (res://scripts/citizen_agent.gd:222)
       [488] _assign_next_task (res://scripts/citizen_agent.gd:213)
       [489] _navigate_to (res://scripts/citizen_agent.gd:222)
       [490] _assign_next_task (res://scripts/citizen_agent.gd:213)
       [491] _navigate_to (res://scripts/citizen_agent.gd:222)
       [492] _assign_next_task (res://scripts/citizen_agent.gd:213)
       [493] _navigate_to (res://scripts/citizen_agent.gd:222)
       [494] _assign_next_task (res://scripts/citizen_agent.gd:213)
       [495] _navigate_to (res://scripts/citizen_agent.gd:222)
       [496] _assign_next_task (res://scripts/citizen_agent.gd:213)
       [497] _navigate_to (res://scripts/citizen_agent.gd:222)
       [498] _assign_next_task (res://scripts/citizen_agent.gd:213)
       [499] _navigate_to (res://scripts/citizen_agent.gd:222)
       [500] _assign_next_task (res://scripts/citizen_agent.gd:213)
       [501] _navigate_to (res://scripts/citizen_agent.gd:222)
       [502] _assign_next_task (res://scripts/citizen_agent.gd:213)
       [503] _navigate_to (res://scripts/citizen_agent.gd:222)
       [504] _assign_next_task (res://scripts/citizen_agent.gd:213)
       [505] _navigate_to (res://scripts/citizen_agent.gd:222)
       [506] _assign_next_task (res://scripts/citizen_agent.gd:213)
       [507] _navigate_to (res://scripts/citizen_agent.gd:222)
       [508] _assign_next_task (res://scripts/citizen_agent.gd:213)
       [509] _navigate_to (res://scripts/citizen_agent.gd:222)
       [510] _assign_next_task (res://scripts/citizen_agent.gd:213)
       [511] _navigate_to (res://scripts/citizen_agent.gd:222)
       [512] _assign_next_task (res://scripts/citizen_agent.gd:213)
       [513] _navigate_to (res://scripts/citizen_agent.gd:222)
       [514] _assign_next_task (res://scripts/citizen_agent.gd:213)
       [515] _navigate_to (res://scripts/citizen_agent.gd:222)
       [516] _assign_next_task (res://scripts/citizen_agent.gd:213)
       [517] _navigate_to (res://scripts/citizen_agent.gd:222)
       [518] _assign_next_task (res://scripts/citizen_agent.gd:213)
       [519] _navigate_to (res://scripts/citizen_agent.gd:222)
       [520] _assign_next_task (res://scripts/citizen_agent.gd:213)
       [521] _navigate_to (res://scripts/citizen_agent.gd:222)
       [522] _assign_next_task (res://scripts/citizen_agent.gd:213)
       [523] _navigate_to (res://scripts/citizen_agent.gd:222)
       [524] _assign_next_task (res://scripts/citizen_agent.gd:213)
       [525] _navigate_to (res://scripts/citizen_agent.gd:222)
       [526] _assign_next_task (res://scripts/citizen_agent.gd:213)
       [527] _navigate_to (res://scripts/citizen_agent.gd:222)
       [528] _assign_next_task (res://scripts/citizen_agent.gd:213)
       [529] _navigate_to (res://scripts/citizen_agent.gd:222)
       [530] _assign_next_task (res://scripts/citizen_agent.gd:213)
       [531] _navigate_to (res://scripts/citizen_agent.gd:222)
       [532] _assign_next_task (res://scripts/citizen_agent.gd:213)
       [533] _navigate_to (res://scripts/citizen_agent.gd:222)
       [534] _assign_next_task (res://scripts/citizen_agent.gd:213)
       [535] _navigate_to (res://scripts/citizen_agent.gd:222)
       [536] _assign_next_task (res://scripts/citizen_agent.gd:213)
       [537] _navigate_to (res://scripts/citizen_agent.gd:222)
       [538] _assign_next_task (res://scripts/citizen_agent.gd:213)
       [539] _navigate_to (res://scripts/citizen_agent.gd:222)
       [540] _assign_next_task (res://scripts/citizen_agent.gd:213)
       [541] _navigate_to (res://scripts/citizen_agent.gd:222)
       [542] _assign_next_task (res://scripts/citizen_agent.gd:213)
       [543] _navigate_to (res://scripts/citizen_agent.gd:222)
       [544] _assign_next_task (res://scripts/citizen_agent.gd:213)
       [545] _navigate_to (res://scripts/citizen_agent.gd:222)
       [546] _assign_next_task (res://scripts/citizen_agent.gd:213)
       [547] _navigate_to (res://scripts/citizen_agent.gd:222)
       [548] _assign_next_task (res://scripts/citizen_agent.gd:213)
       [549] _navigate_to (res://scripts/citizen_agent.gd:222)
       [550] _assign_next_task (res://scripts/citizen_agent.gd:213)
       [551] _navigate_to (res://scripts/citizen_agent.gd:222)
       [552] _assign_next_task (res://scripts/citizen_agent.gd:213)
       [553] _navigate_to (res://scripts/citizen_agent.gd:222)
       [554] _assign_next_task (res://scripts/citizen_agent.gd:213)
       [555] _navigate_to (res://scripts/citizen_agent.gd:222)
       [556] _assign_next_task (res://scripts/citizen_agent.gd:213)
       [557] _navigate_to (res://scripts/citizen_agent.gd:222)
       [558] _assign_next_task (res://scripts/citizen_agent.gd:213)
       [559] _navigate_to (res://scripts/citizen_agent.gd:222)
       [560] _assign_next_task (res://scripts/citizen_agent.gd:213)
       [561] _navigate_to (res://scripts/citizen_agent.gd:222)
       [562] _assign_next_task (res://scripts/citizen_agent.gd:213)
       [563] _navigate_to (res://scripts/citizen_agent.gd:222)
       [564] _assign_next_task (res://scripts/citizen_agent.gd:213)
       [565] _navigate_to (res://scripts/citizen_agent.gd:222)
       [566] _assign_next_task (res://scripts/citizen_agent.gd:213)
       [567] _navigate_to (res://scripts/citizen_agent.gd:222)
       [568] _assign_next_task (res://scripts/citizen_agent.gd:213)
       [569] _navigate_to (res://scripts/citizen_agent.gd:222)
       [570] _assign_next_task (res://scripts/citizen_agent.gd:213)
       [571] _navigate_to (res://scripts/citizen_agent.gd:222)
       [572] _assign_next_task (res://scripts/citizen_agent.gd:213)
       [573] _navigate_to (res://scripts/citizen_agent.gd:222)
       [574] _assign_next_task (res://scripts/citizen_agent.gd:213)
       [575] _navigate_to (res://scripts/citizen_agent.gd:222)
       [576] _assign_next_task (res://scripts/citizen_agent.gd:213)
       [577] _navigate_to (res://scripts/citizen_agent.gd:222)
       [578] _assign_next_task (res://scripts/citizen_agent.gd:213)
       [579] _navigate_to (res://scripts/citizen_agent.gd:222)
       [580] _assign_next_task (res://scripts/citizen_agent.gd:213)
       [581] _navigate_to (res://scripts/citizen_agent.gd:222)
       [582] _assign_next_task (res://scripts/citizen_agent.gd:213)
       [583] _navigate_to (res://scripts/citizen_agent.gd:222)
       [584] _assign_next_task (res://scripts/citizen_agent.gd:213)
       [585] _navigate_to (res://scripts/citizen_agent.gd:222)
       [586] _assign_next_task (res://scripts/citizen_agent.gd:213)
       [587] _navigate_to (res://scripts/citizen_agent.gd:222)
       [588] _assign_next_task (res://scripts/citizen_agent.gd:213)
       [589] _navigate_to (res://scripts/citizen_agent.gd:222)
       [590] _assign_next_task (res://scripts/citizen_agent.gd:213)
       [591] _navigate_to (res://scripts/citizen_agent.gd:222)
       [592] _assign_next_task (res://scripts/citizen_agent.gd:213)
       [593] _navigate_to (res://scripts/citizen_agent.gd:222)
       [594] _assign_next_task (res://scripts/citizen_agent.gd:213)
       [595] _navigate_to (res://scripts/citizen_agent.gd:222)
       [596] _assign_next_task (res://scripts/citizen_agent.gd:213)
       [597] _navigate_to (res://scripts/citizen_agent.gd:222)
       [598] _assign_next_task (res://scripts/citizen_agent.gd:213)
       [599] _navigate_to (res://scripts/citizen_agent.gd:222)
       [600] _assign_next_task (res://scripts/citizen_agent.gd:213)
       [601] _navigate_to (res://scripts/citizen_agent.gd:222)
       [602] _assign_next_task (res://scripts/citizen_agent.gd:213)
       [603] _navigate_to (res://scripts/citizen_agent.gd:222)
       [604] _assign_next_task (res://scripts/citizen_agent.gd:213)
       [605] _navigate_to (res://scripts/citizen_agent.gd:222)
       [606] _assign_next_task (res://scripts/citizen_agent.gd:213)
       [607] _navigate_to (res://scripts/citizen_agent.gd:222)
       [608] _assign_next_task (res://scripts/citizen_agent.gd:213)
       [609] _navigate_to (res://scripts/citizen_agent.gd:222)
       [610] _assign_next_task (res://scripts/citizen_agent.gd:213)
       [611] _navigate_to (res://scripts/citizen_agent.gd:222)
       [612] _assign_next_task (res://scripts/citizen_agent.gd:213)
       [613] _navigate_to (res://scripts/citizen_agent.gd:222)
       [614] _assign_next_task (res://scripts/citizen_agent.gd:213)
       [615] _navigate_to (res://scripts/citizen_agent.gd:222)
       [616] _assign_next_task (res://scripts/citizen_agent.gd:213)
       [617] _navigate_to (res://scripts/citizen_agent.gd:222)
       [618] _assign_next_task (res://scripts/citizen_agent.gd:213)
       [619] _navigate_to (res://scripts/citizen_agent.gd:222)
       [620] _assign_next_task (res://scripts/citizen_agent.gd:213)
       [621] _navigate_to (res://scripts/citizen_agent.gd:222)
       [622] _assign_next_task (res://scripts/citizen_agent.gd:213)
       [623] _navigate_to (res://scripts/citizen_agent.gd:222)
       [624] _assign_next_task (res://scripts/citizen_agent.gd:213)
       [625] _navigate_to (res://scripts/citizen_agent.gd:222)
       [626] _assign_next_task (res://scripts/citizen_agent.gd:213)
       [627] _navigate_to (res://scripts/citizen_agent.gd:222)
       [628] _assign_next_task (res://scripts/citizen_agent.gd:213)
       [629] _navigate_to (res://scripts/citizen_agent.gd:222)
       [630] _assign_next_task (res://scripts/citizen_agent.gd:213)
       [631] _navigate_to (res://scripts/citizen_agent.gd:222)
       [632] _assign_next_task (res://scripts/citizen_agent.gd:213)
       [633] _navigate_to (res://scripts/citizen_agent.gd:222)
       [634] _assign_next_task (res://scripts/citizen_agent.gd:213)
       [635] _navigate_to (res://scripts/citizen_agent.gd:222)
       [636] _assign_next_task (res://scripts/citizen_agent.gd:213)
       [637] _navigate_to (res://scripts/citizen_agent.gd:222)
       [638] _assign_next_task (res://scripts/citizen_agent.gd:213)
       [639] _navigate_to (res://scripts/citizen_agent.gd:222)
       [640] _assign_next_task (res://scripts/citizen_agent.gd:213)
       [641] _navigate_to (res://scripts/citizen_agent.gd:222)
       [642] _assign_next_task (res://scripts/citizen_agent.gd:213)
       [643] _navigate_to (res://scripts/citizen_agent.gd:222)
       [644] _assign_next_task (res://scripts/citizen_agent.gd:213)
       [645] _navigate_to (res://scripts/citizen_agent.gd:222)
       [646] _assign_next_task (res://scripts/citizen_agent.gd:213)
       [647] _navigate_to (res://scripts/citizen_agent.gd:222)
       [648] _assign_next_task (res://scripts/citizen_agent.gd:213)
       [649] _navigate_to (res://scripts/citizen_agent.gd:222)
       [650] _assign_next_task (res://scripts/citizen_agent.gd:213)
       [651] _navigate_to (res://scripts/citizen_agent.gd:222)
       [652] _assign_next_task (res://scripts/citizen_agent.gd:213)
       [653] _navigate_to (res://scripts/citizen_agent.gd:222)
       [654] _assign_next_task (res://scripts/citizen_agent.gd:213)
       [655] _navigate_to (res://scripts/citizen_agent.gd:222)
       [656] _assign_next_task (res://scripts/citizen_agent.gd:213)
       [657] _navigate_to (res://scripts/citizen_agent.gd:222)
       [658] _assign_next_task (res://scripts/citizen_agent.gd:213)
       [659] _navigate_to (res://scripts/citizen_agent.gd:222)
       [660] _assign_next_task (res://scripts/citizen_agent.gd:213)
       [661] _navigate_to (res://scripts/citizen_agent.gd:222)
       [662] _assign_next_task (res://scripts/citizen_agent.gd:213)
       [663] _navigate_to (res://scripts/citizen_agent.gd:222)
       [664] _assign_next_task (res://scripts/citizen_agent.gd:213)
       [665] _navigate_to (res://scripts/citizen_agent.gd:222)
       [666] _assign_next_task (res://scripts/citizen_agent.gd:213)
       [667] _navigate_to (res://scripts/citizen_agent.gd:222)
       [668] _assign_next_task (res://scripts/citizen_agent.gd:213)
       [669] _navigate_to (res://scripts/citizen_agent.gd:222)
       [670] _assign_next_task (res://scripts/citizen_agent.gd:213)
       [671] _navigate_to (res://scripts/citizen_agent.gd:222)
       [672] _assign_next_task (res://scripts/citizen_agent.gd:213)
       [673] _navigate_to (res://scripts/citizen_agent.gd:222)
       [674] _assign_next_task (res://scripts/citizen_agent.gd:213)
       [675] _navigate_to (res://scripts/citizen_agent.gd:222)
       [676] _assign_next_task (res://scripts/citizen_agent.gd:213)
       [677] _navigate_to (res://scripts/citizen_agent.gd:222)
       [678] _assign_next_task (res://scripts/citizen_agent.gd:213)
       [679] _navigate_to (res://scripts/citizen_agent.gd:222)
       [680] _assign_next_task (res://scripts/citizen_agent.gd:213)
       [681] _navigate_to (res://scripts/citizen_agent.gd:222)
       [682] _assign_next_task (res://scripts/citizen_agent.gd:213)
       [683] _navigate_to (res://scripts/citizen_agent.gd:222)
       [684] _assign_next_task (res://scripts/citizen_agent.gd:213)
       [685] _navigate_to (res://scripts/citizen_agent.gd:222)
       [686] _assign_next_task (res://scripts/citizen_agent.gd:213)
       [687] _navigate_to (res://scripts/citizen_agent.gd:222)
       [688] _assign_next_task (res://scripts/citizen_agent.gd:213)
       [689] _navigate_to (res://scripts/citizen_agent.gd:222)
       [690] _assign_next_task (res://scripts/citizen_agent.gd:213)
       [691] _navigate_to (res://scripts/citizen_agent.gd:222)
       [692] _assign_next_task (res://scripts/citizen_agent.gd:213)
       [693] _navigate_to (res://scripts/citizen_agent.gd:222)
       [694] _assign_next_task (res://scripts/citizen_agent.gd:213)
       [695] _navigate_to (res://scripts/citizen_agent.gd:222)
       [696] _assign_next_task (res://scripts/citizen_agent.gd:213)
       [697] _navigate_to (res://scripts/citizen_agent.gd:222)
       [698] _assign_next_task (res://scripts/citizen_agent.gd:213)
       [699] _navigate_to (res://scripts/citizen_agent.gd:222)
       [700] _assign_next_task (res://scripts/citizen_agent.gd:213)
       [701] _navigate_to (res://scripts/citizen_agent.gd:222)
       [702] _assign_next_task (res://scripts/citizen_agent.gd:213)
       [703] _navigate_to (res://scripts/citizen_agent.gd:222)
       [704] _assign_next_task (res://scripts/citizen_agent.gd:213)
       [705] _navigate_to (res://scripts/citizen_agent.gd:222)
       [706] _assign_next_task (res://scripts/citizen_agent.gd:213)
       [707] _navigate_to (res://scripts/citizen_agent.gd:222)
       [708] _assign_next_task (res://scripts/citizen_agent.gd:213)
       [709] _navigate_to (res://scripts/citizen_agent.gd:222)
       [710] _assign_next_task (res://scripts/citizen_agent.gd:213)
       [711] _navigate_to (res://scripts/citizen_agent.gd:222)
       [712] _assign_next_task (res://scripts/citizen_agent.gd:213)
       [713] _navigate_to (res://scripts/citizen_agent.gd:222)
       [714] _assign_next_task (res://scripts/citizen_agent.gd:213)
       [715] _navigate_to (res://scripts/citizen_agent.gd:222)
       [716] _assign_next_task (res://scripts/citizen_agent.gd:213)
       [717] _navigate_to (res://scripts/citizen_agent.gd:222)
       [718] _assign_next_task (res://scripts/citizen_agent.gd:213)
       [719] _navigate_to (res://scripts/citizen_agent.gd:222)
       [720] _assign_next_task (res://scripts/citizen_agent.gd:213)
       [721] _navigate_to (res://scripts/citizen_agent.gd:222)
       [722] _assign_next_task (res://scripts/citizen_agent.gd:213)
       [723] _navigate_to (res://scripts/citizen_agent.gd:222)
       [724] _assign_next_task (res://scripts/citizen_agent.gd:213)
       [725] _navigate_to (res://scripts/citizen_agent.gd:222)
       [726] _assign_next_task (res://scripts/citizen_agent.gd:213)
       [727] _navigate_to (res://scripts/citizen_agent.gd:222)
       [728] _assign_next_task (res://scripts/citizen_agent.gd:213)
       [729] _navigate_to (res://scripts/citizen_agent.gd:222)
       [730] _assign_next_task (res://scripts/citizen_agent.gd:213)
       [731] _navigate_to (res://scripts/citizen_agent.gd:222)
       [732] _assign_next_task (res://scripts/citizen_agent.gd:213)
       [733] _navigate_to (res://scripts/citizen_agent.gd:222)
       [734] _assign_next_task (res://scripts/citizen_agent.gd:213)
       [735] _navigate_to (res://scripts/citizen_agent.gd:222)
       [736] _assign_next_task (res://scripts/citizen_agent.gd:213)
       [737] _navigate_to (res://scripts/citizen_agent.gd:222)
       [738] _assign_next_task (res://scripts/citizen_agent.gd:213)
       [739] _navigate_to (res://scripts/citizen_agent.gd:222)
       [740] _assign_next_task (res://scripts/citizen_agent.gd:213)
       [741] _navigate_to (res://scripts/citizen_agent.gd:222)
       [742] _assign_next_task (res://scripts/citizen_agent.gd:213)
       [743] _navigate_to (res://scripts/citizen_agent.gd:222)
       [744] _assign_next_task (res://scripts/citizen_agent.gd:213)
       [745] _navigate_to (res://scripts/citizen_agent.gd:222)
       [746] _assign_next_task (res://scripts/citizen_agent.gd:213)
       [747] _navigate_to (res://scripts/citizen_agent.gd:222)
       [748] _assign_next_task (res://scripts/citizen_agent.gd:213)
       [749] _navigate_to (res://scripts/citizen_agent.gd:222)
       [750] _assign_next_task (res://scripts/citizen_agent.gd:213)
       [751] _navigate_to (res://scripts/citizen_agent.gd:222)
       [752] _assign_next_task (res://scripts/citizen_agent.gd:213)
       [753] _navigate_to (res://scripts/citizen_agent.gd:222)
       [754] _assign_next_task (res://scripts/citizen_agent.gd:213)
       [755] _navigate_to (res://scripts/citizen_agent.gd:222)
       [756] _assign_next_task (res://scripts/citizen_agent.gd:213)
       [757] _navigate_to (res://scripts/citizen_agent.gd:222)
       [758] _assign_next_task (res://scripts/citizen_agent.gd:213)
       [759] _navigate_to (res://scripts/citizen_agent.gd:222)
       [760] _assign_next_task (res://scripts/citizen_agent.gd:213)
       [761] _navigate_to (res://scripts/citizen_agent.gd:222)
       [762] _assign_next_task (res://scripts/citizen_agent.gd:213)
       [763] _navigate_to (res://scripts/citizen_agent.gd:222)
       [764] _assign_next_task (res://scripts/citizen_agent.gd:213)
       [765] _navigate_to (res://scripts/citizen_agent.gd:222)
       [766] _assign_next_task (res://scripts/citizen_agent.gd:213)
       [767] _navigate_to (res://scripts/citizen_agent.gd:222)
       [768] _assign_next_task (res://scripts/citizen_agent.gd:213)
       [769] _navigate_to (res://scripts/citizen_agent.gd:222)
       [770] _assign_next_task (res://scripts/citizen_agent.gd:213)
       [771] _navigate_to (res://scripts/citizen_agent.gd:222)
       [772] _assign_next_task (res://scripts/citizen_agent.gd:213)
       [773] _navigate_to (res://scripts/citizen_agent.gd:222)
       [774] _assign_next_task (res://scripts/citizen_agent.gd:213)
       [775] _navigate_to (res://scripts/citizen_agent.gd:222)
       [776] _assign_next_task (res://scripts/citizen_agent.gd:213)
       [777] _navigate_to (res://scripts/citizen_agent.gd:222)
       [778] _assign_next_task (res://scripts/citizen_agent.gd:213)
       [779] _navigate_to (res://scripts/citizen_agent.gd:222)
       [780] _assign_next_task (res://scripts/citizen_agent.gd:213)
       [781] _navigate_to (res://scripts/citizen_agent.gd:222)
       [782] _assign_next_task (res://scripts/citizen_agent.gd:213)
       [783] _navigate_to (res://scripts/citizen_agent.gd:222)
       [784] _assign_next_task (res://scripts/citizen_agent.gd:213)
       [785] _navigate_to (res://scripts/citizen_agent.gd:222)
       [786] _assign_next_task (res://scripts/citizen_agent.gd:213)
       [787] _navigate_to (res://scripts/citizen_agent.gd:222)
       [788] _assign_next_task (res://scripts/citizen_agent.gd:213)
       [789] _navigate_to (res://scripts/citizen_agent.gd:222)
       [790] _assign_next_task (res://scripts/citizen_agent.gd:213)
       [791] _navigate_to (res://scripts/citizen_agent.gd:222)
       [792] _assign_next_task (res://scripts/citizen_agent.gd:213)
       [793] _navigate_to (res://scripts/citizen_agent.gd:222)
       [794] _assign_next_task (res://scripts/citizen_agent.gd:213)
       [795] _navigate_to (res://scripts/citizen_agent.gd:222)
       [796] _assign_next_task (res://scripts/citizen_agent.gd:213)
       [797] _navigate_to (res://scripts/citizen_agent.gd:222)
       [798] _assign_next_task (res://scripts/citizen_agent.gd:213)
       [799] _navigate_to (res://scripts/citizen_agent.gd:222)
       [800] _assign_next_task (res://scripts/citizen_agent.gd:213)
       [801] _navigate_to (res://scripts/citizen_agent.gd:222)
       [802] _assign_next_task (res://scripts/citizen_agent.gd:213)
       [803] _navigate_to (res://scripts/citizen_agent.gd:222)
       [804] _assign_next_task (res://scripts/citizen_agent.gd:213)
       [805] _navigate_to (res://scripts/citizen_agent.gd:222)
       [806] _assign_next_task (res://scripts/citizen_agent.gd:213)
       [807] _navigate_to (res://scripts/citizen_agent.gd:222)
       [808] _assign_next_task (res://scripts/citizen_agent.gd:213)
       [809] _navigate_to (res://scripts/citizen_agent.gd:222)
       [810] _assign_next_task (res://scripts/citizen_agent.gd:213)
       [811] _navigate_to (res://scripts/citizen_agent.gd:222)
       [812] _assign_next_task (res://scripts/citizen_agent.gd:213)
       [813] _navigate_to (res://scripts/citizen_agent.gd:222)
       [814] _assign_next_task (res://scripts/citizen_agent.gd:213)
       [815] _navigate_to (res://scripts/citizen_agent.gd:222)
       [816] _assign_next_task (res://scripts/citizen_agent.gd:213)
       [817] _navigate_to (res://scripts/citizen_agent.gd:222)
       [818] _assign_next_task (res://scripts/citizen_agent.gd:213)
       [819] _navigate_to (res://scripts/citizen_agent.gd:222)
       [820] _assign_next_task (res://scripts/citizen_agent.gd:213)
       [821] _navigate_to (res://scripts/citizen_agent.gd:222)
       [822] _assign_next_task (res://scripts/citizen_agent.gd:213)
       [823] _navigate_to (res://scripts/citizen_agent.gd:222)
       [824] _assign_next_task (res://scripts/citizen_agent.gd:213)
       [825] _navigate_to (res://scripts/citizen_agent.gd:222)
       [826] _assign_next_task (res://scripts/citizen_agent.gd:213)
       [827] _navigate_to (res://scripts/citizen_agent.gd:222)
       [828] _assign_next_task (res://scripts/citizen_agent.gd:213)
       [829] _navigate_to (res://scripts/citizen_agent.gd:222)
       [830] _assign_next_task (res://scripts/citizen_agent.gd:213)
       [831] _navigate_to (res://scripts/citizen_agent.gd:222)
       [832] _assign_next_task (res://scripts/citizen_agent.gd:213)
       [833] _navigate_to (res://scripts/citizen_agent.gd:222)
       [834] _assign_next_task (res://scripts/citizen_agent.gd:213)
       [835] _navigate_to (res://scripts/citizen_agent.gd:222)
       [836] _assign_next_task (res://scripts/citizen_agent.gd:213)
       [837] _navigate_to (res://scripts/citizen_agent.gd:222)
       [838] _assign_next_task (res://scripts/citizen_agent.gd:213)
       [839] _navigate_to (res://scripts/citizen_agent.gd:222)
       [840] _assign_next_task (res://scripts/citizen_agent.gd:213)
       [841] _navigate_to (res://scripts/citizen_agent.gd:222)
       [842] _assign_next_task (res://scripts/citizen_agent.gd:213)
       [843] _navigate_to (res://scripts/citizen_agent.gd:222)
       [844] _assign_next_task (res://scripts/citizen_agent.gd:213)
       [845] _navigate_to (res://scripts/citizen_agent.gd:222)
       [846] _assign_next_task (res://scripts/citizen_agent.gd:213)
       [847] _navigate_to (res://scripts/citizen_agent.gd:222)
       [848] _assign_next_task (res://scripts/citizen_agent.gd:213)
       [849] _navigate_to (res://scripts/citizen_agent.gd:222)
       [850] _assign_next_task (res://scripts/citizen_agent.gd:213)
       [851] _navigate_to (res://scripts/citizen_agent.gd:222)
       [852] _assign_next_task (res://scripts/citizen_agent.gd:213)
       [853] _navigate_to (res://scripts/citizen_agent.gd:222)
       [854] _assign_next_task (res://scripts/citizen_agent.gd:213)
       [855] _navigate_to (res://scripts/citizen_agent.gd:222)
       [856] _assign_next_task (res://scripts/citizen_agent.gd:213)
       [857] _navigate_to (res://scripts/citizen_agent.gd:222)
       [858] _assign_next_task (res://scripts/citizen_agent.gd:213)
       [859] _navigate_to (res://scripts/citizen_agent.gd:222)
       [860] _assign_next_task (res://scripts/citizen_agent.gd:213)
       [861] _navigate_to (res://scripts/citizen_agent.gd:222)
       [862] _assign_next_task (res://scripts/citizen_agent.gd:213)
       [863] _navigate_to (res://scripts/citizen_agent.gd:222)
       [864] _assign_next_task (res://scripts/citizen_agent.gd:213)
       [865] _navigate_to (res://scripts/citizen_agent.gd:222)
       [866] _assign_next_task (res://scripts/citizen_agent.gd:213)
       [867] _navigate_to (res://scripts/citizen_agent.gd:222)
       [868] _assign_next_task (res://scripts/citizen_agent.gd:213)
       [869] _navigate_to (res://scripts/citizen_agent.gd:222)
       [870] _assign_next_task (res://scripts/citizen_agent.gd:213)
       [871] _navigate_to (res://scripts/citizen_agent.gd:222)
       [872] _assign_next_task (res://scripts/citizen_agent.gd:213)
       [873] _navigate_to (res://scripts/citizen_agent.gd:222)
       [874] _assign_next_task (res://scripts/citizen_agent.gd:213)
       [875] _navigate_to (res://scripts/citizen_agent.gd:222)
       [876] _assign_next_task (res://scripts/citizen_agent.gd:213)
       [877] _navigate_to (res://scripts/citizen_agent.gd:222)
       [878] _assign_next_task (res://scripts/citizen_agent.gd:213)
       [879] _navigate_to (res://scripts/citizen_agent.gd:222)
       [880] _assign_next_task (res://scripts/citizen_agent.gd:213)
       [881] _navigate_to (res://scripts/citizen_agent.gd:222)
       [882] _assign_next_task (res://scripts/citizen_agent.gd:213)
       [883] _navigate_to (res://scripts/citizen_agent.gd:222)
       [884] _assign_next_task (res://scripts/citizen_agent.gd:213)
       [885] _navigate_to (res://scripts/citizen_agent.gd:222)
       [886] _assign_next_task (res://scripts/citizen_agent.gd:213)
       [887] _navigate_to (res://scripts/citizen_agent.gd:222)
       [888] _assign_next_task (res://scripts/citizen_agent.gd:213)
       [889] _navigate_to (res://scripts/citizen_agent.gd:222)
       [890] _assign_next_task (res://scripts/citizen_agent.gd:213)
       [891] _navigate_to (res://scripts/citizen_agent.gd:222)
       [892] _assign_next_task (res://scripts/citizen_agent.gd:213)
       [893] _navigate_to (res://scripts/citizen_agent.gd:222)
       [894] _assign_next_task (res://scripts/citizen_agent.gd:213)
       [895] _navigate_to (res://scripts/citizen_agent.gd:222)
       [896] _assign_next_task (res://scripts/citizen_agent.gd:213)
       [897] _navigate_to (res://scripts/citizen_agent.gd:222)
       [898] _assign_next_task (res://scripts/citizen_agent.gd:213)
       [899] _navigate_to (res://scripts/citizen_agent.gd:222)
       [900] _assign_next_task (res://scripts/citizen_agent.gd:213)
       [901] _navigate_to (res://scripts/citizen_agent.gd:222)
       [902] _assign_next_task (res://scripts/citizen_agent.gd:213)
       [903] _navigate_to (res://scripts/citizen_agent.gd:222)
       [904] _assign_next_task (res://scripts/citizen_agent.gd:213)
       [905] _navigate_to (res://scripts/citizen_agent.gd:222)
       [906] _assign_next_task (res://scripts/citizen_agent.gd:213)
       [907] _navigate_to (res://scripts/citizen_agent.gd:222)
       [908] _assign_next_task (res://scripts/citizen_agent.gd:213)
       [909] _navigate_to (res://scripts/citizen_agent.gd:222)
       [910] _assign_next_task (res://scripts/citizen_agent.gd:213)
       [911] _navigate_to (res://scripts/citizen_agent.gd:222)
       [912] _assign_next_task (res://scripts/citizen_agent.gd:213)
       [913] _navigate_to (res://scripts/citizen_agent.gd:222)
       [914] _assign_next_task (res://scripts/citizen_agent.gd:213)
       [915] _navigate_to (res://scripts/citizen_agent.gd:222)
       [916] _assign_next_task (res://scripts/citizen_agent.gd:213)
       [917] _navigate_to (res://scripts/citizen_agent.gd:222)
       [918] _assign_next_task (res://scripts/citizen_agent.gd:213)
       [919] _navigate_to (res://scripts/citizen_agent.gd:222)
       [920] _assign_next_task (res://scripts/citizen_agent.gd:213)
       [921] _navigate_to (res://scripts/citizen_agent.gd:222)
       [922] _assign_next_task (res://scripts/citizen_agent.gd:213)
       [923] _navigate_to (res://scripts/citizen_agent.gd:222)
       [924] _assign_next_task (res://scripts/citizen_agent.gd:213)
       [925] _navigate_to (res://scripts/citizen_agent.gd:222)
       [926] _assign_next_task (res://scripts/citizen_agent.gd:213)
       [927] _navigate_to (res://scripts/citizen_agent.gd:222)
       [928] _assign_next_task (res://scripts/citizen_agent.gd:213)
       [929] _navigate_to (res://scripts/citizen_agent.gd:222)
       [930] _assign_next_task (res://scripts/citizen_agent.gd:213)
       [931] _navigate_to (res://scripts/citizen_agent.gd:222)
       [932] _assign_next_task (res://scripts/citizen_agent.gd:213)
       [933] _navigate_to (res://scripts/citizen_agent.gd:222)
       [934] _assign_next_task (res://scripts/citizen_agent.gd:213)
       [935] _navigate_to (res://scripts/citizen_agent.gd:222)
       [936] _assign_next_task (res://scripts/citizen_agent.gd:213)
       [937] _navigate_to (res://scripts/citizen_agent.gd:222)
       [938] _assign_next_task (res://scripts/citizen_agent.gd:213)
       [939] _navigate_to (res://scripts/citizen_agent.gd:222)
       [940] _assign_next_task (res://scripts/citizen_agent.gd:213)
       [941] _navigate_to (res://scripts/citizen_agent.gd:222)
       [942] _assign_next_task (res://scripts/citizen_agent.gd:213)
       [943] _navigate_to (res://scripts/citizen_agent.gd:222)
       [944] _assign_next_task (res://scripts/citizen_agent.gd:213)
       [945] _navigate_to (res://scripts/citizen_agent.gd:222)
       [946] _assign_next_task (res://scripts/citizen_agent.gd:213)
       [947] _navigate_to (res://scripts/citizen_agent.gd:222)
       [948] _assign_next_task (res://scripts/citizen_agent.gd:213)
       [949] _navigate_to (res://scripts/citizen_agent.gd:222)
       [950] _assign_next_task (res://scripts/citizen_agent.gd:213)
       [951] _navigate_to (res://scripts/citizen_agent.gd:222)
       [952] _assign_next_task (res://scripts/citizen_agent.gd:213)
       [953] _navigate_to (res://scripts/citizen_agent.gd:222)
       [954] _assign_next_task (res://scripts/citizen_agent.gd:213)
       [955] _navigate_to (res://scripts/citizen_agent.gd:222)
       [956] _assign_next_task (res://scripts/citizen_agent.gd:213)
       [957] _navigate_to (res://scripts/citizen_agent.gd:222)
       [958] _assign_next_task (res://scripts/citizen_agent.gd:213)
       [959] _navigate_to (res://scripts/citizen_agent.gd:222)
       [960] _assign_next_task (res://scripts/citizen_agent.gd:213)
       [961] _navigate_to (res://scripts/citizen_agent.gd:222)
       [962] _assign_next_task (res://scripts/citizen_agent.gd:213)
       [963] _navigate_to (res://scripts/citizen_agent.gd:222)
       [964] _assign_next_task (res://scripts/citizen_agent.gd:213)
       [965] _navigate_to (res://scripts/citizen_agent.gd:222)
       [966] _assign_next_task (res://scripts/citizen_agent.gd:213)
       [967] _navigate_to (res://scripts/citizen_agent.gd:222)
       [968] _assign_next_task (res://scripts/citizen_agent.gd:213)
       [969] _navigate_to (res://scripts/citizen_agent.gd:222)
       [970] _assign_next_task (res://scripts/citizen_agent.gd:213)
       [971] _navigate_to (res://scripts/citizen_agent.gd:222)
       [972] _assign_next_task (res://scripts/citizen_agent.gd:213)
       [973] _navigate_to (res://scripts/citizen_agent.gd:222)
       [974] _assign_next_task (res://scripts/citizen_agent.gd:213)
       [975] _navigate_to (res://scripts/citizen_agent.gd:222)
       [976] _assign_next_task (res://scripts/citizen_agent.gd:213)
       [977] _navigate_to (res://scripts/citizen_agent.gd:222)
       [978] _assign_next_task (res://scripts/citizen_agent.gd:213)
       [979] _navigate_to (res://scripts/citizen_agent.gd:222)
       [980] _assign_next_task (res://scripts/citizen_agent.gd:213)
       [981] _navigate_to (res://scripts/citizen_agent.gd:222)
       [982] _assign_next_task (res://scripts/citizen_agent.gd:213)
       [983] _navigate_to (res://scripts/citizen_agent.gd:222)
       [984] _assign_next_task (res://scripts/citizen_agent.gd:213)
       [985] _navigate_to (res://scripts/citizen_agent.gd:222)
       [986] _assign_next_task (res://scripts/citizen_agent.gd:213)
       [987] _navigate_to (res://scripts/citizen_agent.gd:222)
       [988] _assign_next_task (res://scripts/citizen_agent.gd:213)
       [989] _navigate_to (res://scripts/citizen_agent.gd:222)
       [990] _assign_next_task (res://scripts/citizen_agent.gd:213)
       [991] _navigate_to (res://scripts/citizen_agent.gd:222)
       [992] _assign_next_task (res://scripts/citizen_agent.gd:213)
       [993] _navigate_to (res://scripts/citizen_agent.gd:222)
       [994] _assign_next_task (res://scripts/citizen_agent.gd:213)
       [995] _navigate_to (res://scripts/citizen_agent.gd:222)
       [996] _assign_next_task (res://scripts/citizen_agent.gd:213)
       [997] _navigate_to (res://scripts/citizen_agent.gd:222)
       [998] _assign_next_task (res://scripts/citizen_agent.gd:213)
       [999] _navigate_to (res://scripts/citizen_agent.gd:222)
       [1000] _assign_next_task (res://scripts/citizen_agent.gd:213)
       [1001] _navigate_to (res://scripts/citizen_agent.gd:222)
       [1002] _assign_next_task (res://scripts/citizen_agent.gd:213)
       [1003] _navigate_to (res://scripts/citizen_agent.gd:222)
       [1004] _assign_next_task (res://scripts/citizen_agent.gd:213)
       [1005] _navigate_to (res://scripts/citizen_agent.gd:222)
       [1006] _assign_next_task (res://scripts/citizen_agent.gd:213)
       [1007] _navigate_to (res://scripts/citizen_agent.gd:222)
       [1008] _assign_next_task (res://scripts/citizen_agent.gd:213)
       [1009] _navigate_to (res://scripts/citizen_agent.gd:222)
       [1010] _assign_next_task (res://scripts/citizen_agent.gd:213)
       [1011] _navigate_to (res://scripts/citizen_agent.gd:222)
       [1012] _assign_next_task (res://scripts/citizen_agent.gd:213)
       [1013] _navigate_to (res://scripts/citizen_agent.gd:222)
       [1014] _assign_next_task (res://scripts/citizen_agent.gd:213)
       [1015] _navigate_to (res://scripts/citizen_agent.gd:222)
       [1016] _assign_next_task (res://scripts/citizen_agent.gd:213)
       [1017] _navigate_to (res://scripts/citizen_agent.gd:222)
       [1018] _assign_next_task (res://scripts/citizen_agent.gd:213)
       [1019] _navigate_to (res://scripts/citizen_agent.gd:222)
       [1020] _assign_next_task (res://scripts/citizen_agent.gd:213)
       [1021] _process (res://scripts/citizen_agent.gd:66)
       [1022] step (res://scripts/civilization_simulation.gd:127)
       [1023] run (res://scripts/poc45_fast_test.gd:177)
SCRIPT ERROR: Stack overflow. Check for infinite recursion in your script.
   at: _cell_to_world (res://scripts/floor_navigation.gd:183)
   GDScript backtrace (most recent call first):
       [0] path_between (res://scripts/floor_navigation.gd:110)
       [1] route_between (res://scripts/surface_navigation.gd:71)
       [2] route_for (res://scripts/civilization_simulation.gd:438)
       [3] _navigate_to (res://scripts/citizen_agent.gd:217)
       [4] _assign_next_task (res://scripts/citizen_agent.gd:213)
       [5] _assign_next_task (res://scripts/citizen_agent.gd:213)
       [6] _assign_next_task (res://scripts/citizen_agent.gd:213)
       [7] _navigate_to (res://scripts/citizen_agent.gd:222)
       [8] _assign_next_task (res://scripts/citizen_agent.gd:213)
       [9] _navigate_to (res://scripts/citizen_agent.gd:222)
       [10] _assign_next_task (res://scripts/citizen_agent.gd:213)
       [11] _navigate_to (res://scripts/citizen_agent.gd:222)
       [12] _assign_next_task (res://scripts/citizen_agent.gd:213)
       [13] _navigate_to (res://scripts/citizen_agent.gd:222)
       [14] _assign_next_task (res://scripts/citizen_agent.gd:213)
       [15] _navigate_to (res://scripts/citizen_agent.gd:222)
       [16] _assign_next_task (res://scripts/citizen_agent.gd:213)
       [17] _navigate_to (res://scripts/citizen_agent.gd:222)
       [18] _assign_next_task (res://scripts/citizen_agent.gd:213)
       [19] _navigate_to (res://scripts/citizen_agent.gd:222)
       [20] _assign_next_task (res://scripts/citizen_agent.gd:213)
       [21] _navigate_to (res://scripts/citizen_agent.gd:222)
       [22] _assign_next_task (res://scripts/citizen_agent.gd:213)
       [23] _navigate_to (res://scripts/citizen_agent.gd:222)
       [24] _assign_next_task (res://scripts/citizen_agent.gd:213)
       [25] _navigate_to (res://scripts/citizen_agent.gd:222)
       [26] _assign_next_task (res://scripts/citizen_agent.gd:213)
       [27] _navigate_to (res://scripts/citizen_agent.gd:222)
       [28] _assign_next_task (res://scripts/citizen_agent.gd:213)
       [29] _navigate_to (res://scripts/citizen_agent.gd:222)
       [30] _assign_next_task (res://scripts/citizen_agent.gd:213)
       [31] _navigate_to (res://scripts/citizen_agent.gd:222)
       [32] _assign_next_task (res://scripts/citizen_agent.gd:213)
       [33] _navigate_to (res://scripts/citizen_agent.gd:222)
       [34] _assign_next_task (res://scripts/citizen_agent.gd:213)
       [35] _navigate_to (res://scripts/citizen_agent.gd:222)
       [36] _assign_next_task (res://scripts/citizen_agent.gd:213)
       [37] _navigate_to (res://scripts/citizen_agent.gd:222)
       [38] _assign_next_task (res://scripts/citizen_agent.gd:213)
       [39] _navigate_to (res://scripts/citizen_agent.gd:222)
       [40] _assign_next_task (res://scripts/citizen_agent.gd:213)
       [41] _navigate_to (res://scripts/citizen_agent.gd:222)
       [42] _assign_next_task (res://scripts/citizen_agent.gd:213)
       [43] _navigate_to (res://scripts/citizen_agent.gd:222)
       [44] _assign_next_task (res://scripts/citizen_agent.gd:213)
       [45] _navigate_to (res://scripts/citizen_agent.gd:222)
       [46] _assign_next_task (res://scripts/citizen_agent.gd:213)
       [47] _navigate_to (res://scripts/citizen_agent.gd:222)
       [48] _assign_next_task (res://scripts/citizen_agent.gd:213)
       [49] _navigate_to (res://scripts/citizen_agent.gd:222)
       [50] _assign_next_task (res://scripts/citizen_agent.gd:213)
       [51] _navigate_to (res://scripts/citizen_agent.gd:222)
       [52] _assign_next_task (res://scripts/citizen_agent.gd:213)
       [53] _navigate_to (res://scripts/citizen_agent.gd:222)
       [54] _assign_next_task (res://scripts/citizen_agent.gd:213)
       [55] _navigate_to (res://scripts/citizen_agent.gd:222)
       [56] _assign_next_task (res://scripts/citizen_agent.gd:213)
       [57] _navigate_to (res://scripts/citizen_agent.gd:222)
       [58] _assign_next_task (res://scripts/citizen_agent.gd:213)
       [59] _navigate_to (res://scripts/citizen_agent.gd:222)
       [60] _assign_next_task (res://scripts/citizen_agent.gd:213)
       [61] _navigate_to (res://scripts/citizen_agent.gd:222)
       [62] _assign_next_task (res://scripts/citizen_agent.gd:213)
       [63] _navigate_to (res://scripts/citizen_agent.gd:222)
       [64] _assign_next_task (res://scripts/citizen_agent.gd:213)
       [65] _navigate_to (res://scripts/citizen_agent.gd:222)
       [66] _assign_next_task (res://scripts/citizen_agent.gd:213)
       [67] _navigate_to (res://scripts/citizen_agent.gd:222)
       [68] _assign_next_task (res://scripts/citizen_agent.gd:213)
       [69] _navigate_to (res://scripts/citizen_agent.gd:222)
       [70] _assign_next_task (res://scripts/citizen_agent.gd:213)
       [71] _navigate_to (res://scripts/citizen_agent.gd:222)
       [72] _assign_next_task (res://scripts/citizen_agent.gd:213)
       [73] _navigate_to (res://scripts/citizen_agent.gd:222)
       [74] _assign_next_task (res://scripts/citizen_agent.gd:213)
       [75] _navigate_to (res://scripts/citizen_agent.gd:222)
       [76] _assign_next_task (res://scripts/citizen_agent.gd:213)
       [77] _navigate_to (res://scripts/citizen_agent.gd:222)
       [78] _assign_next_task (res://scripts/citizen_agent.gd:213)
       [79] _navigate_to (res://scripts/citizen_agent.gd:222)
       [80] _assign_next_task (res://scripts/citizen_agent.gd:213)
       [81] _navigate_to (res://scripts/citizen_agent.gd:222)
       [82] _assign_next_task (res://scripts/citizen_agent.gd:213)
       [83] _navigate_to (res://scripts/citizen_agent.gd:222)
       [84] _assign_next_task (res://scripts/citizen_agent.gd:213)
       [85] _navigate_to (res://scripts/citizen_agent.gd:222)
       [86] _assign_next_task (res://scripts/citizen_agent.gd:213)
       [87] _navigate_to (res://scripts/citizen_agent.gd:222)
       [88] _assign_next_task (res://scripts/citizen_agent.gd:213)
       [89] _navigate_to (res://scripts/citizen_agent.gd:222)
       [90] _assign_next_task (res://scripts/citizen_agent.gd:213)
       [91] _navigate_to (res://scripts/citizen_agent.gd:222)
       [92] _assign_next_task (res://scripts/citizen_agent.gd:213)
       [93] _navigate_to (res://scripts/citizen_agent.gd:222)
       [94] _assign_next_task (res://scripts/citizen_agent.gd:213)
       [95] _navigate_to (res://scripts/citizen_agent.gd:222)
       [96] _assign_next_task (res://scripts/citizen_agent.gd:213)
       [97] _navigate_to (res://scripts/citizen_agent.gd:222)
       [98] _assign_next_task (res://scripts/citizen_agent.gd:213)
       [99] _navigate_to (res://scripts/citizen_agent.gd:222)
       [100] _assign_next_task (res://scripts/citizen_agent.gd:213)
       [101] _navigate_to (res://scripts/citizen_agent.gd:222)
       [102] _assign_next_task (res://scripts/citizen_agent.gd:213)
       [103] _navigate_to (res://scripts/citizen_agent.gd:222)
       [104] _assign_next_task (res://scripts/citizen_agent.gd:213)
       [105] _navigate_to (res://scripts/citizen_agent.gd:222)
       [106] _assign_next_task (res://scripts/citizen_agent.gd:213)
       [107] _navigate_to (res://scripts/citizen_agent.gd:222)
       [108] _assign_next_task (res://scripts/citizen_agent.gd:213)
       [109] _navigate_to (res://scripts/citizen_agent.gd:222)
       [110] _assign_next_task (res://scripts/citizen_agent.gd:213)
       [111] _navigate_to (res://scripts/citizen_agent.gd:222)
       [112] _assign_next_task (res://scripts/citizen_agent.gd:213)
       [113] _navigate_to (res://scripts/citizen_agent.gd:222)
       [114] _assign_next_task (res://scripts/citizen_agent.gd:213)
       [115] _navigate_to (res://scripts/citizen_agent.gd:222)
       [116] _assign_next_task (res://scripts/citizen_agent.gd:213)
       [117] _navigate_to (res://scripts/citizen_agent.gd:222)
       [118] _assign_next_task (res://scripts/citizen_agent.gd:213)
       [119] _navigate_to (res://scripts/citizen_agent.gd:222)
       [120] _assign_next_task (res://scripts/citizen_agent.gd:213)
       [121] _navigate_to (res://scripts/citizen_agent.gd:222)
       [122] _assign_next_task (res://scripts/citizen_agent.gd:213)
       [123] _navigate_to (res://scripts/citizen_agent.gd:222)
       [124] _assign_next_task (res://scripts/citizen_agent.gd:213)
       [125] _navigate_to (res://scripts/citizen_agent.gd:222)
       [126] _assign_next_task (res://scripts/citizen_agent.gd:213)
       [127] _navigate_to (res://scripts/citizen_agent.gd:222)
       [128] _assign_next_task (res://scripts/citizen_agent.gd:213)
       [129] _navigate_to (res://scripts/citizen_agent.gd:222)
       [130] _assign_next_task (res://scripts/citizen_agent.gd:213)
       [131] _navigate_to (res://scripts/citizen_agent.gd:222)
       [132] _assign_next_task (res://scripts/citizen_agent.gd:213)
       [133] _navigate_to (res://scripts/citizen_agent.gd:222)
       [134] _assign_next_task (res://scripts/citizen_agent.gd:213)
       [135] _navigate_to (res://scripts/citizen_agent.gd:222)
       [136] _assign_next_task (res://scripts/citizen_agent.gd:213)
       [137] _navigate_to (res://scripts/citizen_agent.gd:222)
       [138] _assign_next_task (res://scripts/citizen_agent.gd:213)
       [139] _navigate_to (res://scripts/citizen_agent.gd:222)
       [140] _assign_next_task (res://scripts/citizen_agent.gd:213)
       [141] _navigate_to (res://scripts/citizen_agent.gd:222)
       [142] _assign_next_task (res://scripts/citizen_agent.gd:213)
       [143] _navigate_to (res://scripts/citizen_agent.gd:222)
       [144] _assign_next_task (res://scripts/citizen_agent.gd:213)
       [145] _navigate_to (res://scripts/citizen_agent.gd:222)
       [146] _assign_next_task (res://scripts/citizen_agent.gd:213)
       [147] _navigate_to (res://scripts/citizen_agent.gd:222)
       [148] _assign_next_task (res://scripts/citizen_agent.gd:213)
       [149] _navigate_to (res://scripts/citizen_agent.gd:222)
       [150] _assign_next_task (res://scripts/citizen_agent.gd:213)
       [151] _navigate_to (res://scripts/citizen_agent.gd:222)
       [152] _assign_next_task (res://scripts/citizen_agent.gd:213)
       [153] _navigate_to (res://scripts/citizen_agent.gd:222)
       [154] _assign_next_task (res://scripts/citizen_agent.gd:213)
       [155] _navigate_to (res://scripts/citizen_agent.gd:222)
       [156] _assign_next_task (res://scripts/citizen_agent.gd:213)
       [157] _navigate_to (res://scripts/citizen_agent.gd:222)
       [158] _assign_next_task (res://scripts/citizen_agent.gd:213)
       [159] _navigate_to (res://scripts/citizen_agent.gd:222)
       [160] _assign_next_task (res://scripts/citizen_agent.gd:213)
       [161] _navigate_to (res://scripts/citizen_agent.gd:222)
       [162] _assign_next_task (res://scripts/citizen_agent.gd:213)
       [163] _navigate_to (res://scripts/citizen_agent.gd:222)
       [164] _assign_next_task (res://scripts/citizen_agent.gd:213)
       [165] _navigate_to (res://scripts/citizen_agent.gd:222)
       [166] _assign_next_task (res://scripts/citizen_agent.gd:213)
       [167] _navigate_to (res://scripts/citizen_agent.gd:222)
       [168] _assign_next_task (res://scripts/citizen_agent.gd:213)
       [169] _navigate_to (res://scripts/citizen_agent.gd:222)
       [170] _assign_next_task (res://scripts/citizen_agent.gd:213)
       [171] _navigate_to (res://scripts/citizen_agent.gd:222)
       [172] _assign_next_task (res://scripts/citizen_agent.gd:213)
       [173] _navigate_to (res://scripts/citizen_agent.gd:222)
       [174] _assign_next_task (res://scripts/citizen_agent.gd:213)
       [175] _navigate_to (res://scripts/citizen_agent.gd:222)
       [176] _assign_next_task (res://scripts/citizen_agent.gd:213)
       [177] _navigate_to (res://scripts/citizen_agent.gd:222)
       [178] _assign_next_task (res://scripts/citizen_agent.gd:213)
       [179] _navigate_to (res://scripts/citizen_agent.gd:222)
       [180] _assign_next_task (res://scripts/citizen_agent.gd:213)
       [181] _navigate_to (res://scripts/citizen_agent.gd:222)
       [182] _assign_next_task (res://scripts/citizen_agent.gd:213)
       [183] _navigate_to (res://scripts/citizen_agent.gd:222)
       [184] _assign_next_task (res://scripts/citizen_agent.gd:213)
       [185] _navigate_to (res://scripts/citizen_agent.gd:222)
       [186] _assign_next_task (res://scripts/citizen_agent.gd:213)
       [187] _navigate_to (res://scripts/citizen_agent.gd:222)
       [188] _assign_next_task (res://scripts/citizen_agent.gd:213)
       [189] _navigate_to (res://scripts/citizen_agent.gd:222)
       [190] _assign_next_task (res://scripts/citizen_agent.gd:213)
       [191] _navigate_to (res://scripts/citizen_agent.gd:222)
       [192] _assign_next_task (res://scripts/citizen_agent.gd:213)
       [193] _navigate_to (res://scripts/citizen_agent.gd:222)
       [194] _assign_next_task (res://scripts/citizen_agent.gd:213)
       [195] _navigate_to (res://scripts/citizen_agent.gd:222)
       [196] _assign_next_task (res://scripts/citizen_agent.gd:213)
       [197] _navigate_to (res://scripts/citizen_agent.gd:222)
       [198] _assign_next_task (res://scripts/citizen_agent.gd:213)
       [199] _navigate_to (res://scripts/citizen_agent.gd:222)
       [200] _assign_next_task (res://scripts/citizen_agent.gd:213)
       [201] _navigate_to (res://scripts/citizen_agent.gd:222)
       [202] _assign_next_task (res://scripts/citizen_agent.gd:213)
       [203] _navigate_to (res://scripts/citizen_agent.gd:222)
       [204] _assign_next_task (res://scripts/citizen_agent.gd:213)
       [205] _navigate_to (res://scripts/citizen_agent.gd:222)
       [206] _assign_next_task (res://scripts/citizen_agent.gd:213)
       [207] _navigate_to (res://scripts/citizen_agent.gd:222)
       [208] _assign_next_task (res://scripts/citizen_agent.gd:213)
       [209] _navigate_to (res://scripts/citizen_agent.gd:222)
       [210] _assign_next_task (res://scripts/citizen_agent.gd:213)
       [211] _navigate_to (res://scripts/citizen_agent.gd:222)
       [212] _assign_next_task (res://scripts/citizen_agent.gd:213)
       [213] _navigate_to (res://scripts/citizen_agent.gd:222)
       [214] _assign_next_task (res://scripts/citizen_agent.gd:213)
       [215] _navigate_to (res://scripts/citizen_agent.gd:222)
       [216] _assign_next_task (res://scripts/citizen_agent.gd:213)
       [217] _navigate_to (res://scripts/citizen_agent.gd:222)
       [218] _assign_next_task (res://scripts/citizen_agent.gd:213)
       [219] _navigate_to (res://scripts/citizen_agent.gd:222)
       [220] _assign_next_task (res://scripts/citizen_agent.gd:213)
       [221] _navigate_to (res://scripts/citizen_agent.gd:222)
       [222] _assign_next_task (res://scripts/citizen_agent.gd:213)
       [223] _navigate_to (res://scripts/citizen_agent.gd:222)
       [224] _assign_next_task (res://scripts/citizen_agent.gd:213)
       [225] _navigate_to (res://scripts/citizen_agent.gd:222)
       [226] _assign_next_task (res://scripts/citizen_agent.gd:213)
       [227] _navigate_to (res://scripts/citizen_agent.gd:222)
       [228] _assign_next_task (res://scripts/citizen_agent.gd:213)
       [229] _navigate_to (res://scripts/citizen_agent.gd:222)
       [230] _assign_next_task (res://scripts/citizen_agent.gd:213)
       [231] _navigate_to (res://scripts/citizen_agent.gd:222)
       [232] _assign_next_task (res://scripts/citizen_agent.gd:213)
       [233] _navigate_to (res://scripts/citizen_agent.gd:222)
       [234] _assign_next_task (res://scripts/citizen_agent.gd:213)
       [235] _navigate_to (res://scripts/citizen_agent.gd:222)
       [236] _assign_next_task (res://scripts/citizen_agent.gd:213)
       [237] _navigate_to (res://scripts/citizen_agent.gd:222)
       [238] _assign_next_task (res://scripts/citizen_agent.gd:213)
       [239] _navigate_to (res://scripts/citizen_agent.gd:222)
       [240] _assign_next_task (res://scripts/citizen_agent.gd:213)
       [241] _navigate_to (res://scripts/citizen_agent.gd:222)
       [242] _assign_next_task (res://scripts/citizen_agent.gd:213)
       [243] _navigate_to (res://scripts/citizen_agent.gd:222)
       [244] _assign_next_task (res://scripts/citizen_agent.gd:213)
       [245] _navigate_to (res://scripts/citizen_agent.gd:222)
       [246] _assign_next_task (res://scripts/citizen_agent.gd:213)
       [247] _navigate_to (res://scripts/citizen_agent.gd:222)
       [248] _assign_next_task (res://scripts/citizen_agent.gd:213)
       [249] _navigate_to (res://scripts/citizen_agent.gd:222)
       [250] _assign_next_task (res://scripts/citizen_agent.gd:213)
       [251] _navigate_to (res://scripts/citizen_agent.gd:222)
       [252] _assign_next_task (res://scripts/citizen_agent.gd:213)
       [253] _navigate_to (res://scripts/citizen_agent.gd:222)
       [254] _assign_next_task (res://scripts/citizen_agent.gd:213)
       [255] _navigate_to (res://scripts/citizen_agent.gd:222)
       [256] _assign_next_task (res://scripts/citizen_agent.gd:213)
       [257] _navigate_to (res://scripts/citizen_agent.gd:222)
       [258] _assign_next_task (res://scripts/citizen_agent.gd:213)
       [259] _navigate_to (res://scripts/citizen_agent.gd:222)
       [260] _assign_next_task (res://scripts/citizen_agent.gd:213)
       [261] _navigate_to (res://scripts/citizen_agent.gd:222)
       [262] _assign_next_task (res://scripts/citizen_agent.gd:213)
       [263] _navigate_to (res://scripts/citizen_agent.gd:222)
       [264] _assign_next_task (res://scripts/citizen_agent.gd:213)
       [265] _navigate_to (res://scripts/citizen_agent.gd:222)
       [266] _assign_next_task (res://scripts/citizen_agent.gd:213)
       [267] _navigate_to (res://scripts/citizen_agent.gd:222)
       [268] _assign_next_task (res://scripts/citizen_agent.gd:213)
       [269] _navigate_to (res://scripts/citizen_agent.gd:222)
       [270] _assign_next_task (res://scripts/citizen_agent.gd:213)
       [271] _navigate_to (res://scripts/citizen_agent.gd:222)
       [272] _assign_next_task (res://scripts/citizen_agent.gd:213)
       [273] _navigate_to (res://scripts/citizen_agent.gd:222)
       [274] _assign_next_task (res://scripts/citizen_agent.gd:213)
       [275] _navigate_to (res://scripts/citizen_agent.gd:222)
       [276] _assign_next_task (res://scripts/citizen_agent.gd:213)
       [277] _navigate_to (res://scripts/citizen_agent.gd:222)
       [278] _assign_next_task (res://scripts/citizen_agent.gd:213)
       [279] _navigate_to (res://scripts/citizen_agent.gd:222)
       [280] _assign_next_task (res://scripts/citizen_agent.gd:213)
       [281] _navigate_to (res://scripts/citizen_agent.gd:222)
       [282] _assign_next_task (res://scripts/citizen_agent.gd:213)
       [283] _navigate_to (res://scripts/citizen_agent.gd:222)
       [284] _assign_next_task (res://scripts/citizen_agent.gd:213)
       [285] _navigate_to (res://scripts/citizen_agent.gd:222)
       [286] _assign_next_task (res://scripts/citizen_agent.gd:213)
       [287] _navigate_to (res://scripts/citizen_agent.gd:222)
       [288] _assign_next_task (res://scripts/citizen_agent.gd:213)
       [289] _navigate_to (res://scripts/citizen_agent.gd:222)
       [290] _assign_next_task (res://scripts/citizen_agent.gd:213)
       [291] _navigate_to (res://scripts/citizen_agent.gd:222)
       [292] _assign_next_task (res://scripts/citizen_agent.gd:213)
       [293] _navigate_to (res://scripts/citizen_agent.gd:222)
       [294] _assign_next_task (res://scripts/citizen_agent.gd:213)
       [295] _navigate_to (res://scripts/citizen_agent.gd:222)
       [296] _assign_next_task (res://scripts/citizen_agent.gd:213)
       [297] _navigate_to (res://scripts/citizen_agent.gd:222)
       [298] _assign_next_task (res://scripts/citizen_agent.gd:213)
       [299] _navigate_to (res://scripts/citizen_agent.gd:222)
       [300] _assign_next_task (res://scripts/citizen_agent.gd:213)
       [301] _navigate_to (res://scripts/citizen_agent.gd:222)
       [302] _assign_next_task (res://scripts/citizen_agent.gd:213)
       [303] _navigate_to (res://scripts/citizen_agent.gd:222)
       [304] _assign_next_task (res://scripts/citizen_agent.gd:213)
       [305] _navigate_to (res://scripts/citizen_agent.gd:222)
       [306] _assign_next_task (res://scripts/citizen_agent.gd:213)
       [307] _navigate_to (res://scripts/citizen_agent.gd:222)
       [308] _assign_next_task (res://scripts/citizen_agent.gd:213)
       [309] _navigate_to (res://scripts/citizen_agent.gd:222)
       [310] _assign_next_task (res://scripts/citizen_agent.gd:213)
       [311] _navigate_to (res://scripts/citizen_agent.gd:222)
       [312] _assign_next_task (res://scripts/citizen_agent.gd:213)
       [313] _navigate_to (res://scripts/citizen_agent.gd:222)
       [314] _assign_next_task (res://scripts/citizen_agent.gd:213)
       [315] _navigate_to (res://scripts/citizen_agent.gd:222)
       [316] _assign_next_task (res://scripts/citizen_agent.gd:213)
       [317] _navigate_to (res://scripts/citizen_agent.gd:222)
       [318] _assign_next_task (res://scripts/citizen_agent.gd:213)
       [319] _navigate_to (res://scripts/citizen_agent.gd:222)
       [320] _assign_next_task (res://scripts/citizen_agent.gd:213)
       [321] _navigate_to (res://scripts/citizen_agent.gd:222)
       [322] _assign_next_task (res://scripts/citizen_agent.gd:213)
       [323] _navigate_to (res://scripts/citizen_agent.gd:222)
       [324] _assign_next_task (res://scripts/citizen_agent.gd:213)
       [325] _navigate_to (res://scripts/citizen_agent.gd:222)
       [326] _assign_next_task (res://scripts/citizen_agent.gd:213)
       [327] _navigate_to (res://scripts/citizen_agent.gd:222)
       [328] _assign_next_task (res://scripts/citizen_agent.gd:213)
       [329] _navigate_to (res://scripts/citizen_agent.gd:222)
       [330] _assign_next_task (res://scripts/citizen_agent.gd:213)
       [331] _navigate_to (res://scripts/citizen_agent.gd:222)
       [332] _assign_next_task (res://scripts/citizen_agent.gd:213)
       [333] _navigate_to (res://scripts/citizen_agent.gd:222)
       [334] _assign_next_task (res://scripts/citizen_agent.gd:213)
       [335] _navigate_to (res://scripts/citizen_agent.gd:222)
       [336] _assign_next_task (res://scripts/citizen_agent.gd:213)
       [337] _navigate_to (res://scripts/citizen_agent.gd:222)
       [338] _assign_next_task (res://scripts/citizen_agent.gd:213)
       [339] _navigate_to (res://scripts/citizen_agent.gd:222)
       [340] _assign_next_task (res://scripts/citizen_agent.gd:213)
       [341] _navigate_to (res://scripts/citizen_agent.gd:222)
       [342] _assign_next_task (res://scripts/citizen_agent.gd:213)
       [343] _navigate_to (res://scripts/citizen_agent.gd:222)
       [344] _assign_next_task (res://scripts/citizen_agent.gd:213)
       [345] _navigate_to (res://scripts/citizen_agent.gd:222)
       [346] _assign_next_task (res://scripts/citizen_agent.gd:213)
       [347] _navigate_to (res://scripts/citizen_agent.gd:222)
       [348] _assign_next_task (res://scripts/citizen_agent.gd:213)
       [349] _navigate_to (res://scripts/citizen_agent.gd:222)
       [350] _assign_next_task (res://scripts/citizen_agent.gd:213)
       [351] _navigate_to (res://scripts/citizen_agent.gd:222)
       [352] _assign_next_task (res://scripts/citizen_agent.gd:213)
       [353] _navigate_to (res://scripts/citizen_agent.gd:222)
       [354] _assign_next_task (res://scripts/citizen_agent.gd:213)
       [355] _navigate_to (res://scripts/citizen_agent.gd:222)
       [356] _assign_next_task (res://scripts/citizen_agent.gd:213)
       [357] _navigate_to (res://scripts/citizen_agent.gd:222)
       [358] _assign_next_task (res://scripts/citizen_agent.gd:213)
       [359] _navigate_to (res://scripts/citizen_agent.gd:222)
       [360] _assign_next_task (res://scripts/citizen_agent.gd:213)
       [361] _navigate_to (res://scripts/citizen_agent.gd:222)
       [362] _assign_next_task (res://scripts/citizen_agent.gd:213)
       [363] _navigate_to (res://scripts/citizen_agent.gd:222)
       [364] _assign_next_task (res://scripts/citizen_agent.gd:213)
       [365] _navigate_to (res://scripts/citizen_agent.gd:222)
       [366] _assign_next_task (res://scripts/citizen_agent.gd:213)
       [367] _navigate_to (res://scripts/citizen_agent.gd:222)
       [368] _assign_next_task (res://scripts/citizen_agent.gd:213)
       [369] _navigate_to (res://scripts/citizen_agent.gd:222)
       [370] _assign_next_task (res://scripts/citizen_agent.gd:213)
       [371] _navigate_to (res://scripts/citizen_agent.gd:222)
       [372] _assign_next_task (res://scripts/citizen_agent.gd:213)
       [373] _navigate_to (res://scripts/citizen_agent.gd:222)
       [374] _assign_next_task (res://scripts/citizen_agent.gd:213)
       [375] _navigate_to (res://scripts/citizen_agent.gd:222)
       [376] _assign_next_task (res://scripts/citizen_agent.gd:213)
       [377] _navigate_to (res://scripts/citizen_agent.gd:222)
       [378] _assign_next_task (res://scripts/citizen_agent.gd:213)
       [379] _navigate_to (res://scripts/citizen_agent.gd:222)
       [380] _assign_next_task (res://scripts/citizen_agent.gd:213)
       [381] _navigate_to (res://scripts/citizen_agent.gd:222)
       [382] _assign_next_task (res://scripts/citizen_agent.gd:213)
       [383] _navigate_to (res://scripts/citizen_agent.gd:222)
       [384] _assign_next_task (res://scripts/citizen_agent.gd:213)
       [385] _navigate_to (res://scripts/citizen_agent.gd:222)
       [386] _assign_next_task (res://scripts/citizen_agent.gd:213)
       [387] _navigate_to (res://scripts/citizen_agent.gd:222)
       [388] _assign_next_task (res://scripts/citizen_agent.gd:213)
       [389] _navigate_to (res://scripts/citizen_agent.gd:222)
       [390] _assign_next_task (res://scripts/citizen_agent.gd:213)
       [391] _navigate_to (res://scripts/citizen_agent.gd:222)
       [392] _assign_next_task (res://scripts/citizen_agent.gd:213)
       [393] _navigate_to (res://scripts/citizen_agent.gd:222)
       [394] _assign_next_task (res://scripts/citizen_agent.gd:213)
       [395] _navigate_to (res://scripts/citizen_agent.gd:222)
       [396] _assign_next_task (res://scripts/citizen_agent.gd:213)
       [397] _navigate_to (res://scripts/citizen_agent.gd:222)
       [398] _assign_next_task (res://scripts/citizen_agent.gd:213)
       [399] _navigate_to (res://scripts/citizen_agent.gd:222)
       [400] _assign_next_task (res://scripts/citizen_agent.gd:213)
       [401] _navigate_to (res://scripts/citizen_agent.gd:222)
       [402] _assign_next_task (res://scripts/citizen_agent.gd:213)
       [403] _navigate_to (res://scripts/citizen_agent.gd:222)
       [404] _assign_next_task (res://scripts/citizen_agent.gd:213)
       [405] _navigate_to (res://scripts/citizen_agent.gd:222)
       [406] _assign_next_task (res://scripts/citizen_agent.gd:213)
       [407] _navigate_to (res://scripts/citizen_agent.gd:222)
       [408] _assign_next_task (res://scripts/citizen_agent.gd:213)
       [409] _navigate_to (res://scripts/citizen_agent.gd:222)
       [410] _assign_next_task (res://scripts/citizen_agent.gd:213)
       [411] _navigate_to (res://scripts/citizen_agent.gd:222)
       [412] _assign_next_task (res://scripts/citizen_agent.gd:213)
       [413] _navigate_to (res://scripts/citizen_agent.gd:222)
       [414] _assign_next_task (res://scripts/citizen_agent.gd:213)
       [415] _navigate_to (res://scripts/citizen_agent.gd:222)
       [416] _assign_next_task (res://scripts/citizen_agent.gd:213)
       [417] _navigate_to (res://scripts/citizen_agent.gd:222)
       [418] _assign_next_task (res://scripts/citizen_agent.gd:213)
       [419] _navigate_to (res://scripts/citizen_agent.gd:222)
       [420] _assign_next_task (res://scripts/citizen_agent.gd:213)
       [421] _navigate_to (res://scripts/citizen_agent.gd:222)
       [422] _assign_next_task (res://scripts/citizen_agent.gd:213)
       [423] _navigate_to (res://scripts/citizen_agent.gd:222)
       [424] _assign_next_task (res://scripts/citizen_agent.gd:213)
       [425] _navigate_to (res://scripts/citizen_agent.gd:222)
       [426] _assign_next_task (res://scripts/citizen_agent.gd:213)
       [427] _navigate_to (res://scripts/citizen_agent.gd:222)
       [428] _assign_next_task (res://scripts/citizen_agent.gd:213)
       [429] _navigate_to (res://scripts/citizen_agent.gd:222)
       [430] _assign_next_task (res://scripts/citizen_agent.gd:213)
       [431] _navigate_to (res://scripts/citizen_agent.gd:222)
       [432] _assign_next_task (res://scripts/citizen_agent.gd:213)
       [433] _navigate_to (res://scripts/citizen_agent.gd:222)
       [434] _assign_next_task (res://scripts/citizen_agent.gd:213)
       [435] _navigate_to (res://scripts/citizen_agent.gd:222)
       [436] _assign_next_task (res://scripts/citizen_agent.gd:213)
       [437] _navigate_to (res://scripts/citizen_agent.gd:222)
       [438] _assign_next_task (res://scripts/citizen_agent.gd:213)
       [439] _navigate_to (res://scripts/citizen_agent.gd:222)
       [440] _assign_next_task (res://scripts/citizen_agent.gd:213)
       [441] _navigate_to (res://scripts/citizen_agent.gd:222)
       [442] _assign_next_task (res://scripts/citizen_agent.gd:213)
       [443] _navigate_to (res://scripts/citizen_agent.gd:222)
       [444] _assign_next_task (res://scripts/citizen_agent.gd:213)
       [445] _navigate_to (res://scripts/citizen_agent.gd:222)
       [446] _assign_next_task (res://scripts/citizen_agent.gd:213)
       [447] _navigate_to (res://scripts/citizen_agent.gd:222)
       [448] _assign_next_task (res://scripts/citizen_agent.gd:213)
       [449] _navigate_to (res://scripts/citizen_agent.gd:222)
       [450] _assign_next_task (res://scripts/citizen_agent.gd:213)
       [451] _navigate_to (res://scripts/citizen_agent.gd:222)
       [452] _assign_next_task (res://scripts/citizen_agent.gd:213)
       [453] _navigate_to (res://scripts/citizen_agent.gd:222)
       [454] _assign_next_task (res://scripts/citizen_agent.gd:213)
       [455] _navigate_to (res://scripts/citizen_agent.gd:222)
       [456] _assign_next_task (res://scripts/citizen_agent.gd:213)
       [457] _navigate_to (res://scripts/citizen_agent.gd:222)
       [458] _assign_next_task (res://scripts/citizen_agent.gd:213)
       [459] _navigate_to (res://scripts/citizen_agent.gd:222)
       [460] _assign_next_task (res://scripts/citizen_agent.gd:213)
       [461] _navigate_to (res://scripts/citizen_agent.gd:222)
       [462] _assign_next_task (res://scripts/citizen_agent.gd:213)
       [463] _navigate_to (res://scripts/citizen_agent.gd:222)
       [464] _assign_next_task (res://scripts/citizen_agent.gd:213)
       [465] _navigate_to (res://scripts/citizen_agent.gd:222)
       [466] _assign_next_task (res://scripts/citizen_agent.gd:213)
       [467] _navigate_to (res://scripts/citizen_agent.gd:222)
       [468] _assign_next_task (res://scripts/citizen_agent.gd:213)
       [469] _navigate_to (res://scripts/citizen_agent.gd:222)
       [470] _assign_next_task (res://scripts/citizen_agent.gd:213)
       [471] _navigate_to (res://scripts/citizen_agent.gd:222)
       [472] _assign_next_task (res://scripts/citizen_agent.gd:213)
       [473] _navigate_to (res://scripts/citizen_agent.gd:222)
       [474] _assign_next_task (res://scripts/citizen_agent.gd:213)
       [475] _navigate_to (res://scripts/citizen_agent.gd:222)
       [476] _assign_next_task (res://scripts/citizen_agent.gd:213)
       [477] _navigate_to (res://scripts/citizen_agent.gd:222)
       [478] _assign_next_task (res://scripts/citizen_agent.gd:213)
       [479] _navigate_to (res://scripts/citizen_agent.gd:222)
       [480] _assign_next_task (res://scripts/citizen_agent.gd:213)
       [481] _navigate_to (res://scripts/citizen_agent.gd:222)
       [482] _assign_next_task (res://scripts/citizen_agent.gd:213)
       [483] _navigate_to (res://scripts/citizen_agent.gd:222)
       [484] _assign_next_task (res://scripts/citizen_agent.gd:213)
       [485] _navigate_to (res://scripts/citizen_agent.gd:222)
       [486] _assign_next_task (res://scripts/citizen_agent.gd:213)
       [487] _navigate_to (res://scripts/citizen_agent.gd:222)
       [488] _assign_next_task (res://scripts/citizen_agent.gd:213)
       [489] _navigate_to (res://scripts/citizen_agent.gd:222)
       [490] _assign_next_task (res://scripts/citizen_agent.gd:213)
       [491] _navigate_to (res://scripts/citizen_agent.gd:222)
       [492] _assign_next_task (res://scripts/citizen_agent.gd:213)
       [493] _navigate_to (res://scripts/citizen_agent.gd:222)
       [494] _assign_next_task (res://scripts/citizen_agent.gd:213)
       [495] _navigate_to (res://scripts/citizen_agent.gd:222)
       [496] _assign_next_task (res://scripts/citizen_agent.gd:213)
       [497] _navigate_to (res://scripts/citizen_agent.gd:222)
       [498] _assign_next_task (res://scripts/citizen_agent.gd:213)
       [499] _navigate_to (res://scripts/citizen_agent.gd:222)
       [500] _assign_next_task (res://scripts/citizen_agent.gd:213)
       [501] _navigate_to (res://scripts/citizen_agent.gd:222)
       [502] _assign_next_task (res://scripts/citizen_agent.gd:213)
       [503] _navigate_to (res://scripts/citizen_agent.gd:222)
       [504] _assign_next_task (res://scripts/citizen_agent.gd:213)
       [505] _navigate_to (res://scripts/citizen_agent.gd:222)
       [506] _assign_next_task (res://scripts/citizen_agent.gd:213)
       [507] _navigate_to (res://scripts/citizen_agent.gd:222)
       [508] _assign_next_task (res://scripts/citizen_agent.gd:213)
       [509] _navigate_to (res://scripts/citizen_agent.gd:222)
       [510] _assign_next_task (res://scripts/citizen_agent.gd:213)
       [511] _navigate_to (res://scripts/citizen_agent.gd:222)
       [512] _assign_next_task (res://scripts/citizen_agent.gd:213)
       [513] _navigate_to (res://scripts/citizen_agent.gd:222)
       [514] _assign_next_task (res://scripts/citizen_agent.gd:213)
       [515] _navigate_to (res://scripts/citizen_agent.gd:222)
       [516] _assign_next_task (res://scripts/citizen_agent.gd:213)
       [517] _navigate_to (res://scripts/citizen_agent.gd:222)
       [518] _assign_next_task (res://scripts/citizen_agent.gd:213)
       [519] _navigate_to (res://scripts/citizen_agent.gd:222)
       [520] _assign_next_task (res://scripts/citizen_agent.gd:213)
       [521] _navigate_to (res://scripts/citizen_agent.gd:222)
       [522] _assign_next_task (res://scripts/citizen_agent.gd:213)
       [523] _navigate_to (res://scripts/citizen_agent.gd:222)
       [524] _assign_next_task (res://scripts/citizen_agent.gd:213)
       [525] _navigate_to (res://scripts/citizen_agent.gd:222)
       [526] _assign_next_task (res://scripts/citizen_agent.gd:213)
       [527] _navigate_to (res://scripts/citizen_agent.gd:222)
       [528] _assign_next_task (res://scripts/citizen_agent.gd:213)
       [529] _navigate_to (res://scripts/citizen_agent.gd:222)
       [530] _assign_next_task (res://scripts/citizen_agent.gd:213)
       [531] _navigate_to (res://scripts/citizen_agent.gd:222)
       [532] _assign_next_task (res://scripts/citizen_agent.gd:213)
       [533] _navigate_to (res://scripts/citizen_agent.gd:222)
       [534] _assign_next_task (res://scripts/citizen_agent.gd:213)
       [535] _navigate_to (res://scripts/citizen_agent.gd:222)
       [536] _assign_next_task (res://scripts/citizen_agent.gd:213)
       [537] _navigate_to (res://scripts/citizen_agent.gd:222)
       [538] _assign_next_task (res://scripts/citizen_agent.gd:213)
       [539] _navigate_to (res://scripts/citizen_agent.gd:222)
       [540] _assign_next_task (res://scripts/citizen_agent.gd:213)
       [541] _navigate_to (res://scripts/citizen_agent.gd:222)
       [542] _assign_next_task (res://scripts/citizen_agent.gd:213)
       [543] _navigate_to (res://scripts/citizen_agent.gd:222)
       [544] _assign_next_task (res://scripts/citizen_agent.gd:213)
       [545] _navigate_to (res://scripts/citizen_agent.gd:222)
       [546] _assign_next_task (res://scripts/citizen_agent.gd:213)
       [547] _navigate_to (res://scripts/citizen_agent.gd:222)
       [548] _assign_next_task (res://scripts/citizen_agent.gd:213)
       [549] _navigate_to (res://scripts/citizen_agent.gd:222)
       [550] _assign_next_task (res://scripts/citizen_agent.gd:213)
       [551] _navigate_to (res://scripts/citizen_agent.gd:222)
       [552] _assign_next_task (res://scripts/citizen_agent.gd:213)
       [553] _navigate_to (res://scripts/citizen_agent.gd:222)
       [554] _assign_next_task (res://scripts/citizen_agent.gd:213)
       [555] _navigate_to (res://scripts/citizen_agent.gd:222)
       [556] _assign_next_task (res://scripts/citizen_agent.gd:213)
       [557] _navigate_to (res://scripts/citizen_agent.gd:222)
       [558] _assign_next_task (res://scripts/citizen_agent.gd:213)
       [559] _navigate_to (res://scripts/citizen_agent.gd:222)
       [560] _assign_next_task (res://scripts/citizen_agent.gd:213)
       [561] _navigate_to (res://scripts/citizen_agent.gd:222)
       [562] _assign_next_task (res://scripts/citizen_agent.gd:213)
       [563] _navigate_to (res://scripts/citizen_agent.gd:222)
       [564] _assign_next_task (res://scripts/citizen_agent.gd:213)
       [565] _navigate_to (res://scripts/citizen_agent.gd:222)
       [566] _assign_next_task (res://scripts/citizen_agent.gd:213)
       [567] _navigate_to (res://scripts/citizen_agent.gd:222)
       [568] _assign_next_task (res://scripts/citizen_agent.gd:213)
       [569] _navigate_to (res://scripts/citizen_agent.gd:222)
       [570] _assign_next_task (res://scripts/citizen_agent.gd:213)
       [571] _navigate_to (res://scripts/citizen_agent.gd:222)
       [572] _assign_next_task (res://scripts/citizen_agent.gd:213)
       [573] _navigate_to (res://scripts/citizen_agent.gd:222)
       [574] _assign_next_task (res://scripts/citizen_agent.gd:213)
       [575] _navigate_to (res://scripts/citizen_agent.gd:222)
       [576] _assign_next_task (res://scripts/citizen_agent.gd:213)
       [577] _navigate_to (res://scripts/citizen_agent.gd:222)
       [578] _assign_next_task (res://scripts/citizen_agent.gd:213)
       [579] _navigate_to (res://scripts/citizen_agent.gd:222)
       [580] _assign_next_task (res://scripts/citizen_agent.gd:213)
       [581] _navigate_to (res://scripts/citizen_agent.gd:222)
       [582] _assign_next_task (res://scripts/citizen_agent.gd:213)
       [583] _navigate_to (res://scripts/citizen_agent.gd:222)
       [584] _assign_next_task (res://scripts/citizen_agent.gd:213)
       [585] _navigate_to (res://scripts/citizen_agent.gd:222)
       [586] _assign_next_task (res://scripts/citizen_agent.gd:213)
       [587] _navigate_to (res://scripts/citizen_agent.gd:222)
       [588] _assign_next_task (res://scripts/citizen_agent.gd:213)
       [589] _navigate_to (res://scripts/citizen_agent.gd:222)
       [590] _assign_next_task (res://scripts/citizen_agent.gd:213)
       [591] _navigate_to (res://scripts/citizen_agent.gd:222)
       [592] _assign_next_task (res://scripts/citizen_agent.gd:213)
       [593] _navigate_to (res://scripts/citizen_agent.gd:222)
       [594] _assign_next_task (res://scripts/citizen_agent.gd:213)
       [595] _navigate_to (res://scripts/citizen_agent.gd:222)
       [596] _assign_next_task (res://scripts/citizen_agent.gd:213)
       [597] _navigate_to (res://scripts/citizen_agent.gd:222)
       [598] _assign_next_task (res://scripts/citizen_agent.gd:213)
       [599] _navigate_to (res://scripts/citizen_agent.gd:222)
       [600] _assign_next_task (res://scripts/citizen_agent.gd:213)
       [601] _navigate_to (res://scripts/citizen_agent.gd:222)
       [602] _assign_next_task (res://scripts/citizen_agent.gd:213)
       [603] _navigate_to (res://scripts/citizen_agent.gd:222)
       [604] _assign_next_task (res://scripts/citizen_agent.gd:213)
       [605] _navigate_to (res://scripts/citizen_agent.gd:222)
       [606] _assign_next_task (res://scripts/citizen_agent.gd:213)
       [607] _navigate_to (res://scripts/citizen_agent.gd:222)
       [608] _assign_next_task (res://scripts/citizen_agent.gd:213)
       [609] _navigate_to (res://scripts/citizen_agent.gd:222)
       [610] _assign_next_task (res://scripts/citizen_agent.gd:213)
       [611] _navigate_to (res://scripts/citizen_agent.gd:222)
       [612] _assign_next_task (res://scripts/citizen_agent.gd:213)
       [613] _navigate_to (res://scripts/citizen_agent.gd:222)
       [614] _assign_next_task (res://scripts/citizen_agent.gd:213)
       [615] _navigate_to (res://scripts/citizen_agent.gd:222)
       [616] _assign_next_task (res://scripts/citizen_agent.gd:213)
       [617] _navigate_to (res://scripts/citizen_agent.gd:222)
       [618] _assign_next_task (res://scripts/citizen_agent.gd:213)
       [619] _navigate_to (res://scripts/citizen_agent.gd:222)
       [620] _assign_next_task (res://scripts/citizen_agent.gd:213)
       [621] _navigate_to (res://scripts/citizen_agent.gd:222)
       [622] _assign_next_task (res://scripts/citizen_agent.gd:213)
       [623] _navigate_to (res://scripts/citizen_agent.gd:222)
       [624] _assign_next_task (res://scripts/citizen_agent.gd:213)
       [625] _navigate_to (res://scripts/citizen_agent.gd:222)
       [626] _assign_next_task (res://scripts/citizen_agent.gd:213)
       [627] _navigate_to (res://scripts/citizen_agent.gd:222)
       [628] _assign_next_task (res://scripts/citizen_agent.gd:213)
       [629] _navigate_to (res://scripts/citizen_agent.gd:222)
       [630] _assign_next_task (res://scripts/citizen_agent.gd:213)
       [631] _navigate_to (res://scripts/citizen_agent.gd:222)
       [632] _assign_next_task (res://scripts/citizen_agent.gd:213)
       [633] _navigate_to (res://scripts/citizen_agent.gd:222)
       [634] _assign_next_task (res://scripts/citizen_agent.gd:213)
       [635] _navigate_to (res://scripts/citizen_agent.gd:222)
       [636] _assign_next_task (res://scripts/citizen_agent.gd:213)
       [637] _navigate_to (res://scripts/citizen_agent.gd:222)
       [638] _assign_next_task (res://scripts/citizen_agent.gd:213)
       [639] _navigate_to (res://scripts/citizen_agent.gd:222)
       [640] _assign_next_task (res://scripts/citizen_agent.gd:213)
       [641] _navigate_to (res://scripts/citizen_agent.gd:222)
       [642] _assign_next_task (res://scripts/citizen_agent.gd:213)
       [643] _navigate_to (res://scripts/citizen_agent.gd:222)
       [644] _assign_next_task (res://scripts/citizen_agent.gd:213)
       [645] _navigate_to (res://scripts/citizen_agent.gd:222)
       [646] _assign_next_task (res://scripts/citizen_agent.gd:213)
       [647] _navigate_to (res://scripts/citizen_agent.gd:222)
       [648] _assign_next_task (res://scripts/citizen_agent.gd:213)
       [649] _navigate_to (res://scripts/citizen_agent.gd:222)
       [650] _assign_next_task (res://scripts/citizen_agent.gd:213)
       [651] _navigate_to (res://scripts/citizen_agent.gd:222)
       [652] _assign_next_task (res://scripts/citizen_agent.gd:213)
       [653] _navigate_to (res://scripts/citizen_agent.gd:222)
       [654] _assign_next_task (res://scripts/citizen_agent.gd:213)
       [655] _navigate_to (res://scripts/citizen_agent.gd:222)
       [656] _assign_next_task (res://scripts/citizen_agent.gd:213)
       [657] _navigate_to (res://scripts/citizen_agent.gd:222)
       [658] _assign_next_task (res://scripts/citizen_agent.gd:213)
       [659] _navigate_to (res://scripts/citizen_agent.gd:222)
       [660] _assign_next_task (res://scripts/citizen_agent.gd:213)
       [661] _navigate_to (res://scripts/citizen_agent.gd:222)
       [662] _assign_next_task (res://scripts/citizen_agent.gd:213)
       [663] _navigate_to (res://scripts/citizen_agent.gd:222)
       [664] _assign_next_task (res://scripts/citizen_agent.gd:213)
       [665] _navigate_to (res://scripts/citizen_agent.gd:222)
       [666] _assign_next_task (res://scripts/citizen_agent.gd:213)
       [667] _navigate_to (res://scripts/citizen_agent.gd:222)
       [668] _assign_next_task (res://scripts/citizen_agent.gd:213)
       [669] _navigate_to (res://scripts/citizen_agent.gd:222)
       [670] _assign_next_task (res://scripts/citizen_agent.gd:213)
       [671] _navigate_to (res://scripts/citizen_agent.gd:222)
       [672] _assign_next_task (res://scripts/citizen_agent.gd:213)
       [673] _navigate_to (res://scripts/citizen_agent.gd:222)
       [674] _assign_next_task (res://scripts/citizen_agent.gd:213)
       [675] _navigate_to (res://scripts/citizen_agent.gd:222)
       [676] _assign_next_task (res://scripts/citizen_agent.gd:213)
       [677] _navigate_to (res://scripts/citizen_agent.gd:222)
       [678] _assign_next_task (res://scripts/citizen_agent.gd:213)
       [679] _navigate_to (res://scripts/citizen_agent.gd:222)
       [680] _assign_next_task (res://scripts/citizen_agent.gd:213)
       [681] _navigate_to (res://scripts/citizen_agent.gd:222)
       [682] _assign_next_task (res://scripts/citizen_agent.gd:213)
       [683] _navigate_to (res://scripts/citizen_agent.gd:222)
       [684] _assign_next_task (res://scripts/citizen_agent.gd:213)
       [685] _navigate_to (res://scripts/citizen_agent.gd:222)
       [686] _assign_next_task (res://scripts/citizen_agent.gd:213)
       [687] _navigate_to (res://scripts/citizen_agent.gd:222)
       [688] _assign_next_task (res://scripts/citizen_agent.gd:213)
       [689] _navigate_to (res://scripts/citizen_agent.gd:222)
       [690] _assign_next_task (res://scripts/citizen_agent.gd:213)
       [691] _navigate_to (res://scripts/citizen_agent.gd:222)
       [692] _assign_next_task (res://scripts/citizen_agent.gd:213)
       [693] _navigate_to (res://scripts/citizen_agent.gd:222)
       [694] _assign_next_task (res://scripts/citizen_agent.gd:213)
       [695] _navigate_to (res://scripts/citizen_agent.gd:222)
       [696] _assign_next_task (res://scripts/citizen_agent.gd:213)
       [697] _navigate_to (res://scripts/citizen_agent.gd:222)
       [698] _assign_next_task (res://scripts/citizen_agent.gd:213)
       [699] _navigate_to (res://scripts/citizen_agent.gd:222)
       [700] _assign_next_task (res://scripts/citizen_agent.gd:213)
       [701] _navigate_to (res://scripts/citizen_agent.gd:222)
       [702] _assign_next_task (res://scripts/citizen_agent.gd:213)
       [703] _navigate_to (res://scripts/citizen_agent.gd:222)
       [704] _assign_next_task (res://scripts/citizen_agent.gd:213)
       [705] _navigate_to (res://scripts/citizen_agent.gd:222)
       [706] _assign_next_task (res://scripts/citizen_agent.gd:213)
       [707] _navigate_to (res://scripts/citizen_agent.gd:222)
       [708] _assign_next_task (res://scripts/citizen_agent.gd:213)
       [709] _navigate_to (res://scripts/citizen_agent.gd:222)
       [710] _assign_next_task (res://scripts/citizen_agent.gd:213)
       [711] _navigate_to (res://scripts/citizen_agent.gd:222)
       [712] _assign_next_task (res://scripts/citizen_agent.gd:213)
       [713] _navigate_to (res://scripts/citizen_agent.gd:222)
       [714] _assign_next_task (res://scripts/citizen_agent.gd:213)
       [715] _navigate_to (res://scripts/citizen_agent.gd:222)
       [716] _assign_next_task (res://scripts/citizen_agent.gd:213)
       [717] _navigate_to (res://scripts/citizen_agent.gd:222)
       [718] _assign_next_task (res://scripts/citizen_agent.gd:213)
       [719] _navigate_to (res://scripts/citizen_agent.gd:222)
       [720] _assign_next_task (res://scripts/citizen_agent.gd:213)
       [721] _navigate_to (res://scripts/citizen_agent.gd:222)
       [722] _assign_next_task (res://scripts/citizen_agent.gd:213)
       [723] _navigate_to (res://scripts/citizen_agent.gd:222)
       [724] _assign_next_task (res://scripts/citizen_agent.gd:213)
       [725] _navigate_to (res://scripts/citizen_agent.gd:222)
       [726] _assign_next_task (res://scripts/citizen_agent.gd:213)
       [727] _navigate_to (res://scripts/citizen_agent.gd:222)
       [728] _assign_next_task (res://scripts/citizen_agent.gd:213)
       [729] _navigate_to (res://scripts/citizen_agent.gd:222)
       [730] _assign_next_task (res://scripts/citizen_agent.gd:213)
       [731] _navigate_to (res://scripts/citizen_agent.gd:222)
       [732] _assign_next_task (res://scripts/citizen_agent.gd:213)
       [733] _navigate_to (res://scripts/citizen_agent.gd:222)
       [734] _assign_next_task (res://scripts/citizen_agent.gd:213)
       [735] _navigate_to (res://scripts/citizen_agent.gd:222)
       [736] _assign_next_task (res://scripts/citizen_agent.gd:213)
       [737] _navigate_to (res://scripts/citizen_agent.gd:222)
       [738] _assign_next_task (res://scripts/citizen_agent.gd:213)
       [739] _navigate_to (res://scripts/citizen_agent.gd:222)
       [740] _assign_next_task (res://scripts/citizen_agent.gd:213)
       [741] _navigate_to (res://scripts/citizen_agent.gd:222)
       [742] _assign_next_task (res://scripts/citizen_agent.gd:213)
       [743] _navigate_to (res://scripts/citizen_agent.gd:222)
       [744] _assign_next_task (res://scripts/citizen_agent.gd:213)
       [745] _navigate_to (res://scripts/citizen_agent.gd:222)
       [746] _assign_next_task (res://scripts/citizen_agent.gd:213)
       [747] _navigate_to (res://scripts/citizen_agent.gd:222)
       [748] _assign_next_task (res://scripts/citizen_agent.gd:213)
       [749] _navigate_to (res://scripts/citizen_agent.gd:222)
       [750] _assign_next_task (res://scripts/citizen_agent.gd:213)
       [751] _navigate_to (res://scripts/citizen_agent.gd:222)
       [752] _assign_next_task (res://scripts/citizen_agent.gd:213)
       [753] _navigate_to (res://scripts/citizen_agent.gd:222)
       [754] _assign_next_task (res://scripts/citizen_agent.gd:213)
       [755] _navigate_to (res://scripts/citizen_agent.gd:222)
       [756] _assign_next_task (res://scripts/citizen_agent.gd:213)
       [757] _navigate_to (res://scripts/citizen_agent.gd:222)
       [758] _assign_next_task (res://scripts/citizen_agent.gd:213)
       [759] _navigate_to (res://scripts/citizen_agent.gd:222)
       [760] _assign_next_task (res://scripts/citizen_agent.gd:213)
       [761] _navigate_to (res://scripts/citizen_agent.gd:222)
       [762] _assign_next_task (res://scripts/citizen_agent.gd:213)
       [763] _navigate_to (res://scripts/citizen_agent.gd:222)
       [764] _assign_next_task (res://scripts/citizen_agent.gd:213)
       [765] _navigate_to (res://scripts/citizen_agent.gd:222)
       [766] _assign_next_task (res://scripts/citizen_agent.gd:213)
       [767] _navigate_to (res://scripts/citizen_agent.gd:222)
       [768] _assign_next_task (res://scripts/citizen_agent.gd:213)
       [769] _navigate_to (res://scripts/citizen_agent.gd:222)
       [770] _assign_next_task (res://scripts/citizen_agent.gd:213)
       [771] _navigate_to (res://scripts/citizen_agent.gd:222)
       [772] _assign_next_task (res://scripts/citizen_agent.gd:213)
       [773] _navigate_to (res://scripts/citizen_agent.gd:222)
       [774] _assign_next_task (res://scripts/citizen_agent.gd:213)
       [775] _navigate_to (res://scripts/citizen_agent.gd:222)
       [776] _assign_next_task (res://scripts/citizen_agent.gd:213)
       [777] _navigate_to (res://scripts/citizen_agent.gd:222)
       [778] _assign_next_task (res://scripts/citizen_agent.gd:213)
       [779] _navigate_to (res://scripts/citizen_agent.gd:222)
       [780] _assign_next_task (res://scripts/citizen_agent.gd:213)
       [781] _navigate_to (res://scripts/citizen_agent.gd:222)
       [782] _assign_next_task (res://scripts/citizen_agent.gd:213)
       [783] _navigate_to (res://scripts/citizen_agent.gd:222)
       [784] _assign_next_task (res://scripts/citizen_agent.gd:213)
       [785] _navigate_to (res://scripts/citizen_agent.gd:222)
       [786] _assign_next_task (res://scripts/citizen_agent.gd:213)
       [787] _navigate_to (res://scripts/citizen_agent.gd:222)
       [788] _assign_next_task (res://scripts/citizen_agent.gd:213)
       [789] _navigate_to (res://scripts/citizen_agent.gd:222)
       [790] _assign_next_task (res://scripts/citizen_agent.gd:213)
       [791] _navigate_to (res://scripts/citizen_agent.gd:222)
       [792] _assign_next_task (res://scripts/citizen_agent.gd:213)
       [793] _navigate_to (res://scripts/citizen_agent.gd:222)
       [794] _assign_next_task (res://scripts/citizen_agent.gd:213)
       [795] _navigate_to (res://scripts/citizen_agent.gd:222)
       [796] _assign_next_task (res://scripts/citizen_agent.gd:213)
       [797] _navigate_to (res://scripts/citizen_agent.gd:222)
       [798] _assign_next_task (res://scripts/citizen_agent.gd:213)
       [799] _navigate_to (res://scripts/citizen_agent.gd:222)
       [800] _assign_next_task (res://scripts/citizen_agent.gd:213)
       [801] _navigate_to (res://scripts/citizen_agent.gd:222)
       [802] _assign_next_task (res://scripts/citizen_agent.gd:213)
       [803] _navigate_to (res://scripts/citizen_agent.gd:222)
       [804] _assign_next_task (res://scripts/citizen_agent.gd:213)
       [805] _navigate_to (res://scripts/citizen_agent.gd:222)
       [806] _assign_next_task (res://scripts/citizen_agent.gd:213)
       [807] _navigate_to (res://scripts/citizen_agent.gd:222)
       [808] _assign_next_task (res://scripts/citizen_agent.gd:213)
       [809] _navigate_to (res://scripts/citizen_agent.gd:222)
       [810] _assign_next_task (res://scripts/citizen_agent.gd:213)
       [811] _navigate_to (res://scripts/citizen_agent.gd:222)
       [812] _assign_next_task (res://scripts/citizen_agent.gd:213)
       [813] _navigate_to (res://scripts/citizen_agent.gd:222)
       [814] _assign_next_task (res://scripts/citizen_agent.gd:213)
       [815] _navigate_to (res://scripts/citizen_agent.gd:222)
       [816] _assign_next_task (res://scripts/citizen_agent.gd:213)
       [817] _navigate_to (res://scripts/citizen_agent.gd:222)
       [818] _assign_next_task (res://scripts/citizen_agent.gd:213)
       [819] _navigate_to (res://scripts/citizen_agent.gd:222)
       [820] _assign_next_task (res://scripts/citizen_agent.gd:213)
       [821] _navigate_to (res://scripts/citizen_agent.gd:222)
       [822] _assign_next_task (res://scripts/citizen_agent.gd:213)
       [823] _navigate_to (res://scripts/citizen_agent.gd:222)
       [824] _assign_next_task (res://scripts/citizen_agent.gd:213)
       [825] _navigate_to (res://scripts/citizen_agent.gd:222)
       [826] _assign_next_task (res://scripts/citizen_agent.gd:213)
       [827] _navigate_to (res://scripts/citizen_agent.gd:222)
       [828] _assign_next_task (res://scripts/citizen_agent.gd:213)
       [829] _navigate_to (res://scripts/citizen_agent.gd:222)
       [830] _assign_next_task (res://scripts/citizen_agent.gd:213)
       [831] _navigate_to (res://scripts/citizen_agent.gd:222)
       [832] _assign_next_task (res://scripts/citizen_agent.gd:213)
       [833] _navigate_to (res://scripts/citizen_agent.gd:222)
       [834] _assign_next_task (res://scripts/citizen_agent.gd:213)
       [835] _navigate_to (res://scripts/citizen_agent.gd:222)
       [836] _assign_next_task (res://scripts/citizen_agent.gd:213)
       [837] _navigate_to (res://scripts/citizen_agent.gd:222)
       [838] _assign_next_task (res://scripts/citizen_agent.gd:213)
       [839] _navigate_to (res://scripts/citizen_agent.gd:222)
       [840] _assign_next_task (res://scripts/citizen_agent.gd:213)
       [841] _navigate_to (res://scripts/citizen_agent.gd:222)
       [842] _assign_next_task (res://scripts/citizen_agent.gd:213)
       [843] _navigate_to (res://scripts/citizen_agent.gd:222)
       [844] _assign_next_task (res://scripts/citizen_agent.gd:213)
       [845] _navigate_to (res://scripts/citizen_agent.gd:222)
       [846] _assign_next_task (res://scripts/citizen_agent.gd:213)
       [847] _navigate_to (res://scripts/citizen_agent.gd:222)
       [848] _assign_next_task (res://scripts/citizen_agent.gd:213)
       [849] _navigate_to (res://scripts/citizen_agent.gd:222)
       [850] _assign_next_task (res://scripts/citizen_agent.gd:213)
       [851] _navigate_to (res://scripts/citizen_agent.gd:222)
       [852] _assign_next_task (res://scripts/citizen_agent.gd:213)
       [853] _navigate_to (res://scripts/citizen_agent.gd:222)
       [854] _assign_next_task (res://scripts/citizen_agent.gd:213)
       [855] _navigate_to (res://scripts/citizen_agent.gd:222)
       [856] _assign_next_task (res://scripts/citizen_agent.gd:213)
       [857] _navigate_to (res://scripts/citizen_agent.gd:222)
       [858] _assign_next_task (res://scripts/citizen_agent.gd:213)
       [859] _navigate_to (res://scripts/citizen_agent.gd:222)
       [860] _assign_next_task (res://scripts/citizen_agent.gd:213)
       [861] _navigate_to (res://scripts/citizen_agent.gd:222)
       [862] _assign_next_task (res://scripts/citizen_agent.gd:213)
       [863] _navigate_to (res://scripts/citizen_agent.gd:222)
       [864] _assign_next_task (res://scripts/citizen_agent.gd:213)
       [865] _navigate_to (res://scripts/citizen_agent.gd:222)
       [866] _assign_next_task (res://scripts/citizen_agent.gd:213)
       [867] _navigate_to (res://scripts/citizen_agent.gd:222)
       [868] _assign_next_task (res://scripts/citizen_agent.gd:213)
       [869] _navigate_to (res://scripts/citizen_agent.gd:222)
       [870] _assign_next_task (res://scripts/citizen_agent.gd:213)
       [871] _navigate_to (res://scripts/citizen_agent.gd:222)
       [872] _assign_next_task (res://scripts/citizen_agent.gd:213)
       [873] _navigate_to (res://scripts/citizen_agent.gd:222)
       [874] _assign_next_task (res://scripts/citizen_agent.gd:213)
       [875] _navigate_to (res://scripts/citizen_agent.gd:222)
       [876] _assign_next_task (res://scripts/citizen_agent.gd:213)
       [877] _navigate_to (res://scripts/citizen_agent.gd:222)
       [878] _assign_next_task (res://scripts/citizen_agent.gd:213)
       [879] _navigate_to (res://scripts/citizen_agent.gd:222)
       [880] _assign_next_task (res://scripts/citizen_agent.gd:213)
       [881] _navigate_to (res://scripts/citizen_agent.gd:222)
       [882] _assign_next_task (res://scripts/citizen_agent.gd:213)
       [883] _navigate_to (res://scripts/citizen_agent.gd:222)
       [884] _assign_next_task (res://scripts/citizen_agent.gd:213)
       [885] _navigate_to (res://scripts/citizen_agent.gd:222)
       [886] _assign_next_task (res://scripts/citizen_agent.gd:213)
       [887] _navigate_to (res://scripts/citizen_agent.gd:222)
       [888] _assign_next_task (res://scripts/citizen_agent.gd:213)
       [889] _navigate_to (res://scripts/citizen_agent.gd:222)
       [890] _assign_next_task (res://scripts/citizen_agent.gd:213)
       [891] _navigate_to (res://scripts/citizen_agent.gd:222)
       [892] _assign_next_task (res://scripts/citizen_agent.gd:213)
       [893] _navigate_to (res://scripts/citizen_agent.gd:222)
       [894] _assign_next_task (res://scripts/citizen_agent.gd:213)
       [895] _navigate_to (res://scripts/citizen_agent.gd:222)
       [896] _assign_next_task (res://scripts/citizen_agent.gd:213)
       [897] _navigate_to (res://scripts/citizen_agent.gd:222)
       [898] _assign_next_task (res://scripts/citizen_agent.gd:213)
       [899] _navigate_to (res://scripts/citizen_agent.gd:222)
       [900] _assign_next_task (res://scripts/citizen_agent.gd:213)
       [901] _navigate_to (res://scripts/citizen_agent.gd:222)
       [902] _assign_next_task (res://scripts/citizen_agent.gd:213)
       [903] _navigate_to (res://scripts/citizen_agent.gd:222)
       [904] _assign_next_task (res://scripts/citizen_agent.gd:213)
       [905] _navigate_to (res://scripts/citizen_agent.gd:222)
       [906] _assign_next_task (res://scripts/citizen_agent.gd:213)
       [907] _navigate_to (res://scripts/citizen_agent.gd:222)
       [908] _assign_next_task (res://scripts/citizen_agent.gd:213)
       [909] _navigate_to (res://scripts/citizen_agent.gd:222)
       [910] _assign_next_task (res://scripts/citizen_agent.gd:213)
       [911] _navigate_to (res://scripts/citizen_agent.gd:222)
       [912] _assign_next_task (res://scripts/citizen_agent.gd:213)
       [913] _navigate_to (res://scripts/citizen_agent.gd:222)
       [914] _assign_next_task (res://scripts/citizen_agent.gd:213)
       [915] _navigate_to (res://scripts/citizen_agent.gd:222)
       [916] _assign_next_task (res://scripts/citizen_agent.gd:213)
       [917] _navigate_to (res://scripts/citizen_agent.gd:222)
       [918] _assign_next_task (res://scripts/citizen_agent.gd:213)
       [919] _navigate_to (res://scripts/citizen_agent.gd:222)
       [920] _assign_next_task (res://scripts/citizen_agent.gd:213)
       [921] _navigate_to (res://scripts/citizen_agent.gd:222)
       [922] _assign_next_task (res://scripts/citizen_agent.gd:213)
       [923] _navigate_to (res://scripts/citizen_agent.gd:222)
       [924] _assign_next_task (res://scripts/citizen_agent.gd:213)
       [925] _navigate_to (res://scripts/citizen_agent.gd:222)
       [926] _assign_next_task (res://scripts/citizen_agent.gd:213)
       [927] _navigate_to (res://scripts/citizen_agent.gd:222)
       [928] _assign_next_task (res://scripts/citizen_agent.gd:213)
       [929] _navigate_to (res://scripts/citizen_agent.gd:222)
       [930] _assign_next_task (res://scripts/citizen_agent.gd:213)
       [931] _navigate_to (res://scripts/citizen_agent.gd:222)
       [932] _assign_next_task (res://scripts/citizen_agent.gd:213)
       [933] _navigate_to (res://scripts/citizen_agent.gd:222)
       [934] _assign_next_task (res://scripts/citizen_agent.gd:213)
       [935] _navigate_to (res://scripts/citizen_agent.gd:222)
       [936] _assign_next_task (res://scripts/citizen_agent.gd:213)
       [937] _navigate_to (res://scripts/citizen_agent.gd:222)
       [938] _assign_next_task (res://scripts/citizen_agent.gd:213)
       [939] _navigate_to (res://scripts/citizen_agent.gd:222)
       [940] _assign_next_task (res://scripts/citizen_agent.gd:213)
       [941] _navigate_to (res://scripts/citizen_agent.gd:222)
       [942] _assign_next_task (res://scripts/citizen_agent.gd:213)
       [943] _navigate_to (res://scripts/citizen_agent.gd:222)
       [944] _assign_next_task (res://scripts/citizen_agent.gd:213)
       [945] _navigate_to (res://scripts/citizen_agent.gd:222)
       [946] _assign_next_task (res://scripts/citizen_agent.gd:213)
       [947] _navigate_to (res://scripts/citizen_agent.gd:222)
       [948] _assign_next_task (res://scripts/citizen_agent.gd:213)
       [949] _navigate_to (res://scripts/citizen_agent.gd:222)
       [950] _assign_next_task (res://scripts/citizen_agent.gd:213)
       [951] _navigate_to (res://scripts/citizen_agent.gd:222)
       [952] _assign_next_task (res://scripts/citizen_agent.gd:213)
       [953] _navigate_to (res://scripts/citizen_agent.gd:222)
       [954] _assign_next_task (res://scripts/citizen_agent.gd:213)
       [955] _navigate_to (res://scripts/citizen_agent.gd:222)
       [956] _assign_next_task (res://scripts/citizen_agent.gd:213)
       [957] _navigate_to (res://scripts/citizen_agent.gd:222)
       [958] _assign_next_task (res://scripts/citizen_agent.gd:213)
       [959] _navigate_to (res://scripts/citizen_agent.gd:222)
       [960] _assign_next_task (res://scripts/citizen_agent.gd:213)
       [961] _navigate_to (res://scripts/citizen_agent.gd:222)
       [962] _assign_next_task (res://scripts/citizen_agent.gd:213)
       [963] _navigate_to (res://scripts/citizen_agent.gd:222)
       [964] _assign_next_task (res://scripts/citizen_agent.gd:213)
       [965] _navigate_to (res://scripts/citizen_agent.gd:222)
       [966] _assign_next_task (res://scripts/citizen_agent.gd:213)
       [967] _navigate_to (res://scripts/citizen_agent.gd:222)
       [968] _assign_next_task (res://scripts/citizen_agent.gd:213)
       [969] _navigate_to (res://scripts/citizen_agent.gd:222)
       [970] _assign_next_task (res://scripts/citizen_agent.gd:213)
       [971] _navigate_to (res://scripts/citizen_agent.gd:222)
       [972] _assign_next_task (res://scripts/citizen_agent.gd:213)
       [973] _navigate_to (res://scripts/citizen_agent.gd:222)
       [974] _assign_next_task (res://scripts/citizen_agent.gd:213)
       [975] _navigate_to (res://scripts/citizen_agent.gd:222)
       [976] _assign_next_task (res://scripts/citizen_agent.gd:213)
       [977] _navigate_to (res://scripts/citizen_agent.gd:222)
       [978] _assign_next_task (res://scripts/citizen_agent.gd:213)
       [979] _navigate_to (res://scripts/citizen_agent.gd:222)
       [980] _assign_next_task (res://scripts/citizen_agent.gd:213)
       [981] _navigate_to (res://scripts/citizen_agent.gd:222)
       [982] _assign_next_task (res://scripts/citizen_agent.gd:213)
       [983] _navigate_to (res://scripts/citizen_agent.gd:222)
       [984] _assign_next_task (res://scripts/citizen_agent.gd:213)
       [985] _navigate_to (res://scripts/citizen_agent.gd:222)
       [986] _assign_next_task (res://scripts/citizen_agent.gd:213)
       [987] _navigate_to (res://scripts/citizen_agent.gd:222)
       [988] _assign_next_task (res://scripts/citizen_agent.gd:213)
       [989] _navigate_to (res://scripts/citizen_agent.gd:222)
       [990] _assign_next_task (res://scripts/citizen_agent.gd:213)
       [991] _navigate_to (res://scripts/citizen_agent.gd:222)
       [992] _assign_next_task (res://scripts/citizen_agent.gd:213)
       [993] _navigate_to (res://scripts/citizen_agent.gd:222)
       [994] _assign_next_task (res://scripts/citizen_agent.gd:213)
       [995] _navigate_to (res://scripts/citizen_agent.gd:222)
       [996] _assign_next_task (res://scripts/citizen_agent.gd:213)
       [997] _navigate_to (res://scripts/citizen_agent.gd:222)
       [998] _assign_next_task (res://scripts/citizen_agent.gd:213)
       [999] _navigate_to (res://scripts/citizen_agent.gd:222)
       [1000] _assign_next_task (res://scripts/citizen_agent.gd:213)
       [1001] _navigate_to (res://scripts/citizen_agent.gd:222)
       [1002] _assign_next_task (res://scripts/citizen_agent.gd:213)
       [1003] _navigate_to (res://scripts/citizen_agent.gd:222)
       [1004] _assign_next_task (res://scripts/citizen_agent.gd:213)
       [1005] _navigate_to (res://scripts/citizen_agent.gd:222)
       [1006] _assign_next_task (res://scripts/citizen_agent.gd:213)
       [1007] _navigate_to (res://scripts/citizen_agent.gd:222)
       [1008] _assign_next_task (res://scripts/citizen_agent.gd:213)
       [1009] _navigate_to (res://scripts/citizen_agent.gd:222)
       [1010] _assign_next_task (res://scripts/citizen_agent.gd:213)
       [1011] _navigate_to (res://scripts/citizen_agent.gd:222)
       [1012] _assign_next_task (res://scripts/citizen_agent.gd:213)
       [1013] _navigate_to (res://scripts/citizen_agent.gd:222)
       [1014] _assign_next_task (res://scripts/citizen_agent.gd:213)
       [1015] _navigate_to (res://scripts/citizen_agent.gd:222)
       [1016] _assign_next_task (res://scripts/citizen_agent.gd:213)
       [1017] _navigate_to (res://scripts/citizen_agent.gd:222)
       [1018] _assign_next_task (res://scripts/citizen_agent.gd:213)
       [1019] _navigate_to (res://scripts/citizen_agent.gd:222)
       [1020] _assign_next_task (res://scripts/citizen_agent.gd:213)
       [1021] _process (res://scripts/citizen_agent.gd:66)
       [1022] step (res://scripts/civilization_simulation.gd:127)
       [1023] run (res://scripts/poc45_fast_test.gd:177)
ERROR: Stack underflow! (Engine Bug)
   at: exit_function (modules/gdscript/gdscript.h:529)
ERROR: Stack underflow! (Engine Bug)
   at: exit_function (modules/gdscript/gdscript.h:529)
ERROR: Stack underflow! (Engine Bug)
   at: exit_function (modules/gdscript/gdscript.h:529)
ERROR: Stack underflow! (Engine Bug)
   at: exit_function (modules/gdscript/gdscript.h:529)
ERROR: Stack underflow! (Engine Bug)
   at: exit_function (modules/gdscript/gdscript.h:529)
ERROR: Stack underflow! (Engine Bug)
   at: exit_function (modules/gdscript/gdscript.h:529)
ERROR: Stack underflow! (Engine Bug)
   at: exit_function (modules/gdscript/gdscript.h:529)
ERROR: Stack underflow! (Engine Bug)
   at: exit_function (modules/gdscript/gdscript.h:529)
ERROR: Stack underflow! (Engine Bug)
   at: exit_function (modules/gdscript/gdscript.h:529)
ERROR: Stack underflow! (Engine Bug)
   at: exit_function (modules/gdscript/gdscript.h:529)
ERROR: Stack underflow! (Engine Bug)
   at: exit_function (modules/gdscript/gdscript.h:529)
ERROR: Stack underflow! (Engine Bug)
   at: exit_function (modules/gdscript/gdscript.h:529)
ERROR: Stack underflow! (Engine Bug)
   at: exit_function (modules/gdscript/gdscript.h:529)
ERROR: Stack underflow! (Engine Bug)
   at: exit_function (modules/gdscript/gdscript.h:529)
ERROR: Stack underflow! (Engine Bug)
   at: exit_function (modules/gdscript/gdscript.h:529)
ERROR: Stack underflow! (Engine Bug)
   at: exit_function (modules/gdscript/gdscript.h:529)
ERROR: Stack underflow! (Engine Bug)
   at: exit_function (modules/gdscript/gdscript.h:529)
ERROR: Stack underflow! (Engine Bug)
   at: exit_function (modules/gdscript/gdscript.h:529)
ERROR: Stack underflow! (Engine Bug)
   at: exit_function (modules/gdscript/gdscript.h:529)
ERROR: Stack underflow! (Engine Bug)
   at: exit_function (modules/gdscript/gdscript.h:529)
ERROR: Stack underflow! (Engine Bug)
   at: exit_function (modules/gdscript/gdscript.h:529)
ERROR: Stack underflow! (Engine Bug)
   at: exit_function (modules/gdscript/gdscript.h:529)
ERROR: Stack underflow! (Engine Bug)
   at: exit_function (modules/gdscript/gdscript.h:529)
ERROR: Stack underflow! (Engine Bug)
   at: exit_function (modules/gdscript/gdscript.h:529)
ERROR: Stack underflow! (Engine Bug)
   at: exit_function (modules/gdscript/gdscript.h:529)
ERROR: Stack underflow! (Engine Bug)
   at: exit_function (modules/gdscript/gdscript.h:529)
ERROR: Stack underflow! (Engine Bug)
   at: exit_function (modules/gdscript/gdscript.h:529)
ERROR: Stack underflow! (Engine Bug)
   at: exit_function (modules/gdscript/gdscript.h:529)
ERROR: Stack underflow! (Engine Bug)
   at: exit_function (modules/gdscript/gdscript.h:529)
ERROR: Stack underflow! (Engine Bug)
   at: exit_function (modules/gdscript/gdscript.h:529)
ERROR: Stack underflow! (Engine Bug)
   at: exit_function (modules/gdscript/gdscript.h:529)
ERROR: Stack underflow! (Engine Bug)
   at: exit_function (modules/gdscript/gdscript.h:529)
ERROR: Stack underflow! (Engine Bug)
   at: exit_function (modules/gdscript/gdscript.h:529)
ERROR: Stack underflow! (Engine Bug)
   at: exit_function (modules/gdscript/gdscript.h:529)
ERROR: Stack underflow! (Engine Bug)
   at: exit_function (modules/gdscript/gdscript.h:529)
ERROR: Stack underflow! (Engine Bug)
   at: exit_function (modules/gdscript/gdscript.h:529)
ERROR: Stack underflow! (Engine Bug)
   at: exit_function (modules/gdscript/gdscript.h:529)
ERROR: Stack underflow! (Engine Bug)
   at: exit_function (modules/gdscript/gdscript.h:529)
ERROR: Stack underflow! (Engine Bug)
   at: exit_function (modules/gdscript/gdscript.h:529)
ERROR: Stack underflow! (Engine Bug)
   at: exit_function (modules/gdscript/gdscript.h:529)
ERROR: Stack underflow! (Engine Bug)
   at: exit_function (modules/gdscript/gdscript.h:529)
ERROR: Stack underflow! (Engine Bug)
   at: exit_function (modules/gdscript/gdscript.h:529)
ERROR: Stack underflow! (Engine Bug)
   at: exit_function (modules/gdscript/gdscript.h:529)
ERROR: Stack underflow! (Engine Bug)
   at: exit_function (modules/gdscript/gdscript.h:529)
ERROR: Stack underflow! (Engine Bug)
   at: exit_function (modules/gdscript/gdscript.h:529)
ERROR: Stack underflow! (Engine Bug)
   at: exit_function (modules/gdscript/gdscript.h:529)
ERROR: Stack underflow! (Engine Bug)
   at: exit_function (modules/gdscript/gdscript.h:529)
ERROR: Stack underflow! (Engine Bug)
   at: exit_function (modules/gdscript/gdscript.h:529)
ERROR: Stack underflow! (Engine Bug)
   at: exit_function (modules/gdscript/gdscript.h:529)
ERROR: Stack underflow! (Engine Bug)
   at: exit_function (modules/gdscript/gdscript.h:529)
ERROR: Stack underflow! (Engine Bug)
   at: exit_function (modules/gdscript/gdscript.h:529)
ERROR: Stack underflow! (Engine Bug)
   at: exit_function (modules/gdscript/gdscript.h:529)
ERROR: Stack underflow! (Engine Bug)
   at: exit_function (modules/gdscript/gdscript.h:529)
ERROR: Stack underflow! (Engine Bug)
   at: exit_function (modules/gdscript/gdscript.h:529)
ERROR: Stack underflow! (Engine Bug)
   at: exit_function (modules/gdscript/gdscript.h:529)
ERROR: Stack underflow! (Engine Bug)
   at: exit_function (modules/gdscript/gdscript.h:529)
ERROR: Stack underflow! (Engine Bug)
   at: exit_function (modules/gdscript/gdscript.h:529)
ERROR: Stack underflow! (Engine Bug)
   at: exit_function (modules/gdscript/gdscript.h:529)
ERROR: Stack underflow! (Engine Bug)
   at: exit_function (modules/gdscript/gdscript.h:529)
ERROR: Stack underflow! (Engine Bug)
   at: exit_function (modules/gdscript/gdscript.h:529)
ERROR: Stack underflow! (Engine Bug)
   at: exit_function (modules/gdscript/gdscript.h:529)
ERROR: Stack underflow! (Engine Bug)
   at: exit_function (modules/gdscript/gdscript.h:529)
ERROR: Stack underflow! (Engine Bug)
   at: exit_function (modules/gdscript/gdscript.h:529)
ERROR: Stack underflow! (Engine Bug)
   at: exit_function (modules/gdscript/gdscript.h:529)
ERROR: Stack underflow! (Engine Bug)
   at: exit_function (modules/gdscript/gdscript.h:529)
ERROR: Stack underflow! (Engine Bug)
   at: exit_function (modules/gdscript/gdscript.h:529)
ERROR: Stack underflow! (Engine Bug)
   at: exit_function (modules/gdscript/gdscript.h:529)
ERROR: Stack underflow! (Engine Bug)
   at: exit_function (modules/gdscript/gdscript.h:529)
ERROR: Stack underflow! (Engine Bug)
   at: exit_function (modules/gdscript/gdscript.h:529)
ERROR: Stack underflow! (Engine Bug)
   at: exit_function (modules/gdscript/gdscript.h:529)
ERROR: Stack underflow! (Engine Bug)
   at: exit_function (modules/gdscript/gdscript.h:529)
ERROR: Stack underflow! (Engine Bug)
   at: exit_function (modules/gdscript/gdscript.h:529)
ERROR: Stack underflow! (Engine Bug)
   at: exit_function (modules/gdscript/gdscript.h:529)
ERROR: Stack underflow! (Engine Bug)
   at: exit_function (modules/gdscript/gdscript.h:529)
ERROR: Stack underflow! (Engine Bug)
   at: exit_function (modules/gdscript/gdscript.h:529)
ERROR: Stack underflow! (Engine Bug)
   at: exit_function (modules/gdscript/gdscript.h:529)
ERROR: Stack underflow! (Engine Bug)
   at: exit_function (modules/gdscript/gdscript.h:529)
ERROR: Stack underflow! (Engine Bug)
   at: exit_function (modules/gdscript/gdscript.h:529)
ERROR: Stack underflow! (Engine Bug)
   at: exit_function (modules/gdscript/gdscript.h:529)
ERROR: Stack underflow! (Engine Bug)
   at: exit_function (modules/gdscript/gdscript.h:529)
ERROR: Stack underflow! (Engine Bug)
   at: exit_function (modules/gdscript/gdscript.h:529)
ERROR: Stack underflow! (Engine Bug)
   at: exit_function (modules/gdscript/gdscript.h:529)
ERROR: Stack underflow! (Engine Bug)
   at: exit_function (modules/gdscript/gdscript.h:529)
ERROR: Stack underflow! (Engine Bug)
   at: exit_function (modules/gdscript/gdscript.h:529)
ERROR: Stack underflow! (Engine Bug)
   at: exit_function (modules/gdscript/gdscript.h:529)
ERROR: Stack underflow! (Engine Bug)
   at: exit_function (modules/gdscript/gdscript.h:529)
ERROR: Stack underflow! (Engine Bug)
   at: exit_function (modules/gdscript/gdscript.h:529)
ERROR: Stack underflow! (Engine Bug)
   at: exit_function (modules/gdscript/gdscript.h:529)
ERROR: Stack underflow! (Engine Bug)
   at: exit_function (modules/gdscript/gdscript.h:529)
ERROR: Stack underflow! (Engine Bug)
   at: exit_function (modules/gdscript/gdscript.h:529)
ERROR: Stack underflow! (Engine Bug)
   at: exit_function (modules/gdscript/gdscript.h:529)
ERROR: Stack underflow! (Engine Bug)
   at: exit_function (modules/gdscript/gdscript.h:529)
ERROR: Stack underflow! (Engine Bug)
   at: exit_function (modules/gdscript/gdscript.h:529)
ERROR: Stack underflow! (Engine Bug)
   at: exit_function (modules/gdscript/gdscript.h:529)
ERROR: Stack underflow! (Engine Bug)
   at: exit_function (modules/gdscript/gdscript.h:529)
ERROR: Stack underflow! (Engine Bug)
   at: exit_function (modules/gdscript/gdscript.h:529)
ERROR: Stack underflow! (Engine Bug)
   at: exit_function (modules/gdscript/gdscript.h:529)
ERROR: Stack underflow! (Engine Bug)
   at: exit_function (modules/gdscript/gdscript.h:529)
ERROR: Stack underflow! (Engine Bug)
   at: exit_function (modules/gdscript/gdscript.h:529)
ERROR: Stack underflow! (Engine Bug)
   at: exit_function (modules/gdscript/gdscript.h:529)
ERROR: Stack underflow! (Engine Bug)
   at: exit_function (modules/gdscript/gdscript.h:529)
ERROR: Stack underflow! (Engine Bug)
   at: exit_function (modules/gdscript/gdscript.h:529)
ERROR: Stack underflow! (Engine Bug)
   at: exit_function (modules/gdscript/gdscript.h:529)
ERROR: Stack underflow! (Engine Bug)
   at: exit_function (modules/gdscript/gdscript.h:529)
ERROR: Stack underflow! (Engine Bug)
   at: exit_function (modules/gdscript/gdscript.h:529)
ERROR: Stack underflow! (Engine Bug)
   at: exit_function (modules/gdscript/gdscript.h:529)
ERROR: Stack underflow! (Engine Bug)
   at: exit_function (modules/gdscript/gdscript.h:529)
ERROR: Stack underflow! (Engine Bug)
   at: exit_function (modules/gdscript/gdscript.h:529)
ERROR: Stack underflow! (Engine Bug)
   at: exit_function (modules/gdscript/gdscript.h:529)
ERROR: Stack underflow! (Engine Bug)
   at: exit_function (modules/gdscript/gdscript.h:529)
ERROR: Stack underflow! (Engine Bug)
   at: exit_function (modules/gdscript/gdscript.h:529)
ERROR: Stack underflow! (Engine Bug)
   at: exit_function (modules/gdscript/gdscript.h:529)
ERROR: Stack underflow! (Engine Bug)
   at: exit_function (modules/gdscript/gdscript.h:529)
ERROR: Stack underflow! (Engine Bug)
   at: exit_function (modules/gdscript/gdscript.h:529)
ERROR: Stack underflow! (Engine Bug)
   at: exit_function (modules/gdscript/gdscript.h:529)
ERROR: Stack underflow! (Engine Bug)
   at: exit_function (modules/gdscript/gdscript.h:529)
ERROR: Stack underflow! (Engine Bug)
   at: exit_function (modules/gdscript/gdscript.h:529)
ERROR: Stack underflow! (Engine Bug)
   at: exit_function (modules/gdscript/gdscript.h:529)
ERROR: Stack underflow! (Engine Bug)
   at: exit_function (modules/gdscript/gdscript.h:529)
ERROR: Stack underflow! (Engine Bug)
   at: exit_function (modules/gdscript/gdscript.h:529)
ERROR: Stack underflow! (Engine Bug)
   at: exit_function (modules/gdscript/gdscript.h:529)
ERROR: Stack underflow! (Engine Bug)
   at: exit_function (modules/gdscript/gdscript.h:529)
ERROR: Stack underflow! (Engine Bug)
   at: exit_function (modules/gdscript/gdscript.h:529)
ERROR: Stack underflow! (Engine Bug)
   at: exit_function (modules/gdscript/gdscript.h:529)
ERROR: Stack underflow! (Engine Bug)
   at: exit_function (modules/gdscript/gdscript.h:529)
ERROR: Stack underflow! (Engine Bug)
   at: exit_function (modules/gdscript/gdscript.h:529)
ERROR: Stack underflow! (Engine Bug)
   at: exit_function (modules/gdscript/gdscript.h:529)
ERROR: Stack underflow! (Engine Bug)
   at: exit_function (modules/gdscript/gdscript.h:529)
ERROR: Stack underflow! (Engine Bug)
   at: exit_function (modules/gdscript/gdscript.h:529)
ERROR: Stack underflow! (Engine Bug)
   at: exit_function (modules/gdscript/gdscript.h:529)
ERROR: Stack underflow! (Engine Bug)
   at: exit_function (modules/gdscript/gdscript.h:529)
ERROR: Stack underflow! (Engine Bug)
   at: exit_function (modules/gdscript/gdscript.h:529)
ERROR: Stack underflow! (Engine Bug)
   at: exit_function (modules/gdscript/gdscript.h:529)
ERROR: Stack underflow! (Engine Bug)
   at: exit_function (modules/gdscript/gdscript.h:529)
ERROR: Stack underflow! (Engine Bug)
   at: exit_function (modules/gdscript/gdscript.h:529)
ERROR: Stack underflow! (Engine Bug)
   at: exit_function (modules/gdscript/gdscript.h:529)
ERROR: Stack underflow! (Engine Bug)
   at: exit_function (modules/gdscript/gdscript.h:529)
ERROR: Stack underflow! (Engine Bug)
   at: exit_function (modules/gdscript/gdscript.h:529)
ERROR: Stack underflow! (Engine Bug)
   at: exit_function (modules/gdscript/gdscript.h:529)
ERROR: Stack underflow! (Engine Bug)
   at: exit_function (modules/gdscript/gdscript.h:529)
ERROR: Stack underflow! (Engine Bug)
   at: exit_function (modules/gdscript/gdscript.h:529)
ERROR: Stack underflow! (Engine Bug)
   at: exit_function (modules/gdscript/gdscript.h:529)
ERROR: Stack underflow! (Engine Bug)
   at: exit_function (modules/gdscript/gdscript.h:529)
ERROR: Stack underflow! (Engine Bug)
   at: exit_function (modules/gdscript/gdscript.h:529)
ERROR: Stack underflow! (Engine Bug)
   at: exit_function (modules/gdscript/gdscript.h:529)
ERROR: Stack underflow! (Engine Bug)
   at: exit_function (modules/gdscript/gdscript.h:529)
ERROR: Stack underflow! (Engine Bug)
   at: exit_function (modules/gdscript/gdscript.h:529)
ERROR: Stack underflow! (Engine Bug)
   at: exit_function (modules/gdscript/gdscript.h:529)
ERROR: Stack underflow! (Engine Bug)
   at: exit_function (modules/gdscript/gdscript.h:529)
ERROR: Stack underflow! (Engine Bug)
   at: exit_function (modules/gdscript/gdscript.h:529)
ERROR: Stack underflow! (Engine Bug)
   at: exit_function (modules/gdscript/gdscript.h:529)
ERROR: Stack underflow! (Engine Bug)
   at: exit_function (modules/gdscript/gdscript.h:529)
ERROR: Stack underflow! (Engine Bug)
   at: exit_function (modules/gdscript/gdscript.h:529)
ERROR: Stack underflow! (Engine Bug)
   at: exit_function (modules/gdscript/gdscript.h:529)
ERROR: Stack underflow! (Engine Bug)
   at: exit_function (modules/gdscript/gdscript.h:529)
ERROR: Stack underflow! (Engine Bug)
   at: exit_function (modules/gdscript/gdscript.h:529)
ERROR: Stack underflow! (Engine Bug)
   at: exit_function (modules/gdscript/gdscript.h:529)
ERROR: Stack underflow! (Engine Bug)
   at: exit_function (modules/gdscript/gdscript.h:529)
ERROR: Stack underflow! (Engine Bug)
   at: exit_function (modules/gdscript/gdscript.h:529)
ERROR: Stack underflow! (Engine Bug)
   at: exit_function (modules/gdscript/gdscript.h:529)
ERROR: Stack underflow! (Engine Bug)
   at: exit_function (modules/gdscript/gdscript.h:529)
ERROR: Stack underflow! (Engine Bug)
   at: exit_function (modules/gdscript/gdscript.h:529)
ERROR: Stack underflow! (Engine Bug)
   at: exit_function (modules/gdscript/gdscript.h:529)
ERROR: Stack underflow! (Engine Bug)
   at: exit_function (modules/gdscript/gdscript.h:529)
ERROR: Stack underflow! (Engine Bug)
   at: exit_function (modules/gdscript/gdscript.h:529)
ERROR: Stack underflow! (Engine Bug)
   at: exit_function (modules/gdscript/gdscript.h:529)
ERROR: Stack underflow! (Engine Bug)
   at: exit_function (modules/gdscript/gdscript.h:529)
ERROR: Stack underflow! (Engine Bug)
   at: exit_function (modules/gdscript/gdscript.h:529)
ERROR: Stack underflow! (Engine Bug)
   at: exit_function (modules/gdscript/gdscript.h:529)
ERROR: Stack underflow! (Engine Bug)
   at: exit_function (modules/gdscript/gdscript.h:529)
ERROR: Stack underflow! (Engine Bug)
   at: exit_function (modules/gdscript/gdscript.h:529)
ERROR: Stack underflow! (Engine Bug)
   at: exit_function (modules/gdscript/gdscript.h:529)
ERROR: Stack underflow! (Engine Bug)
   at: exit_function (modules/gdscript/gdscript.h:529)
ERROR: Stack underflow! (Engine Bug)
   at: exit_function (modules/gdscript/gdscript.h:529)
ERROR: Stack underflow! (Engine Bug)
   at: exit_function (modules/gdscript/gdscript.h:529)
ERROR: Stack underflow! (Engine Bug)
   at: exit_function (modules/gdscript/gdscript.h:529)
ERROR: Stack underflow! (Engine Bug)
   at: exit_function (modules/gdscript/gdscript.h:529)
ERROR: Stack underflow! (Engine Bug)
   at: exit_function (modules/gdscript/gdscript.h:529)
ERROR: Stack underflow! (Engine Bug)
   at: exit_function (modules/gdscript/gdscript.h:529)
ERROR: Stack underflow! (Engine Bug)
   at: exit_function (modules/gdscript/gdscript.h:529)
ERROR: Stack underflow! (Engine Bug)
   at: exit_function (modules/gdscript/gdscript.h:529)
ERROR: Stack underflow! (Engine Bug)
   at: exit_function (modules/gdscript/gdscript.h:529)
ERROR: Stack underflow! (Engine Bug)
   at: exit_function (modules/gdscript/gdscript.h:529)
ERROR: Stack underflow! (Engine Bug)
   at: exit_function (modules/gdscript/gdscript.h:529)
ERROR: Stack underflow! (Engine Bug)
   at: exit_function (modules/gdscript/gdscript.h:529)
ERROR: Stack underflow! (Engine Bug)
   at: exit_function (modules/gdscript/gdscript.h:529)
ERROR: Stack underflow! (Engine Bug)
   at: exit_function (modules/gdscript/gdscript.h:529)
ERROR: Stack underflow! (Engine Bug)
   at: exit_function (modules/gdscript/gdscript.h:529)
ERROR: Stack underflow! (Engine Bug)
   at: exit_function (modules/gdscript/gdscript.h:529)
ERROR: Stack underflow! (Engine Bug)
   at: exit_function (modules/gdscript/gdscript.h:529)
ERROR: Stack underflow! (Engine Bug)
   at: exit_function (modules/gdscript/gdscript.h:529)
ERROR: Stack underflow! (Engine Bug)
   at: exit_function (modules/gdscript/gdscript.h:529)
ERROR: Stack underflow! (Engine Bug)
   at: exit_function (modules/gdscript/gdscript.h:529)
ERROR: Stack underflow! (Engine Bug)
   at: exit_function (modules/gdscript/gdscript.h:529)
ERROR: Stack underflow! (Engine Bug)
   at: exit_function (modules/gdscript/gdscript.h:529)
ERROR: Stack underflow! (Engine Bug)
   at: exit_function (modules/gdscript/gdscript.h:529)
ERROR: Stack underflow! (Engine Bug)
   at: exit_function (modules/gdscript/gdscript.h:529)
ERROR: Stack underflow! (Engine Bug)
   at: exit_function (modules/gdscript/gdscript.h:529)
ERROR: Stack underflow! (Engine Bug)
   at: exit_function (modules/gdscript/gdscript.h:529)
ERROR: Stack underflow! (Engine Bug)
   at: exit_function (modules/gdscript/gdscript.h:529)
ERROR: Stack underflow! (Engine Bug)
   at: exit_function (modules/gdscript/gdscript.h:529)
ERROR: Stack underflow! (Engine Bug)
   at: exit_function (modules/gdscript/gdscript.h:529)
ERROR: Stack underflow! (Engine Bug)
   at: exit_function (modules/gdscript/gdscript.h:529)
ERROR: Stack underflow! (Engine Bug)
   at: exit_function (modules/gdscript/gdscript.h:529)
ERROR: Stack underflow! (Engine Bug)
   at: exit_function (modules/gdscript/gdscript.h:529)
ERROR: Stack underflow! (Engine Bug)
   at: exit_function (modules/gdscript/gdscript.h:529)
ERROR: Stack underflow! (Engine Bug)
   at: exit_function (modules/gdscript/gdscript.h:529)
ERROR: Stack underflow! (Engine Bug)
   at: exit_function (modules/gdscript/gdscript.h:529)
ERROR: Stack underflow! (Engine Bug)
   at: exit_function (modules/gdscript/gdscript.h:529)
ERROR: Stack underflow! (Engine Bug)
   at: exit_function (modules/gdscript/gdscript.h:529)
ERROR: Stack underflow! (Engine Bug)
   at: exit_function (modules/gdscript/gdscript.h:529)
ERROR: Stack underflow! (Engine Bug)
   at: exit_function (modules/gdscript/gdscript.h:529)
ERROR: Stack underflow! (Engine Bug)
   at: exit_function (modules/gdscript/gdscript.h:529)
ERROR: Stack underflow! (Engine Bug)
   at: exit_function (modules/gdscript/gdscript.h:529)
ERROR: Stack underflow! (Engine Bug)
   at: exit_function (modules/gdscript/gdscript.h:529)
ERROR: Stack underflow! (Engine Bug)
   at: exit_function (modules/gdscript/gdscript.h:529)
ERROR: Stack underflow! (Engine Bug)
   at: exit_function (modules/gdscript/gdscript.h:529)
ERROR: Stack underflow! (Engine Bug)
   at: exit_function (modules/gdscript/gdscript.h:529)
ERROR: Stack underflow! (Engine Bug)
   at: exit_function (modules/gdscript/gdscript.h:529)
ERROR: Stack underflow! (Engine Bug)
   at: exit_function (modules/gdscript/gdscript.h:529)
ERROR: Stack underflow! (Engine Bug)
   at: exit_function (modules/gdscript/gdscript.h:529)
ERROR: Stack underflow! (Engine Bug)
   at: exit_function (modules/gdscript/gdscript.h:529)
ERROR: Stack underflow! (Engine Bug)
   at: exit_function (modules/gdscript/gdscript.h:529)
ERROR: Stack underflow! (Engine Bug)
   at: exit_function (modules/gdscript/gdscript.h:529)
ERROR: Stack underflow! (Engine Bug)
   at: exit_function (modules/gdscript/gdscript.h:529)
ERROR: Stack underflow! (Engine Bug)
   at: exit_function (modules/gdscript/gdscript.h:529)
ERROR: Stack underflow! (Engine Bug)
   at: exit_function (modules/gdscript/gdscript.h:529)
ERROR: Stack underflow! (Engine Bug)
   at: exit_function (modules/gdscript/gdscript.h:529)
ERROR: Stack underflow! (Engine Bug)
   at: exit_function (modules/gdscript/gdscript.h:529)
ERROR: Stack underflow! (Engine Bug)
   at: exit_function (modules/gdscript/gdscript.h:529)
ERROR: Stack underflow! (Engine Bug)
   at: exit_function (modules/gdscript/gdscript.h:529)
ERROR: Stack underflow! (Engine Bug)
   at: exit_function (modules/gdscript/gdscript.h:529)
ERROR: Stack underflow! (Engine Bug)
   at: exit_function (modules/gdscript/gdscript.h:529)
ERROR: Stack underflow! (Engine Bug)
   at: exit_function (modules/gdscript/gdscript.h:529)
ERROR: Stack underflow! (Engine Bug)
   at: exit_function (modules/gdscript/gdscript.h:529)
ERROR: Stack underflow! (Engine Bug)
   at: exit_function (modules/gdscript/gdscript.h:529)
ERROR: Stack underflow! (Engine Bug)
   at: exit_function (modules/gdscript/gdscript.h:529)
ERROR: Stack underflow! (Engine Bug)
   at: exit_function (modules/gdscript/gdscript.h:529)
ERROR: Stack underflow! (Engine Bug)
   at: exit_function (modules/gdscript/gdscript.h:529)
ERROR: Stack underflow! (Engine Bug)
   at: exit_function (modules/gdscript/gdscript.h:529)
ERROR: Stack underflow! (Engine Bug)
   at: exit_function (modules/gdscript/gdscript.h:529)
ERROR: Stack underflow! (Engine Bug)
   at: exit_function (modules/gdscript/gdscript.h:529)
ERROR: Stack underflow! (Engine Bug)
   at: exit_function (modules/gdscript/gdscript.h:529)
ERROR: Stack underflow! (Engine Bug)
   at: exit_function (modules/gdscript/gdscript.h:529)
ERROR: Stack underflow! (Engine Bug)
   at: exit_function (modules/gdscript/gdscript.h:529)
ERROR: Stack underflow! (Engine Bug)
   at: exit_function (modules/gdscript/gdscript.h:529)
ERROR: Stack underflow! (Engine Bug)
   at: exit_function (modules/gdscript/gdscript.h:529)
ERROR: Stack underflow! (Engine Bug)
   at: exit_function (modules/gdscript/gdscript.h:529)
ERROR: Stack underflow! (Engine Bug)
   at: exit_function (modules/gdscript/gdscript.h:529)
ERROR: Stack underflow! (Engine Bug)
   at: exit_function (modules/gdscript/gdscript.h:529)
ERROR: Stack underflow! (Engine Bug)
   at: exit_function (modules/gdscript/gdscript.h:529)
ERROR: Stack underflow! (Engine Bug)
   at: exit_function (modules/gdscript/gdscript.h:529)
ERROR: Stack underflow! (Engine Bug)
   at: exit_function (modules/gdscript/gdscript.h:529)
ERROR: Stack underflow! (Engine Bug)
   at: exit_function (modules/gdscript/gdscript.h:529)
ERROR: Stack underflow! (Engine Bug)
   at: exit_function (modules/gdscript/gdscript.h:529)
ERROR: Stack underflow! (Engine Bug)
   at: exit_function (modules/gdscript/gdscript.h:529)
ERROR: Stack underflow! (Engine Bug)
   at: exit_function (modules/gdscript/gdscript.h:529)
ERROR: Stack underflow! (Engine Bug)
   at: exit_function (modules/gdscript/gdscript.h:529)
ERROR: Stack underflow! (Engine Bug)
   at: exit_function (modules/gdscript/gdscript.h:529)
ERROR: Stack underflow! (Engine Bug)
   at: exit_function (modules/gdscript/gdscript.h:529)
ERROR: Stack underflow! (Engine Bug)
   at: exit_function (modules/gdscript/gdscript.h:529)
ERROR: Stack underflow! (Engine Bug)
   at: exit_function (modules/gdscript/gdscript.h:529)
ERROR: Stack underflow! (Engine Bug)
   at: exit_function (modules/gdscript/gdscript.h:529)
ERROR: Stack underflow! (Engine Bug)
   at: exit_function (modules/gdscript/gdscript.h:529)
ERROR: Stack underflow! (Engine Bug)
   at: exit_function (modules/gdscript/gdscript.h:529)
ERROR: Stack underflow! (Engine Bug)
   at: exit_function (modules/gdscript/gdscript.h:529)
ERROR: Stack underflow! (Engine Bug)
   at: exit_function (modules/gdscript/gdscript.h:529)
ERROR: Stack underflow! (Engine Bug)
   at: exit_function (modules/gdscript/gdscript.h:529)
ERROR: Stack underflow! (Engine Bug)
   at: exit_function (modules/gdscript/gdscript.h:529)
ERROR: Stack underflow! (Engine Bug)
   at: exit_function (modules/gdscript/gdscript.h:529)
ERROR: Stack underflow! (Engine Bug)
   at: exit_function (modules/gdscript/gdscript.h:529)
ERROR: Stack underflow! (Engine Bug)
   at: exit_function (modules/gdscript/gdscript.h:529)
ERROR: Stack underflow! (Engine Bug)
   at: exit_function (modules/gdscript/gdscript.h:529)
ERROR: Stack underflow! (Engine Bug)
   at: exit_function (modules/gdscript/gdscript.h:529)
ERROR: Stack underflow! (Engine Bug)
   at: exit_function (modules/gdscript/gdscript.h:529)
ERROR: Stack underflow! (Engine Bug)
   at: exit_function (modules/gdscript/gdscript.h:529)
ERROR: Stack underflow! (Engine Bug)
   at: exit_function (modules/gdscript/gdscript.h:529)
ERROR: Stack underflow! (Engine Bug)
   at: exit_function (modules/gdscript/gdscript.h:529)
ERROR: Stack underflow! (Engine Bug)
   at: exit_function (modules/gdscript/gdscript.h:529)
ERROR: Stack underflow! (Engine Bug)
   at: exit_function (modules/gdscript/gdscript.h:529)
ERROR: Stack underflow! (Engine Bug)
   at: exit_function (modules/gdscript/gdscript.h:529)
ERROR: Stack underflow! (Engine Bug)
   at: exit_function (modules/gdscript/gdscript.h:529)
ERROR: Stack underflow! (Engine Bug)
   at: exit_function (modules/gdscript/gdscript.h:529)
ERROR: Stack underflow! (Engine Bug)
   at: exit_function (modules/gdscript/gdscript.h:529)
ERROR: Stack underflow! (Engine Bug)
   at: exit_function (modules/gdscript/gdscript.h:529)
ERROR: Stack underflow! (Engine Bug)
   at: exit_function (modules/gdscript/gdscript.h:529)
ERROR: Stack underflow! (Engine Bug)
   at: exit_function (modules/gdscript/gdscript.h:529)
ERROR: Stack underflow! (Engine Bug)
   at: exit_function (modules/gdscript/gdscript.h:529)
ERROR: Stack underflow! (Engine Bug)
   at: exit_function (modules/gdscript/gdscript.h:529)
ERROR: Stack underflow! (Engine Bug)
   at: exit_function (modules/gdscript/gdscript.h:529)
ERROR: Stack underflow! (Engine Bug)
   at: exit_function (modules/gdscript/gdscript.h:529)
ERROR: Stack underflow! (Engine Bug)
   at: exit_function (modules/gdscript/gdscript.h:529)
ERROR: Stack underflow! (Engine Bug)
   at: exit_function (modules/gdscript/gdscript.h:529)
ERROR: Stack underflow! (Engine Bug)
   at: exit_function (modules/gdscript/gdscript.h:529)
ERROR: Stack underflow! (Engine Bug)
   at: exit_function (modules/gdscript/gdscript.h:529)
ERROR: Stack underflow! (Engine Bug)
   at: exit_function (modules/gdscript/gdscript.h:529)
ERROR: Stack underflow! (Engine Bug)
   at: exit_function (modules/gdscript/gdscript.h:529)
ERROR: Stack underflow! (Engine Bug)
   at: exit_function (modules/gdscript/gdscript.h:529)
ERROR: Stack underflow! (Engine Bug)
   at: exit_function (modules/gdscript/gdscript.h:529)
ERROR: Stack underflow! (Engine Bug)
   at: exit_function (modules/gdscript/gdscript.h:529)
ERROR: Stack underflow! (Engine Bug)
   at: exit_function (modules/gdscript/gdscript.h:529)
ERROR: Stack underflow! (Engine Bug)
   at: exit_function (modules/gdscript/gdscript.h:529)
ERROR: Stack underflow! (Engine Bug)
   at: exit_function (modules/gdscript/gdscript.h:529)
ERROR: Stack underflow! (Engine Bug)
   at: exit_function (modules/gdscript/gdscript.h:529)
ERROR: Stack underflow! (Engine Bug)
   at: exit_function (modules/gdscript/gdscript.h:529)
ERROR: Stack underflow! (Engine Bug)
   at: exit_function (modules/gdscript/gdscript.h:529)
ERROR: Stack underflow! (Engine Bug)
   at: exit_function (modules/gdscript/gdscript.h:529)
ERROR: Stack underflow! (Engine Bug)
   at: exit_function (modules/gdscript/gdscript.h:529)
ERROR: Stack underflow! (Engine Bug)
   at: exit_function (modules/gdscript/gdscript.h:529)
ERROR: Stack underflow! (Engine Bug)
   at: exit_function (modules/gdscript/gdscript.h:529)
ERROR: Stack underflow! (Engine Bug)
   at: exit_function (modules/gdscript/gdscript.h:529)
ERROR: Stack underflow! (Engine Bug)
   at: exit_function (modules/gdscript/gdscript.h:529)
ERROR: Stack underflow! (Engine Bug)
   at: exit_function (modules/gdscript/gdscript.h:529)
ERROR: Stack underflow! (Engine Bug)
   at: exit_function (modules/gdscript/gdscript.h:529)
ERROR: Stack underflow! (Engine Bug)
   at: exit_function (modules/gdscript/gdscript.h:529)
ERROR: Stack underflow! (Engine Bug)
   at: exit_function (modules/gdscript/gdscript.h:529)
ERROR: Stack underflow! (Engine Bug)
   at: exit_function (modules/gdscript/gdscript.h:529)
ERROR: Stack underflow! (Engine Bug)
   at: exit_function (modules/gdscript/gdscript.h:529)
ERROR: Stack underflow! (Engine Bug)
   at: exit_function (modules/gdscript/gdscript.h:529)
ERROR: Stack underflow! (Engine Bug)
   at: exit_function (modules/gdscript/gdscript.h:529)
ERROR: Stack underflow! (Engine Bug)
   at: exit_function (modules/gdscript/gdscript.h:529)
ERROR: Stack underflow! (Engine Bug)
   at: exit_function (modules/gdscript/gdscript.h:529)
ERROR: Stack underflow! (Engine Bug)
   at: exit_function (modules/gdscript/gdscript.h:529)
ERROR: Stack underflow! (Engine Bug)
   at: exit_function (modules/gdscript/gdscript.h:529)
ERROR: Stack underflow! (Engine Bug)
   at: exit_function (modules/gdscript/gdscript.h:529)
ERROR: Stack underflow! (Engine Bug)
   at: exit_function (modules/gdscript/gdscript.h:529)
ERROR: Stack underflow! (Engine Bug)
   at: exit_function (modules/gdscript/gdscript.h:529)
ERROR: Stack underflow! (Engine Bug)
   at: exit_function (modules/gdscript/gdscript.h:529)
ERROR: Stack underflow! (Engine Bug)
   at: exit_function (modules/gdscript/gdscript.h:529)
ERROR: Stack underflow! (Engine Bug)
   at: exit_function (modules/gdscript/gdscript.h:529)
ERROR: Stack underflow! (Engine Bug)
   at: exit_function (modules/gdscript/gdscript.h:529)
ERROR: Stack underflow! (Engine Bug)
   at: exit_function (modules/gdscript/gdscript.h:529)
ERROR: Stack underflow! (Engine Bug)
   at: exit_function (modules/gdscript/gdscript.h:529)
ERROR: Stack underflow! (Engine Bug)
   at: exit_function (modules/gdscript/gdscript.h:529)
ERROR: Stack underflow! (Engine Bug)
   at: exit_function (modules/gdscript/gdscript.h:529)
ERROR: Stack underflow! (Engine Bug)
   at: exit_function (modules/gdscript/gdscript.h:529)
ERROR: Stack underflow! (Engine Bug)
   at: exit_function (modules/gdscript/gdscript.h:529)
ERROR: Stack underflow! (Engine Bug)
   at: exit_function (modules/gdscript/gdscript.h:529)
ERROR: Stack underflow! (Engine Bug)
   at: exit_function (modules/gdscript/gdscript.h:529)
ERROR: Stack underflow! (Engine Bug)
   at: exit_function (modules/gdscript/gdscript.h:529)
ERROR: Stack underflow! (Engine Bug)
   at: exit_function (modules/gdscript/gdscript.h:529)
ERROR: Stack underflow! (Engine Bug)
   at: exit_function (modules/gdscript/gdscript.h:529)
ERROR: Stack underflow! (Engine Bug)
   at: exit_function (modules/gdscript/gdscript.h:529)
ERROR: Stack underflow! (Engine Bug)
   at: exit_function (modules/gdscript/gdscript.h:529)
ERROR: Stack underflow! (Engine Bug)
   at: exit_function (modules/gdscript/gdscript.h:529)
ERROR: Stack underflow! (Engine Bug)
   at: exit_function (modules/gdscript/gdscript.h:529)
ERROR: Stack underflow! (Engine Bug)
   at: exit_function (modules/gdscript/gdscript.h:529)
ERROR: Stack underflow! (Engine Bug)
   at: exit_function (modules/gdscript/gdscript.h:529)
ERROR: Stack underflow! (Engine Bug)
   at: exit_function (modules/gdscript/gdscript.h:529)
ERROR: Stack underflow! (Engine Bug)
   at: exit_function (modules/gdscript/gdscript.h:529)
ERROR: Stack underflow! (Engine Bug)
   at: exit_function (modules/gdscript/gdscript.h:529)
ERROR: Stack underflow! (Engine Bug)
   at: exit_function (modules/gdscript/gdscript.h:529)
ERROR: Stack underflow! (Engine Bug)
   at: exit_function (modules/gdscript/gdscript.h:529)
ERROR: Stack underflow! (Engine Bug)
   at: exit_function (modules/gdscript/gdscript.h:529)
ERROR: Stack underflow! (Engine Bug)
   at: exit_function (modules/gdscript/gdscript.h:529)
ERROR: Stack underflow! (Engine Bug)
   at: exit_function (modules/gdscript/gdscript.h:529)
ERROR: Stack underflow! (Engine Bug)
   at: exit_function (modules/gdscript/gdscript.h:529)
ERROR: Stack underflow! (Engine Bug)
   at: exit_function (modules/gdscript/gdscript.h:529)
ERROR: Stack underflow! (Engine Bug)
   at: exit_function (modules/gdscript/gdscript.h:529)
ERROR: Stack underflow! (Engine Bug)
   at: exit_function (modules/gdscript/gdscript.h:529)
ERROR: Stack underflow! (Engine Bug)
   at: exit_function (modules/gdscript/gdscript.h:529)
ERROR: Stack underflow! (Engine Bug)
   at: exit_function (modules/gdscript/gdscript.h:529)
ERROR: Stack underflow! (Engine Bug)
   at: exit_function (modules/gdscript/gdscript.h:529)
ERROR: Stack underflow! (Engine Bug)
   at: exit_function (modules/gdscript/gdscript.h:529)
ERROR: Stack underflow! (Engine Bug)
   at: exit_function (modules/gdscript/gdscript.h:529)
ERROR: Stack underflow! (Engine Bug)
   at: exit_function (modules/gdscript/gdscript.h:529)
ERROR: Stack underflow! (Engine Bug)
   at: exit_function (modules/gdscript/gdscript.h:529)
ERROR: Stack underflow! (Engine Bug)
   at: exit_function (modules/gdscript/gdscript.h:529)
ERROR: Stack underflow! (Engine Bug)
   at: exit_function (modules/gdscript/gdscript.h:529)
ERROR: Stack underflow! (Engine Bug)
   at: exit_function (modules/gdscript/gdscript.h:529)
ERROR: Stack underflow! (Engine Bug)
   at: exit_function (modules/gdscript/gdscript.h:529)
ERROR: Stack underflow! (Engine Bug)
   at: exit_function (modules/gdscript/gdscript.h:529)
ERROR: Stack underflow! (Engine Bug)
   at: exit_function (modules/gdscript/gdscript.h:529)
ERROR: Stack underflow! (Engine Bug)
   at: exit_function (modules/gdscript/gdscript.h:529)
ERROR: Stack underflow! (Engine Bug)
   at: exit_function (modules/gdscript/gdscript.h:529)
ERROR: Stack underflow! (Engine Bug)
   at: exit_function (modules/gdscript/gdscript.h:529)
ERROR: Stack underflow! (Engine Bug)
   at: exit_function (modules/gdscript/gdscript.h:529)
ERROR: Stack underflow! (Engine Bug)
   at: exit_function (modules/gdscript/gdscript.h:529)
ERROR: Stack underflow! (Engine Bug)
   at: exit_function (modules/gdscript/gdscript.h:529)
ERROR: Stack underflow! (Engine Bug)
   at: exit_function (modules/gdscript/gdscript.h:529)
ERROR: Stack underflow! (Engine Bug)
   at: exit_function (modules/gdscript/gdscript.h:529)
ERROR: Stack underflow! (Engine Bug)
   at: exit_function (modules/gdscript/gdscript.h:529)
ERROR: Stack underflow! (Engine Bug)
   at: exit_function (modules/gdscript/gdscript.h:529)
ERROR: Stack underflow! (Engine Bug)
   at: exit_function (modules/gdscript/gdscript.h:529)
ERROR: Stack underflow! (Engine Bug)
   at: exit_function (modules/gdscript/gdscript.h:529)
ERROR: Stack underflow! (Engine Bug)
   at: exit_function (modules/gdscript/gdscript.h:529)
ERROR: Stack underflow! (Engine Bug)
   at: exit_function (modules/gdscript/gdscript.h:529)
ERROR: Stack underflow! (Engine Bug)
   at: exit_function (modules/gdscript/gdscript.h:529)
ERROR: Stack underflow! (Engine Bug)
   at: exit_function (modules/gdscript/gdscript.h:529)
ERROR: Stack underflow! (Engine Bug)
   at: exit_function (modules/gdscript/gdscript.h:529)
ERROR: Stack underflow! (Engine Bug)
   at: exit_function (modules/gdscript/gdscript.h:529)
ERROR: Stack underflow! (Engine Bug)
   at: exit_function (modules/gdscript/gdscript.h:529)
ERROR: Stack underflow! (Engine Bug)
   at: exit_function (modules/gdscript/gdscript.h:529)
ERROR: Stack underflow! (Engine Bug)
   at: exit_function (modules/gdscript/gdscript.h:529)
ERROR: Stack underflow! (Engine Bug)
   at: exit_function (modules/gdscript/gdscript.h:529)
ERROR: Stack underflow! (Engine Bug)
   at: exit_function (modules/gdscript/gdscript.h:529)
ERROR: Stack underflow! (Engine Bug)
   at: exit_function (modules/gdscript/gdscript.h:529)
ERROR: Stack underflow! (Engine Bug)
   at: exit_function (modules/gdscript/gdscript.h:529)
ERROR: Stack underflow! (Engine Bug)
   at: exit_function (modules/gdscript/gdscript.h:529)
ERROR: Stack underflow! (Engine Bug)
   at: exit_function (modules/gdscript/gdscript.h:529)
ERROR: Stack underflow! (Engine Bug)
   at: exit_function (modules/gdscript/gdscript.h:529)
ERROR: Stack underflow! (Engine Bug)
   at: exit_function (modules/gdscript/gdscript.h:529)
ERROR: Stack underflow! (Engine Bug)
   at: exit_function (modules/gdscript/gdscript.h:529)
ERROR: Stack underflow! (Engine Bug)
   at: exit_function (modules/gdscript/gdscript.h:529)
ERROR: Stack underflow! (Engine Bug)
   at: exit_function (modules/gdscript/gdscript.h:529)
ERROR: Stack underflow! (Engine Bug)
   at: exit_function (modules/gdscript/gdscript.h:529)
ERROR: Stack underflow! (Engine Bug)
   at: exit_function (modules/gdscript/gdscript.h:529)
ERROR: Stack underflow! (Engine Bug)
   at: exit_function (modules/gdscript/gdscript.h:529)
ERROR: Stack underflow! (Engine Bug)
   at: exit_function (modules/gdscript/gdscript.h:529)
ERROR: Stack underflow! (Engine Bug)
   at: exit_function (modules/gdscript/gdscript.h:529)
ERROR: Stack underflow! (Engine Bug)
   at: exit_function (modules/gdscript/gdscript.h:529)
ERROR: Stack underflow! (Engine Bug)
   at: exit_function (modules/gdscript/gdscript.h:529)
ERROR: Stack underflow! (Engine Bug)
   at: exit_function (modules/gdscript/gdscript.h:529)
ERROR: Stack underflow! (Engine Bug)
   at: exit_function (modules/gdscript/gdscript.h:529)
ERROR: Stack underflow! (Engine Bug)
   at: exit_function (modules/gdscript/gdscript.h:529)
ERROR: Stack underflow! (Engine Bug)
   at: exit_function (modules/gdscript/gdscript.h:529)
ERROR: Stack underflow! (Engine Bug)
   at: exit_function (modules/gdscript/gdscript.h:529)
ERROR: Stack underflow! (Engine Bug)
   at: exit_function (modules/gdscript/gdscript.h:529)
ERROR: Stack underflow! (Engine Bug)
   at: exit_function (modules/gdscript/gdscript.h:529)
ERROR: Stack underflow! (Engine Bug)
   at: exit_function (modules/gdscript/gdscript.h:529)
ERROR: Stack underflow! (Engine Bug)
   at: exit_function (modules/gdscript/gdscript.h:529)
ERROR: Stack underflow! (Engine Bug)
   at: exit_function (modules/gdscript/gdscript.h:529)
ERROR: Stack underflow! (Engine Bug)
   at: exit_function (modules/gdscript/gdscript.h:529)
ERROR: Stack underflow! (Engine Bug)
   at: exit_function (modules/gdscript/gdscript.h:529)
ERROR: Stack underflow! (Engine Bug)
   at: exit_function (modules/gdscript/gdscript.h:529)
ERROR: Stack underflow! (Engine Bug)
   at: exit_function (modules/gdscript/gdscript.h:529)
ERROR: Stack underflow! (Engine Bug)
   at: exit_function (modules/gdscript/gdscript.h:529)
ERROR: Stack underflow! (Engine Bug)
   at: exit_function (modules/gdscript/gdscript.h:529)
ERROR: Stack underflow! (Engine Bug)
   at: exit_function (modules/gdscript/gdscript.h:529)
ERROR: Stack underflow! (Engine Bug)
   at: exit_function (modules/gdscript/gdscript.h:529)
ERROR: Stack underflow! (Engine Bug)
   at: exit_function (modules/gdscript/gdscript.h:529)
ERROR: Stack underflow! (Engine Bug)
   at: exit_function (modules/gdscript/gdscript.h:529)
ERROR: Stack underflow! (Engine Bug)
   at: exit_function (modules/gdscript/gdscript.h:529)
ERROR: Stack underflow! (Engine Bug)
   at: exit_function (modules/gdscript/gdscript.h:529)
ERROR: Stack underflow! (Engine Bug)
   at: exit_function (modules/gdscript/gdscript.h:529)
ERROR: Stack underflow! (Engine Bug)
   at: exit_function (modules/gdscript/gdscript.h:529)
ERROR: Stack underflow! (Engine Bug)
   at: exit_function (modules/gdscript/gdscript.h:529)
ERROR: Stack underflow! (Engine Bug)
   at: exit_function (modules/gdscript/gdscript.h:529)
ERROR: Stack underflow! (Engine Bug)
   at: exit_function (modules/gdscript/gdscript.h:529)
ERROR: Stack underflow! (Engine Bug)
   at: exit_function (modules/gdscript/gdscript.h:529)
ERROR: Stack underflow! (Engine Bug)
   at: exit_function (modules/gdscript/gdscript.h:529)
ERROR: Stack underflow! (Engine Bug)
   at: exit_function (modules/gdscript/gdscript.h:529)
ERROR: Stack underflow! (Engine Bug)
   at: exit_function (modules/gdscript/gdscript.h:529)
ERROR: Stack underflow! (Engine Bug)
   at: exit_function (modules/gdscript/gdscript.h:529)
ERROR: Stack underflow! (Engine Bug)
   at: exit_function (modules/gdscript/gdscript.h:529)
ERROR: Stack underflow! (Engine Bug)
   at: exit_function (modules/gdscript/gdscript.h:529)
ERROR: Stack underflow! (Engine Bug)
   at: exit_function (modules/gdscript/gdscript.h:529)
ERROR: Stack underflow! (Engine Bug)
   at: exit_function (modules/gdscript/gdscript.h:529)
ERROR: Stack underflow! (Engine Bug)
   at: exit_function (modules/gdscript/gdscript.h:529)
ERROR: Stack underflow! (Engine Bug)
   at: exit_function (modules/gdscript/gdscript.h:529)
ERROR: Stack underflow! (Engine Bug)
   at: exit_function (modules/gdscript/gdscript.h:529)
ERROR: Stack underflow! (Engine Bug)
   at: exit_function (modules/gdscript/gdscript.h:529)
ERROR: Stack underflow! (Engine Bug)
   at: exit_function (modules/gdscript/gdscript.h:529)
ERROR: Stack underflow! (Engine Bug)
   at: exit_function (modules/gdscript/gdscript.h:529)
ERROR: Stack underflow! (Engine Bug)
   at: exit_function (modules/gdscript/gdscript.h:529)
ERROR: Stack underflow! (Engine Bug)
   at: exit_function (modules/gdscript/gdscript.h:529)
ERROR: Stack underflow! (Engine Bug)
   at: exit_function (modules/gdscript/gdscript.h:529)
ERROR: Stack underflow! (Engine Bug)
   at: exit_function (modules/gdscript/gdscript.h:529)
ERROR: Stack underflow! (Engine Bug)
   at: exit_function (modules/gdscript/gdscript.h:529)
ERROR: Stack underflow! (Engine Bug)
   at: exit_function (modules/gdscript/gdscript.h:529)
ERROR: Stack underflow! (Engine Bug)
   at: exit_function (modules/gdscript/gdscript.h:529)
ERROR: Stack underflow! (Engine Bug)
   at: exit_function (modules/gdscript/gdscript.h:529)
ERROR: Stack underflow! (Engine Bug)
   at: exit_function (modules/gdscript/gdscript.h:529)
ERROR: Stack underflow! (Engine Bug)
   at: exit_function (modules/gdscript/gdscript.h:529)
ERROR: Stack underflow! (Engine Bug)
   at: exit_function (modules/gdscript/gdscript.h:529)
ERROR: Stack underflow! (Engine Bug)
   at: exit_function (modules/gdscript/gdscript.h:529)
ERROR: Stack underflow! (Engine Bug)
   at: exit_function (modules/gdscript/gdscript.h:529)
ERROR: Stack underflow! (Engine Bug)
   at: exit_function (modules/gdscript/gdscript.h:529)
ERROR: Stack underflow! (Engine Bug)
   at: exit_function (modules/gdscript/gdscript.h:529)
ERROR: Stack underflow! (Engine Bug)
   at: exit_function (modules/gdscript/gdscript.h:529)
ERROR: Stack underflow! (Engine Bug)
   at: exit_function (modules/gdscript/gdscript.h:529)
ERROR: Stack underflow! (Engine Bug)
   at: exit_function (modules/gdscript/gdscript.h:529)
ERROR: Stack underflow! (Engine Bug)
   at: exit_function (modules/gdscript/gdscript.h:529)
ERROR: Stack underflow! (Engine Bug)
   at: exit_function (modules/gdscript/gdscript.h:529)
ERROR: Stack underflow! (Engine Bug)
   at: exit_function (modules/gdscript/gdscript.h:529)
ERROR: Stack underflow! (Engine Bug)
   at: exit_function (modules/gdscript/gdscript.h:529)
ERROR: Stack underflow! (Engine Bug)
   at: exit_function (modules/gdscript/gdscript.h:529)
ERROR: Stack underflow! (Engine Bug)
   at: exit_function (modules/gdscript/gdscript.h:529)
ERROR: Stack underflow! (Engine Bug)
   at: exit_function (modules/gdscript/gdscript.h:529)
ERROR: Stack underflow! (Engine Bug)
   at: exit_function (modules/gdscript/gdscript.h:529)
ERROR: Stack underflow! (Engine Bug)
   at: exit_function (modules/gdscript/gdscript.h:529)
ERROR: Stack underflow! (Engine Bug)
   at: exit_function (modules/gdscript/gdscript.h:529)
ERROR: Stack underflow! (Engine Bug)
   at: exit_function (modules/gdscript/gdscript.h:529)
ERROR: Stack underflow! (Engine Bug)
   at: exit_function (modules/gdscript/gdscript.h:529)
ERROR: Stack underflow! (Engine Bug)
   at: exit_function (modules/gdscript/gdscript.h:529)
ERROR: Stack underflow! (Engine Bug)
   at: exit_function (modules/gdscript/gdscript.h:529)
ERROR: Stack underflow! (Engine Bug)
   at: exit_function (modules/gdscript/gdscript.h:529)
ERROR: Stack underflow! (Engine Bug)
   at: exit_function (modules/gdscript/gdscript.h:529)
ERROR: Stack underflow! (Engine Bug)
   at: exit_function (modules/gdscript/gdscript.h:529)
ERROR: Stack underflow! (Engine Bug)
   at: exit_function (modules/gdscript/gdscript.h:529)
ERROR: Stack underflow! (Engine Bug)
   at: exit_function (modules/gdscript/gdscript.h:529)
ERROR: Stack underflow! (Engine Bug)
   at: exit_function (modules/gdscript/gdscript.h:529)
ERROR: Stack underflow! (Engine Bug)
   at: exit_function (modules/gdscript/gdscript.h:529)
ERROR: Stack underflow! (Engine Bug)
   at: exit_function (modules/gdscript/gdscript.h:529)
ERROR: Stack underflow! (Engine Bug)
   at: exit_function (modules/gdscript/gdscript.h:529)
ERROR: Stack underflow! (Engine Bug)
   at: exit_function (modules/gdscript/gdscript.h:529)
ERROR: Stack underflow! (Engine Bug)
   at: exit_function (modules/gdscript/gdscript.h:529)
ERROR: Stack underflow! (Engine Bug)
   at: exit_function (modules/gdscript/gdscript.h:529)
ERROR: Stack underflow! (Engine Bug)
   at: exit_function (modules/gdscript/gdscript.h:529)
ERROR: Stack underflow! (Engine Bug)
   at: exit_function (modules/gdscript/gdscript.h:529)
ERROR: Stack underflow! (Engine Bug)
   at: exit_function (modules/gdscript/gdscript.h:529)
ERROR: Stack underflow! (Engine Bug)
   at: exit_function (modules/gdscript/gdscript.h:529)
ERROR: Stack underflow! (Engine Bug)
   at: exit_function (modules/gdscript/gdscript.h:529)
ERROR: Stack underflow! (Engine Bug)
   at: exit_function (modules/gdscript/gdscript.h:529)
ERROR: Stack underflow! (Engine Bug)
   at: exit_function (modules/gdscript/gdscript.h:529)
ERROR: Stack underflow! (Engine Bug)
   at: exit_function (modules/gdscript/gdscript.h:529)
ERROR: Stack underflow! (Engine Bug)
   at: exit_function (modules/gdscript/gdscript.h:529)
ERROR: Stack underflow! (Engine Bug)
   at: exit_function (modules/gdscript/gdscript.h:529)
ERROR: Stack underflow! (Engine Bug)
   at: exit_function (modules/gdscript/gdscript.h:529)
ERROR: Stack underflow! (Engine Bug)
   at: exit_function (modules/gdscript/gdscript.h:529)
ERROR: Stack underflow! (Engine Bug)
   at: exit_function (modules/gdscript/gdscript.h:529)
ERROR: Stack underflow! (Engine Bug)
   at: exit_function (modules/gdscript/gdscript.h:529)
ERROR: Stack underflow! (Engine Bug)
   at: exit_function (modules/gdscript/gdscript.h:529)
ERROR: Stack underflow! (Engine Bug)
   at: exit_function (modules/gdscript/gdscript.h:529)
ERROR: Stack underflow! (Engine Bug)
   at: exit_function (modules/gdscript/gdscript.h:529)
ERROR: Stack underflow! (Engine Bug)
   at: exit_function (modules/gdscript/gdscript.h:529)
ERROR: Stack underflow! (Engine Bug)
   at: exit_function (modules/gdscript/gdscript.h:529)
ERROR: Stack underflow! (Engine Bug)
   at: exit_function (modules/gdscript/gdscript.h:529)
ERROR: Stack underflow! (Engine Bug)
   at: exit_function (modules/gdscript/gdscript.h:529)
ERROR: Stack underflow! (Engine Bug)
   at: exit_function (modules/gdscript/gdscript.h:529)
ERROR: Stack underflow! (Engine Bug)
   at: exit_function (modules/gdscript/gdscript.h:529)
ERROR: Stack underflow! (Engine Bug)
   at: exit_function (modules/gdscript/gdscript.h:529)
ERROR: Stack underflow! (Engine Bug)
   at: exit_function (modules/gdscript/gdscript.h:529)
ERROR: Stack underflow! (Engine Bug)
   at: exit_function (modules/gdscript/gdscript.h:529)
ERROR: Stack underflow! (Engine Bug)
   at: exit_function (modules/gdscript/gdscript.h:529)
ERROR: Stack underflow! (Engine Bug)
   at: exit_function (modules/gdscript/gdscript.h:529)
ERROR: Stack underflow! (Engine Bug)
   at: exit_function (modules/gdscript/gdscript.h:529)
ERROR: Stack underflow! (Engine Bug)
   at: exit_function (modules/gdscript/gdscript.h:529)
ERROR: Stack underflow! (Engine Bug)
   at: exit_function (modules/gdscript/gdscript.h:529)
ERROR: Stack underflow! (Engine Bug)
   at: exit_function (modules/gdscript/gdscript.h:529)
ERROR: Stack underflow! (Engine Bug)
   at: exit_function (modules/gdscript/gdscript.h:529)
ERROR: Stack underflow! (Engine Bug)
   at: exit_function (modules/gdscript/gdscript.h:529)
ERROR: Stack underflow! (Engine Bug)
   at: exit_function (modules/gdscript/gdscript.h:529)
ERROR: Stack underflow! (Engine Bug)
   at: exit_function (modules/gdscript/gdscript.h:529)
ERROR: Stack underflow! (Engine Bug)
   at: exit_function (modules/gdscript/gdscript.h:529)
ERROR: Stack underflow! (Engine Bug)
   at: exit_function (modules/gdscript/gdscript.h:529)
ERROR: Stack underflow! (Engine Bug)
   at: exit_function (modules/gdscript/gdscript.h:529)
ERROR: Stack underflow! (Engine Bug)
   at: exit_function (modules/gdscript/gdscript.h:529)
ERROR: Stack underflow! (Engine Bug)
   at: exit_function (modules/gdscript/gdscript.h:529)
ERROR: Stack underflow! (Engine Bug)
   at: exit_function (modules/gdscript/gdscript.h:529)
ERROR: Stack underflow! (Engine Bug)
   at: exit_function (modules/gdscript/gdscript.h:529)
ERROR: Stack underflow! (Engine Bug)
   at: exit_function (modules/gdscript/gdscript.h:529)
ERROR: Stack underflow! (Engine Bug)
   at: exit_function (modules/gdscript/gdscript.h:529)
ERROR: Stack underflow! (Engine Bug)
   at: exit_function (modules/gdscript/gdscript.h:529)
ERROR: Stack underflow! (Engine Bug)
   at: exit_function (modules/gdscript/gdscript.h:529)
ERROR: Stack underflow! (Engine Bug)
   at: exit_function (modules/gdscript/gdscript.h:529)
ERROR: Stack underflow! (Engine Bug)
   at: exit_function (modules/gdscript/gdscript.h:529)
ERROR: Stack underflow! (Engine Bug)
   at: exit_function (modules/gdscript/gdscript.h:529)
ERROR: Stack underflow! (Engine Bug)
   at: exit_function (modules/gdscript/gdscript.h:529)
ERROR: Stack underflow! (Engine Bug)
   at: exit_function (modules/gdscript/gdscript.h:529)
ERROR: Stack underflow! (Engine Bug)
   at: exit_function (modules/gdscript/gdscript.h:529)
ERROR: Stack underflow! (Engine Bug)
   at: exit_function (modules/gdscript/gdscript.h:529)
ERROR: Stack underflow! (Engine Bug)
   at: exit_function (modules/gdscript/gdscript.h:529)
ERROR: Stack underflow! (Engine Bug)
   at: exit_function (modules/gdscript/gdscript.h:529)
ERROR: Stack underflow! (Engine Bug)
   at: exit_function (modules/gdscript/gdscript.h:529)
ERROR: Stack underflow! (Engine Bug)
   at: exit_function (modules/gdscript/gdscript.h:529)
ERROR: Stack underflow! (Engine Bug)
   at: exit_function (modules/gdscript/gdscript.h:529)
ERROR: Stack underflow! (Engine Bug)
   at: exit_function (modules/gdscript/gdscript.h:529)
ERROR: Stack underflow! (Engine Bug)
   at: exit_function (modules/gdscript/gdscript.h:529)
ERROR: Stack underflow! (Engine Bug)
   at: exit_function (modules/gdscript/gdscript.h:529)
ERROR: Stack underflow! (Engine Bug)
   at: exit_function (modules/gdscript/gdscript.h:529)
ERROR: Stack underflow! (Engine Bug)
   at: exit_function (modules/gdscript/gdscript.h:529)
ERROR: Stack underflow! (Engine Bug)
   at: exit_function (modules/gdscript/gdscript.h:529)
ERROR: Stack underflow! (Engine Bug)
   at: exit_function (modules/gdscript/gdscript.h:529)
ERROR: Stack underflow! (Engine Bug)
   at: exit_function (modules/gdscript/gdscript.h:529)
ERROR: Stack underflow! (Engine Bug)
   at: exit_function (modules/gdscript/gdscript.h:529)
ERROR: Stack underflow! (Engine Bug)
   at: exit_function (modules/gdscript/gdscript.h:529)
ERROR: Stack underflow! (Engine Bug)
   at: exit_function (modules/gdscript/gdscript.h:529)
ERROR: Stack underflow! (Engine Bug)
   at: exit_function (modules/gdscript/gdscript.h:529)
ERROR: Stack underflow! (Engine Bug)
   at: exit_function (modules/gdscript/gdscript.h:529)
ERROR: Stack underflow! (Engine Bug)
   at: exit_function (modules/gdscript/gdscript.h:529)
ERROR: Stack underflow! (Engine Bug)
   at: exit_function (modules/gdscript/gdscript.h:529)
ERROR: Stack underflow! (Engine Bug)
   at: exit_function (modules/gdscript/gdscript.h:529)
ERROR: Stack underflow! (Engine Bug)
   at: exit_function (modules/gdscript/gdscript.h:529)
ERROR: Stack underflow! (Engine Bug)
   at: exit_function (modules/gdscript/gdscript.h:529)
ERROR: Stack underflow! (Engine Bug)
   at: exit_function (modules/gdscript/gdscript.h:529)
ERROR: Stack underflow! (Engine Bug)
   at: exit_function (modules/gdscript/gdscript.h:529)
ERROR: Stack underflow! (Engine Bug)
   at: exit_function (modules/gdscript/gdscript.h:529)
ERROR: Stack underflow! (Engine Bug)
   at: exit_function (modules/gdscript/gdscript.h:529)
ERROR: Stack underflow! (Engine Bug)
   at: exit_function (modules/gdscript/gdscript.h:529)
ERROR: Stack underflow! (Engine Bug)
   at: exit_function (modules/gdscript/gdscript.h:529)
ERROR: Stack underflow! (Engine Bug)
   at: exit_function (modules/gdscript/gdscript.h:529)
ERROR: Stack underflow! (Engine Bug)
   at: exit_function (modules/gdscript/gdscript.h:529)
ERROR: Stack underflow! (Engine Bug)
   at: exit_function (modules/gdscript/gdscript.h:529)
ERROR: Stack underflow! (Engine Bug)
   at: exit_function (modules/gdscript/gdscript.h:529)
ERROR: Stack underflow! (Engine Bug)
   at: exit_function (modules/gdscript/gdscript.h:529)
ERROR: Stack underflow! (Engine Bug)
   at: exit_function (modules/gdscript/gdscript.h:529)
ERROR: Stack underflow! (Engine Bug)
   at: exit_function (modules/gdscript/gdscript.h:529)
ERROR: Stack underflow! (Engine Bug)
   at: exit_function (modules/gdscript/gdscript.h:529)
ERROR: Stack underflow! (Engine Bug)
   at: exit_function (modules/gdscript/gdscript.h:529)
ERROR: Stack underflow! (Engine Bug)
   at: exit_function (modules/gdscript/gdscript.h:529)
ERROR: Stack underflow! (Engine Bug)
   at: exit_function (modules/gdscript/gdscript.h:529)
ERROR: Stack underflow! (Engine Bug)
   at: exit_function (modules/gdscript/gdscript.h:529)
ERROR: Stack underflow! (Engine Bug)
   at: exit_function (modules/gdscript/gdscript.h:529)
ERROR: Stack underflow! (Engine Bug)
   at: exit_function (modules/gdscript/gdscript.h:529)
ERROR: Stack underflow! (Engine Bug)
   at: exit_function (modules/gdscript/gdscript.h:529)
ERROR: Stack underflow! (Engine Bug)
   at: exit_function (modules/gdscript/gdscript.h:529)
ERROR: Stack underflow! (Engine Bug)
   at: exit_function (modules/gdscript/gdscript.h:529)
ERROR: Stack underflow! (Engine Bug)
   at: exit_function (modules/gdscript/gdscript.h:529)
ERROR: Stack underflow! (Engine Bug)
   at: exit_function (modules/gdscript/gdscript.h:529)
ERROR: Stack underflow! (Engine Bug)
   at: exit_function (modules/gdscript/gdscript.h:529)
ERROR: Stack underflow! (Engine Bug)
   at: exit_function (modules/gdscript/gdscript.h:529)
ERROR: Stack underflow! (Engine Bug)
   at: exit_function (modules/gdscript/gdscript.h:529)
ERROR: Stack underflow! (Engine Bug)
   at: exit_function (modules/gdscript/gdscript.h:529)
ERROR: Stack underflow! (Engine Bug)
   at: exit_function (modules/gdscript/gdscript.h:529)
ERROR: Stack underflow! (Engine Bug)
   at: exit_function (modules/gdscript/gdscript.h:529)
ERROR: Stack underflow! (Engine Bug)
   at: exit_function (modules/gdscript/gdscript.h:529)
ERROR: Stack underflow! (Engine Bug)
   at: exit_function (modules/gdscript/gdscript.h:529)
ERROR: Stack underflow! (Engine Bug)
   at: exit_function (modules/gdscript/gdscript.h:529)
ERROR: Stack underflow! (Engine Bug)
   at: exit_function (modules/gdscript/gdscript.h:529)
ERROR: Stack underflow! (Engine Bug)
   at: exit_function (modules/gdscript/gdscript.h:529)
ERROR: Stack underflow! (Engine Bug)
   at: exit_function (modules/gdscript/gdscript.h:529)
ERROR: Stack underflow! (Engine Bug)
   at: exit_function (modules/gdscript/gdscript.h:529)
ERROR: Stack underflow! (Engine Bug)
   at: exit_function (modules/gdscript/gdscript.h:529)
ERROR: Stack underflow! (Engine Bug)
   at: exit_function (modules/gdscript/gdscript.h:529)
ERROR: Stack underflow! (Engine Bug)
   at: exit_function (modules/gdscript/gdscript.h:529)
ERROR: Stack underflow! (Engine Bug)
   at: exit_function (modules/gdscript/gdscript.h:529)
ERROR: Stack underflow! (Engine Bug)
   at: exit_function (modules/gdscript/gdscript.h:529)
ERROR: Stack underflow! (Engine Bug)
   at: exit_function (modules/gdscript/gdscript.h:529)
ERROR: Stack underflow! (Engine Bug)
   at: exit_function (modules/gdscript/gdscript.h:529)
ERROR: Stack underflow! (Engine Bug)
   at: exit_function (modules/gdscript/gdscript.h:529)
ERROR: Stack underflow! (Engine Bug)
   at: exit_function (modules/gdscript/gdscript.h:529)
ERROR: Stack underflow! (Engine Bug)
   at: exit_function (modules/gdscript/gdscript.h:529)
ERROR: Stack underflow! (Engine Bug)
   at: exit_function (modules/gdscript/gdscript.h:529)
ERROR: Stack underflow! (Engine Bug)
   at: exit_function (modules/gdscript/gdscript.h:529)
ERROR: Stack underflow! (Engine Bug)
   at: exit_function (modules/gdscript/gdscript.h:529)
ERROR: Stack underflow! (Engine Bug)
   at: exit_function (modules/gdscript/gdscript.h:529)
ERROR: Stack underflow! (Engine Bug)
   at: exit_function (modules/gdscript/gdscript.h:529)
ERROR: Stack underflow! (Engine Bug)
   at: exit_function (modules/gdscript/gdscript.h:529)
ERROR: Stack underflow! (Engine Bug)
   at: exit_function (modules/gdscript/gdscript.h:529)
ERROR: Stack underflow! (Engine Bug)
   at: exit_function (modules/gdscript/gdscript.h:529)
ERROR: Stack underflow! (Engine Bug)
   at: exit_function (modules/gdscript/gdscript.h:529)
ERROR: Stack underflow! (Engine Bug)
   at: exit_function (modules/gdscript/gdscript.h:529)
ERROR: Stack underflow! (Engine Bug)
   at: exit_function (modules/gdscript/gdscript.h:529)
ERROR: Stack underflow! (Engine Bug)
   at: exit_function (modules/gdscript/gdscript.h:529)
ERROR: Stack underflow! (Engine Bug)
   at: exit_function (modules/gdscript/gdscript.h:529)
ERROR: Stack underflow! (Engine Bug)
   at: exit_function (modules/gdscript/gdscript.h:529)
ERROR: Stack underflow! (Engine Bug)
   at: exit_function (modules/gdscript/gdscript.h:529)
ERROR: Stack underflow! (Engine Bug)
   at: exit_function (modules/gdscript/gdscript.h:529)
ERROR: Stack underflow! (Engine Bug)
   at: exit_function (modules/gdscript/gdscript.h:529)
ERROR: Stack underflow! (Engine Bug)
   at: exit_function (modules/gdscript/gdscript.h:529)
ERROR: Stack underflow! (Engine Bug)
   at: exit_function (modules/gdscript/gdscript.h:529)
ERROR: Stack underflow! (Engine Bug)
   at: exit_function (modules/gdscript/gdscript.h:529)
ERROR: Stack underflow! (Engine Bug)
   at: exit_function (modules/gdscript/gdscript.h:529)
ERROR: Stack underflow! (Engine Bug)
   at: exit_function (modules/gdscript/gdscript.h:529)
ERROR: Stack underflow! (Engine Bug)
   at: exit_function (modules/gdscript/gdscript.h:529)
ERROR: Stack underflow! (Engine Bug)
   at: exit_function (modules/gdscript/gdscript.h:529)
ERROR: Stack underflow! (Engine Bug)
   at: exit_function (modules/gdscript/gdscript.h:529)
ERROR: Stack underflow! (Engine Bug)
   at: exit_function (modules/gdscript/gdscript.h:529)
ERROR: Stack underflow! (Engine Bug)
   at: exit_function (modules/gdscript/gdscript.h:529)
ERROR: Stack underflow! (Engine Bug)
   at: exit_function (modules/gdscript/gdscript.h:529)
ERROR: Stack underflow! (Engine Bug)
   at: exit_function (modules/gdscript/gdscript.h:529)
ERROR: Stack underflow! (Engine Bug)
   at: exit_function (modules/gdscript/gdscript.h:529)
ERROR: Stack underflow! (Engine Bug)
   at: exit_function (modules/gdscript/gdscript.h:529)
ERROR: Stack underflow! (Engine Bug)
   at: exit_function (modules/gdscript/gdscript.h:529)
ERROR: Stack underflow! (Engine Bug)
   at: exit_function (modules/gdscript/gdscript.h:529)
ERROR: Stack underflow! (Engine Bug)
   at: exit_function (modules/gdscript/gdscript.h:529)
ERROR: Stack underflow! (Engine Bug)
   at: exit_function (modules/gdscript/gdscript.h:529)
ERROR: Stack underflow! (Engine Bug)
   at: exit_function (modules/gdscript/gdscript.h:529)
ERROR: Stack underflow! (Engine Bug)
   at: exit_function (modules/gdscript/gdscript.h:529)
ERROR: Stack underflow! (Engine Bug)
   at: exit_function (modules/gdscript/gdscript.h:529)
ERROR: Stack underflow! (Engine Bug)
   at: exit_function (modules/gdscript/gdscript.h:529)
ERROR: Stack underflow! (Engine Bug)
   at: exit_function (modules/gdscript/gdscript.h:529)
ERROR: Stack underflow! (Engine Bug)
   at: exit_function (modules/gdscript/gdscript.h:529)
ERROR: Stack underflow! (Engine Bug)
   at: exit_function (modules/gdscript/gdscript.h:529)
ERROR: Stack underflow! (Engine Bug)
   at: exit_function (modules/gdscript/gdscript.h:529)
ERROR: Stack underflow! (Engine Bug)
   at: exit_function (modules/gdscript/gdscript.h:529)
ERROR: Stack underflow! (Engine Bug)
   at: exit_function (modules/gdscript/gdscript.h:529)
ERROR: Stack underflow! (Engine Bug)
   at: exit_function (modules/gdscript/gdscript.h:529)
ERROR: Stack underflow! (Engine Bug)
   at: exit_function (modules/gdscript/gdscript.h:529)
ERROR: Stack underflow! (Engine Bug)
   at: exit_function (modules/gdscript/gdscript.h:529)
ERROR: Stack underflow! (Engine Bug)
   at: exit_function (modules/gdscript/gdscript.h:529)
ERROR: Stack underflow! (Engine Bug)
   at: exit_function (modules/gdscript/gdscript.h:529)
ERROR: Stack underflow! (Engine Bug)
   at: exit_function (modules/gdscript/gdscript.h:529)
ERROR: Stack underflow! (Engine Bug)
   at: exit_function (modules/gdscript/gdscript.h:529)
ERROR: Stack underflow! (Engine Bug)
   at: exit_function (modules/gdscript/gdscript.h:529)
ERROR: Stack underflow! (Engine Bug)
   at: exit_function (modules/gdscript/gdscript.h:529)
ERROR: Stack underflow! (Engine Bug)
   at: exit_function (modules/gdscript/gdscript.h:529)
ERROR: Stack underflow! (Engine Bug)
   at: exit_function (modules/gdscript/gdscript.h:529)
ERROR: Stack underflow! (Engine Bug)
   at: exit_function (modules/gdscript/gdscript.h:529)
ERROR: Stack underflow! (Engine Bug)
   at: exit_function (modules/gdscript/gdscript.h:529)
ERROR: Stack underflow! (Engine Bug)
   at: exit_function (modules/gdscript/gdscript.h:529)
ERROR: Stack underflow! (Engine Bug)
   at: exit_function (modules/gdscript/gdscript.h:529)
ERROR: Stack underflow! (Engine Bug)
   at: exit_function (modules/gdscript/gdscript.h:529)
ERROR: Stack underflow! (Engine Bug)
   at: exit_function (modules/gdscript/gdscript.h:529)
ERROR: Stack underflow! (Engine Bug)
   at: exit_function (modules/gdscript/gdscript.h:529)
ERROR: Stack underflow! (Engine Bug)
   at: exit_function (modules/gdscript/gdscript.h:529)
ERROR: Stack underflow! (Engine Bug)
   at: exit_function (modules/gdscript/gdscript.h:529)
ERROR: Stack underflow! (Engine Bug)
   at: exit_function (modules/gdscript/gdscript.h:529)
ERROR: Stack underflow! (Engine Bug)
   at: exit_function (modules/gdscript/gdscript.h:529)
ERROR: Stack underflow! (Engine Bug)
   at: exit_function (modules/gdscript/gdscript.h:529)
ERROR: Stack underflow! (Engine Bug)
   at: exit_function (modules/gdscript/gdscript.h:529)
ERROR: Stack underflow! (Engine Bug)
   at: exit_function (modules/gdscript/gdscript.h:529)
ERROR: Stack underflow! (Engine Bug)
   at: exit_function (modules/gdscript/gdscript.h:529)
ERROR: Stack underflow! (Engine Bug)
   at: exit_function (modules/gdscript/gdscript.h:529)
ERROR: Stack underflow! (Engine Bug)
   at: exit_function (modules/gdscript/gdscript.h:529)
ERROR: Stack underflow! (Engine Bug)
   at: exit_function (modules/gdscript/gdscript.h:529)
ERROR: Stack underflow! (Engine Bug)
   at: exit_function (modules/gdscript/gdscript.h:529)
ERROR: Stack underflow! (Engine Bug)
   at: exit_function (modules/gdscript/gdscript.h:529)
ERROR: Stack underflow! (Engine Bug)
   at: exit_function (modules/gdscript/gdscript.h:529)
ERROR: Stack underflow! (Engine Bug)
   at: exit_function (modules/gdscript/gdscript.h:529)
ERROR: Stack underflow! (Engine Bug)
   at: exit_function (modules/gdscript/gdscript.h:529)
ERROR: Stack underflow! (Engine Bug)
   at: exit_function (modules/gdscript/gdscript.h:529)
ERROR: Stack underflow! (Engine Bug)
   at: exit_function (modules/gdscript/gdscript.h:529)
ERROR: Stack underflow! (Engine Bug)
   at: exit_function (modules/gdscript/gdscript.h:529)
ERROR: Stack underflow! (Engine Bug)
   at: exit_function (modules/gdscript/gdscript.h:529)
ERROR: Stack underflow! (Engine Bug)
   at: exit_function (modules/gdscript/gdscript.h:529)
ERROR: Stack underflow! (Engine Bug)
   at: exit_function (modules/gdscript/gdscript.h:529)
ERROR: Stack underflow! (Engine Bug)
   at: exit_function (modules/gdscript/gdscript.h:529)
ERROR: Stack underflow! (Engine Bug)
   at: exit_function (modules/gdscript/gdscript.h:529)
ERROR: Stack underflow! (Engine Bug)
   at: exit_function (modules/gdscript/gdscript.h:529)
ERROR: Stack underflow! (Engine Bug)
   at: exit_function (modules/gdscript/gdscript.h:529)
ERROR: Stack underflow! (Engine Bug)
   at: exit_function (modules/gdscript/gdscript.h:529)
ERROR: Stack underflow! (Engine Bug)
   at: exit_function (modules/gdscript/gdscript.h:529)
ERROR: Stack underflow! (Engine Bug)
   at: exit_function (modules/gdscript/gdscript.h:529)
ERROR: Stack underflow! (Engine Bug)
   at: exit_function (modules/gdscript/gdscript.h:529)
ERROR: Stack underflow! (Engine Bug)
   at: exit_function (modules/gdscript/gdscript.h:529)
ERROR: Stack underflow! (Engine Bug)
   at: exit_function (modules/gdscript/gdscript.h:529)
ERROR: Stack underflow! (Engine Bug)
   at: exit_function (modules/gdscript/gdscript.h:529)
ERROR: Stack underflow! (Engine Bug)
   at: exit_function (modules/gdscript/gdscript.h:529)
ERROR: Stack underflow! (Engine Bug)
   at: exit_function (modules/gdscript/gdscript.h:529)
ERROR: Stack underflow! (Engine Bug)
   at: exit_function (modules/gdscript/gdscript.h:529)
ERROR: Stack underflow! (Engine Bug)
   at: exit_function (modules/gdscript/gdscript.h:529)
ERROR: Stack underflow! (Engine Bug)
   at: exit_function (modules/gdscript/gdscript.h:529)
ERROR: Stack underflow! (Engine Bug)
   at: exit_function (modules/gdscript/gdscript.h:529)
ERROR: Stack underflow! (Engine Bug)
   at: exit_function (modules/gdscript/gdscript.h:529)
ERROR: Stack underflow! (Engine Bug)
   at: exit_function (modules/gdscript/gdscript.h:529)
ERROR: Stack underflow! (Engine Bug)
   at: exit_function (modules/gdscript/gdscript.h:529)
ERROR: Stack underflow! (Engine Bug)
   at: exit_function (modules/gdscript/gdscript.h:529)
ERROR: Stack underflow! (Engine Bug)
   at: exit_function (modules/gdscript/gdscript.h:529)
ERROR: Stack underflow! (Engine Bug)
   at: exit_function (modules/gdscript/gdscript.h:529)
ERROR: Stack underflow! (Engine Bug)
   at: exit_function (modules/gdscript/gdscript.h:529)
ERROR: Stack underflow! (Engine Bug)
   at: exit_function (modules/gdscript/gdscript.h:529)
ERROR: Stack underflow! (Engine Bug)
   at: exit_function (modules/gdscript/gdscript.h:529)
ERROR: Stack underflow! (Engine Bug)
   at: exit_function (modules/gdscript/gdscript.h:529)
ERROR: Stack underflow! (Engine Bug)
   at: exit_function (modules/gdscript/gdscript.h:529)
ERROR: Stack underflow! (Engine Bug)
   at: exit_function (modules/gdscript/gdscript.h:529)
ERROR: Stack underflow! (Engine Bug)
   at: exit_function (modules/gdscript/gdscript.h:529)
ERROR: Stack underflow! (Engine Bug)
   at: exit_function (modules/gdscript/gdscript.h:529)
ERROR: Stack underflow! (Engine Bug)
   at: exit_function (modules/gdscript/gdscript.h:529)
ERROR: Stack underflow! (Engine Bug)
   at: exit_function (modules/gdscript/gdscript.h:529)
ERROR: Stack underflow! (Engine Bug)
   at: exit_function (modules/gdscript/gdscript.h:529)
ERROR: Stack underflow! (Engine Bug)
   at: exit_function (modules/gdscript/gdscript.h:529)
ERROR: Stack underflow! (Engine Bug)
   at: exit_function (modules/gdscript/gdscript.h:529)
ERROR: Stack underflow! (Engine Bug)
   at: exit_function (modules/gdscript/gdscript.h:529)
ERROR: Stack underflow! (Engine Bug)
   at: exit_function (modules/gdscript/gdscript.h:529)
ERROR: Stack underflow! (Engine Bug)
   at: exit_function (modules/gdscript/gdscript.h:529)
ERROR: Stack underflow! (Engine Bug)
   at: exit_function (modules/gdscript/gdscript.h:529)
ERROR: Stack underflow! (Engine Bug)
   at: exit_function (modules/gdscript/gdscript.h:529)
ERROR: Stack underflow! (Engine Bug)
   at: exit_function (modules/gdscript/gdscript.h:529)
ERROR: Stack underflow! (Engine Bug)
   at: exit_function (modules/gdscript/gdscript.h:529)
ERROR: Stack underflow! (Engine Bug)
   at: exit_function (modules/gdscript/gdscript.h:529)
ERROR: Stack underflow! (Engine Bug)
   at: exit_function (modules/gdscript/gdscript.h:529)
ERROR: Stack underflow! (Engine Bug)
   at: exit_function (modules/gdscript/gdscript.h:529)
ERROR: Stack underflow! (Engine Bug)
   at: exit_function (modules/gdscript/gdscript.h:529)
ERROR: Stack underflow! (Engine Bug)
   at: exit_function (modules/gdscript/gdscript.h:529)
ERROR: Stack underflow! (Engine Bug)
   at: exit_function (modules/gdscript/gdscript.h:529)
ERROR: Stack underflow! (Engine Bug)
   at: exit_function (modules/gdscript/gdscript.h:529)
ERROR: Stack underflow! (Engine Bug)
   at: exit_function (modules/gdscript/gdscript.h:529)
ERROR: Stack underflow! (Engine Bug)
   at: exit_function (modules/gdscript/gdscript.h:529)
ERROR: Stack underflow! (Engine Bug)
   at: exit_function (modules/gdscript/gdscript.h:529)
ERROR: Stack underflow! (Engine Bug)
   at: exit_function (modules/gdscript/gdscript.h:529)
ERROR: Stack underflow! (Engine Bug)
   at: exit_function (modules/gdscript/gdscript.h:529)
ERROR: Stack underflow! (Engine Bug)
   at: exit_function (modules/gdscript/gdscript.h:529)
ERROR: Stack underflow! (Engine Bug)
   at: exit_function (modules/gdscript/gdscript.h:529)
ERROR: Stack underflow! (Engine Bug)
   at: exit_function (modules/gdscript/gdscript.h:529)
ERROR: Stack underflow! (Engine Bug)
   at: exit_function (modules/gdscript/gdscript.h:529)
ERROR: Stack underflow! (Engine Bug)
   at: exit_function (modules/gdscript/gdscript.h:529)
ERROR: Stack underflow! (Engine Bug)
   at: exit_function (modules/gdscript/gdscript.h:529)
ERROR: Stack underflow! (Engine Bug)
   at: exit_function (modules/gdscript/gdscript.h:529)
ERROR: Stack underflow! (Engine Bug)
   at: exit_function (modules/gdscript/gdscript.h:529)
ERROR: Stack underflow! (Engine Bug)
   at: exit_function (modules/gdscript/gdscript.h:529)
ERROR: Stack underflow! (Engine Bug)
   at: exit_function (modules/gdscript/gdscript.h:529)
ERROR: Stack underflow! (Engine Bug)
   at: exit_function (modules/gdscript/gdscript.h:529)
ERROR: Stack underflow! (Engine Bug)
   at: exit_function (modules/gdscript/gdscript.h:529)
ERROR: Stack underflow! (Engine Bug)
   at: exit_function (modules/gdscript/gdscript.h:529)
ERROR: Stack underflow! (Engine Bug)
   at: exit_function (modules/gdscript/gdscript.h:529)
ERROR: Stack underflow! (Engine Bug)
   at: exit_function (modules/gdscript/gdscript.h:529)
ERROR: Stack underflow! (Engine Bug)
   at: exit_function (modules/gdscript/gdscript.h:529)
ERROR: Stack underflow! (Engine Bug)
   at: exit_function (modules/gdscript/gdscript.h:529)
ERROR: Stack underflow! (Engine Bug)
   at: exit_function (modules/gdscript/gdscript.h:529)
ERROR: Stack underflow! (Engine Bug)
   at: exit_function (modules/gdscript/gdscript.h:529)
ERROR: Stack underflow! (Engine Bug)
   at: exit_function (modules/gdscript/gdscript.h:529)
ERROR: Stack underflow! (Engine Bug)
   at: exit_function (modules/gdscript/gdscript.h:529)
ERROR: Stack underflow! (Engine Bug)
   at: exit_function (modules/gdscript/gdscript.h:529)
ERROR: Stack underflow! (Engine Bug)
   at: exit_function (modules/gdscript/gdscript.h:529)
ERROR: Stack underflow! (Engine Bug)
   at: exit_function (modules/gdscript/gdscript.h:529)
ERROR: Stack underflow! (Engine Bug)
   at: exit_function (modules/gdscript/gdscript.h:529)
ERROR: Stack underflow! (Engine Bug)
   at: exit_function (modules/gdscript/gdscript.h:529)
ERROR: Stack underflow! (Engine Bug)
   at: exit_function (modules/gdscript/gdscript.h:529)
ERROR: Stack underflow! (Engine Bug)
   at: exit_function (modules/gdscript/gdscript.h:529)
ERROR: Stack underflow! (Engine Bug)
   at: exit_function (modules/gdscript/gdscript.h:529)
ERROR: Stack underflow! (Engine Bug)
   at: exit_function (modules/gdscript/gdscript.h:529)
ERROR: Stack underflow! (Engine Bug)
   at: exit_function (modules/gdscript/gdscript.h:529)
ERROR: Stack underflow! (Engine Bug)
   at: exit_function (modules/gdscript/gdscript.h:529)
ERROR: Stack underflow! (Engine Bug)
   at: exit_function (modules/gdscript/gdscript.h:529)
ERROR: Stack underflow! (Engine Bug)
   at: exit_function (modules/gdscript/gdscript.h:529)
ERROR: Stack underflow! (Engine Bug)
   at: exit_function (modules/gdscript/gdscript.h:529)
ERROR: Stack underflow! (Engine Bug)
   at: exit_function (modules/gdscript/gdscript.h:529)
ERROR: Stack underflow! (Engine Bug)
   at: exit_function (modules/gdscript/gdscript.h:529)
ERROR: Stack underflow! (Engine Bug)
   at: exit_function (modules/gdscript/gdscript.h:529)
ERROR: Stack underflow! (Engine Bug)
   at: exit_function (modules/gdscript/gdscript.h:529)
ERROR: Stack underflow! (Engine Bug)
   at: exit_function (modules/gdscript/gdscript.h:529)
ERROR: Stack underflow! (Engine Bug)
   at: exit_function (modules/gdscript/gdscript.h:529)
ERROR: Stack underflow! (Engine Bug)
   at: exit_function (modules/gdscript/gdscript.h:529)
ERROR: Stack underflow! (Engine Bug)
   at: exit_function (modules/gdscript/gdscript.h:529)
ERROR: Stack underflow! (Engine Bug)
   at: exit_function (modules/gdscript/gdscript.h:529)
ERROR: Stack underflow! (Engine Bug)
   at: exit_function (modules/gdscript/gdscript.h:529)
ERROR: Stack underflow! (Engine Bug)
   at: exit_function (modules/gdscript/gdscript.h:529)
ERROR: Stack underflow! (Engine Bug)
   at: exit_function (modules/gdscript/gdscript.h:529)
ERROR: Stack underflow! (Engine Bug)
   at: exit_function (modules/gdscript/gdscript.h:529)
ERROR: Stack underflow! (Engine Bug)
   at: exit_function (modules/gdscript/gdscript.h:529)
ERROR: Stack underflow! (Engine Bug)
   at: exit_function (modules/gdscript/gdscript.h:529)
ERROR: Stack underflow! (Engine Bug)
   at: exit_function (modules/gdscript/gdscript.h:529)
ERROR: Stack underflow! (Engine Bug)
   at: exit_function (modules/gdscript/gdscript.h:529)
ERROR: Stack underflow! (Engine Bug)
   at: exit_function (modules/gdscript/gdscript.h:529)
ERROR: Stack underflow! (Engine Bug)
   at: exit_function (modules/gdscript/gdscript.h:529)
ERROR: Stack underflow! (Engine Bug)
   at: exit_function (modules/gdscript/gdscript.h:529)
ERROR: Stack underflow! (Engine Bug)
   at: exit_function (modules/gdscript/gdscript.h:529)
ERROR: Stack underflow! (Engine Bug)
   at: exit_function (modules/gdscript/gdscript.h:529)
ERROR: Stack underflow! (Engine Bug)
   at: exit_function (modules/gdscript/gdscript.h:529)
ERROR: Stack underflow! (Engine Bug)
   at: exit_function (modules/gdscript/gdscript.h:529)
ERROR: Stack underflow! (Engine Bug)
   at: exit_function (modules/gdscript/gdscript.h:529)
ERROR: Stack underflow! (Engine Bug)
   at: exit_function (modules/gdscript/gdscript.h:529)
ERROR: Stack underflow! (Engine Bug)
   at: exit_function (modules/gdscript/gdscript.h:529)
ERROR: Stack underflow! (Engine Bug)
   at: exit_function (modules/gdscript/gdscript.h:529)
ERROR: Stack underflow! (Engine Bug)
   at: exit_function (modules/gdscript/gdscript.h:529)
ERROR: Stack underflow! (Engine Bug)
   at: exit_function (modules/gdscript/gdscript.h:529)
ERROR: Stack underflow! (Engine Bug)
   at: exit_function (modules/gdscript/gdscript.h:529)
ERROR: Stack underflow! (Engine Bug)
   at: exit_function (modules/gdscript/gdscript.h:529)
ERROR: Stack underflow! (Engine Bug)
   at: exit_function (modules/gdscript/gdscript.h:529)
ERROR: Stack underflow! (Engine Bug)
   at: exit_function (modules/gdscript/gdscript.h:529)
ERROR: Stack underflow! (Engine Bug)
   at: exit_function (modules/gdscript/gdscript.h:529)
ERROR: Stack underflow! (Engine Bug)
   at: exit_function (modules/gdscript/gdscript.h:529)
ERROR: Stack underflow! (Engine Bug)
   at: exit_function (modules/gdscript/gdscript.h:529)
ERROR: Stack underflow! (Engine Bug)
   at: exit_function (modules/gdscript/gdscript.h:529)
ERROR: Stack underflow! (Engine Bug)
   at: exit_function (modules/gdscript/gdscript.h:529)
ERROR: Stack underflow! (Engine Bug)
   at: exit_function (modules/gdscript/gdscript.h:529)
ERROR: Stack underflow! (Engine Bug)
   at: exit_function (modules/gdscript/gdscript.h:529)
ERROR: Stack underflow! (Engine Bug)
   at: exit_function (modules/gdscript/gdscript.h:529)
ERROR: Stack underflow! (Engine Bug)
   at: exit_function (modules/gdscript/gdscript.h:529)
ERROR: Stack underflow! (Engine Bug)
   at: exit_function (modules/gdscript/gdscript.h:529)
ERROR: Stack underflow! (Engine Bug)
   at: exit_function (modules/gdscript/gdscript.h:529)
ERROR: Stack underflow! (Engine Bug)
   at: exit_function (modules/gdscript/gdscript.h:529)
ERROR: Stack underflow! (Engine Bug)
   at: exit_function (modules/gdscript/gdscript.h:529)
ERROR: Stack underflow! (Engine Bug)
   at: exit_function (modules/gdscript/gdscript.h:529)
ERROR: Stack underflow! (Engine Bug)
   at: exit_function (modules/gdscript/gdscript.h:529)
ERROR: Stack underflow! (Engine Bug)
   at: exit_function (modules/gdscript/gdscript.h:529)
ERROR: Stack underflow! (Engine Bug)
   at: exit_function (modules/gdscript/gdscript.h:529)
ERROR: Stack underflow! (Engine Bug)
   at: exit_function (modules/gdscript/gdscript.h:529)
ERROR: Stack underflow! (Engine Bug)
   at: exit_function (modules/gdscript/gdscript.h:529)
ERROR: Stack underflow! (Engine Bug)
   at: exit_function (modules/gdscript/gdscript.h:529)
ERROR: Stack underflow! (Engine Bug)
   at: exit_function (modules/gdscript/gdscript.h:529)
ERROR: Stack underflow! (Engine Bug)
   at: exit_function (modules/gdscript/gdscript.h:529)
ERROR: Stack underflow! (Engine Bug)
   at: exit_function (modules/gdscript/gdscript.h:529)
ERROR: Stack underflow! (Engine Bug)
   at: exit_function (modules/gdscript/gdscript.h:529)
ERROR: Stack underflow! (Engine Bug)
   at: exit_function (modules/gdscript/gdscript.h:529)
ERROR: Stack underflow! (Engine Bug)
   at: exit_function (modules/gdscript/gdscript.h:529)
ERROR: Stack underflow! (Engine Bug)
   at: exit_function (modules/gdscript/gdscript.h:529)
ERROR: Stack underflow! (Engine Bug)
   at: exit_function (modules/gdscript/gdscript.h:529)
ERROR: Stack underflow! (Engine Bug)
   at: exit_function (modules/gdscript/gdscript.h:529)
ERROR: Stack underflow! (Engine Bug)
   at: exit_function (modules/gdscript/gdscript.h:529)
ERROR: Stack underflow! (Engine Bug)
   at: exit_function (modules/gdscript/gdscript.h:529)
ERROR: Stack underflow! (Engine Bug)
   at: exit_function (modules/gdscript/gdscript.h:529)
ERROR: Stack underflow! (Engine Bug)
   at: exit_function (modules/gdscript/gdscript.h:529)
ERROR: Stack underflow! (Engine Bug)
   at: exit_function (modules/gdscript/gdscript.h:529)
ERROR: Stack underflow! (Engine Bug)
   at: exit_function (modules/gdscript/gdscript.h:529)
ERROR: Stack underflow! (Engine Bug)
   at: exit_function (modules/gdscript/gdscript.h:529)
ERROR: Stack underflow! (Engine Bug)
   at: exit_function (modules/gdscript/gdscript.h:529)
ERROR: Stack underflow! (Engine Bug)
   at: exit_function (modules/gdscript/gdscript.h:529)
ERROR: Stack underflow! (Engine Bug)
   at: exit_function (modules/gdscript/gdscript.h:529)
ERROR: Stack underflow! (Engine Bug)
   at: exit_function (modules/gdscript/gdscript.h:529)
ERROR: Stack underflow! (Engine Bug)
   at: exit_function (modules/gdscript/gdscript.h:529)
ERROR: Stack underflow! (Engine Bug)
   at: exit_function (modules/gdscript/gdscript.h:529)
ERROR: Stack underflow! (Engine Bug)
   at: exit_function (modules/gdscript/gdscript.h:529)
ERROR: Stack underflow! (Engine Bug)
   at: exit_function (modules/gdscript/gdscript.h:529)
ERROR: Stack underflow! (Engine Bug)
   at: exit_function (modules/gdscript/gdscript.h:529)
ERROR: Stack underflow! (Engine Bug)
   at: exit_function (modules/gdscript/gdscript.h:529)
ERROR: Stack underflow! (Engine Bug)
   at: exit_function (modules/gdscript/gdscript.h:529)
ERROR: Stack underflow! (Engine Bug)
   at: exit_function (modules/gdscript/gdscript.h:529)
ERROR: Stack underflow! (Engine Bug)
   at: exit_function (modules/gdscript/gdscript.h:529)
ERROR: Stack underflow! (Engine Bug)
   at: exit_function (modules/gdscript/gdscript.h:529)
ERROR: Stack underflow! (Engine Bug)
   at: exit_function (modules/gdscript/gdscript.h:529)
ERROR: Stack underflow! (Engine Bug)
   at: exit_function (modules/gdscript/gdscript.h:529)
ERROR: Stack underflow! (Engine Bug)
   at: exit_function (modules/gdscript/gdscript.h:529)
ERROR: Stack underflow! (Engine Bug)
   at: exit_function (modules/gdscript/gdscript.h:529)
ERROR: Stack underflow! (Engine Bug)
   at: exit_function (modules/gdscript/gdscript.h:529)
ERROR: Stack underflow! (Engine Bug)
   at: exit_function (modules/gdscript/gdscript.h:529)
ERROR: Stack underflow! (Engine Bug)
   at: exit_function (modules/gdscript/gdscript.h:529)
ERROR: Stack underflow! (Engine Bug)
   at: exit_function (modules/gdscript/gdscript.h:529)
ERROR: Stack underflow! (Engine Bug)
   at: exit_function (modules/gdscript/gdscript.h:529)
ERROR: Stack underflow! (Engine Bug)
   at: exit_function (modules/gdscript/gdscript.h:529)
ERROR: Stack underflow! (Engine Bug)
   at: exit_function (modules/gdscript/gdscript.h:529)
ERROR: Stack underflow! (Engine Bug)
   at: exit_function (modules/gdscript/gdscript.h:529)
ERROR: Stack underflow! (Engine Bug)
   at: exit_function (modules/gdscript/gdscript.h:529)
ERROR: Stack underflow! (Engine Bug)
   at: exit_function (modules/gdscript/gdscript.h:529)
ERROR: Stack underflow! (Engine Bug)
   at: exit_function (modules/gdscript/gdscript.h:529)
ERROR: Stack underflow! (Engine Bug)
   at: exit_function (modules/gdscript/gdscript.h:529)
ERROR: Stack underflow! (Engine Bug)
   at: exit_function (modules/gdscript/gdscript.h:529)
ERROR: Stack underflow! (Engine Bug)
   at: exit_function (modules/gdscript/gdscript.h:529)
ERROR: Stack underflow! (Engine Bug)
   at: exit_function (modules/gdscript/gdscript.h:529)
ERROR: Stack underflow! (Engine Bug)
   at: exit_function (modules/gdscript/gdscript.h:529)
ERROR: Stack underflow! (Engine Bug)
   at: exit_function (modules/gdscript/gdscript.h:529)
ERROR: Stack underflow! (Engine Bug)
   at: exit_function (modules/gdscript/gdscript.h:529)
ERROR: Stack underflow! (Engine Bug)
   at: exit_function (modules/gdscript/gdscript.h:529)
ERROR: Stack underflow! (Engine Bug)
   at: exit_function (modules/gdscript/gdscript.h:529)
ERROR: Stack underflow! (Engine Bug)
   at: exit_function (modules/gdscript/gdscript.h:529)
ERROR: Stack underflow! (Engine Bug)
   at: exit_function (modules/gdscript/gdscript.h:529)
ERROR: Stack underflow! (Engine Bug)
   at: exit_function (modules/gdscript/gdscript.h:529)
ERROR: Stack underflow! (Engine Bug)
   at: exit_function (modules/gdscript/gdscript.h:529)
ERROR: Stack underflow! (Engine Bug)
   at: exit_function (modules/gdscript/gdscript.h:529)
ERROR: Stack underflow! (Engine Bug)
   at: exit_function (modules/gdscript/gdscript.h:529)
ERROR: Stack underflow! (Engine Bug)
   at: exit_function (modules/gdscript/gdscript.h:529)
ERROR: Stack underflow! (Engine Bug)
   at: exit_function (modules/gdscript/gdscript.h:529)
ERROR: Stack underflow! (Engine Bug)
   at: exit_function (modules/gdscript/gdscript.h:529)
ERROR: Stack underflow! (Engine Bug)
   at: exit_function (modules/gdscript/gdscript.h:529)
ERROR: Stack underflow! (Engine Bug)
   at: exit_function (modules/gdscript/gdscript.h:529)
ERROR: Stack underflow! (Engine Bug)
   at: exit_function (modules/gdscript/gdscript.h:529)
ERROR: Stack underflow! (Engine Bug)
   at: exit_function (modules/gdscript/gdscript.h:529)
ERROR: Stack underflow! (Engine Bug)
   at: exit_function (modules/gdscript/gdscript.h:529)
ERROR: Stack underflow! (Engine Bug)
   at: exit_function (modules/gdscript/gdscript.h:529)
ERROR: Stack underflow! (Engine Bug)
   at: exit_function (modules/gdscript/gdscript.h:529)
ERROR: Stack underflow! (Engine Bug)
   at: exit_function (modules/gdscript/gdscript.h:529)
ERROR: Stack underflow! (Engine Bug)
   at: exit_function (modules/gdscript/gdscript.h:529)
ERROR: Stack underflow! (Engine Bug)
   at: exit_function (modules/gdscript/gdscript.h:529)
ERROR: Stack underflow! (Engine Bug)
   at: exit_function (modules/gdscript/gdscript.h:529)
ERROR: Stack underflow! (Engine Bug)
   at: exit_function (modules/gdscript/gdscript.h:529)
ERROR: Stack underflow! (Engine Bug)
   at: exit_function (modules/gdscript/gdscript.h:529)
ERROR: Stack underflow! (Engine Bug)
   at: exit_function (modules/gdscript/gdscript.h:529)
ERROR: Stack underflow! (Engine Bug)
   at: exit_function (modules/gdscript/gdscript.h:529)
ERROR: Stack underflow! (Engine Bug)
   at: exit_function (modules/gdscript/gdscript.h:529)
ERROR: Stack underflow! (Engine Bug)
   at: exit_function (modules/gdscript/gdscript.h:529)
ERROR: Stack underflow! (Engine Bug)
   at: exit_function (modules/gdscript/gdscript.h:529)
ERROR: Stack underflow! (Engine Bug)
   at: exit_function (modules/gdscript/gdscript.h:529)
ERROR: Stack underflow! (Engine Bug)
   at: exit_function (modules/gdscript/gdscript.h:529)
ERROR: Stack underflow! (Engine Bug)
   at: exit_function (modules/gdscript/gdscript.h:529)
ERROR: Stack underflow! (Engine Bug)
   at: exit_function (modules/gdscript/gdscript.h:529)
ERROR: Stack underflow! (Engine Bug)
   at: exit_function (modules/gdscript/gdscript.h:529)
ERROR: Stack underflow! (Engine Bug)
   at: exit_function (modules/gdscript/gdscript.h:529)
ERROR: Stack underflow! (Engine Bug)
   at: exit_function (modules/gdscript/gdscript.h:529)
ERROR: Stack underflow! (Engine Bug)
   at: exit_function (modules/gdscript/gdscript.h:529)
ERROR: Stack underflow! (Engine Bug)
   at: exit_function (modules/gdscript/gdscript.h:529)
ERROR: Stack underflow! (Engine Bug)
   at: exit_function (modules/gdscript/gdscript.h:529)
ERROR: Stack underflow! (Engine Bug)
   at: exit_function (modules/gdscript/gdscript.h:529)
ERROR: Stack underflow! (Engine Bug)
   at: exit_function (modules/gdscript/gdscript.h:529)
ERROR: Stack underflow! (Engine Bug)
   at: exit_function (modules/gdscript/gdscript.h:529)
ERROR: Stack underflow! (Engine Bug)
   at: exit_function (modules/gdscript/gdscript.h:529)
ERROR: Stack underflow! (Engine Bug)
   at: exit_function (modules/gdscript/gdscript.h:529)
ERROR: Stack underflow! (Engine Bug)
   at: exit_function (modules/gdscript/gdscript.h:529)
ERROR: Stack underflow! (Engine Bug)
   at: exit_function (modules/gdscript/gdscript.h:529)
ERROR: Stack underflow! (Engine Bug)
   at: exit_function (modules/gdscript/gdscript.h:529)
ERROR: Stack underflow! (Engine Bug)
   at: exit_function (modules/gdscript/gdscript.h:529)
ERROR: Stack underflow! (Engine Bug)
   at: exit_function (modules/gdscript/gdscript.h:529)
ERROR: Stack underflow! (Engine Bug)
   at: exit_function (modules/gdscript/gdscript.h:529)
ERROR: Stack underflow! (Engine Bug)
   at: exit_function (modules/gdscript/gdscript.h:529)
ERROR: Stack underflow! (Engine Bug)
   at: exit_function (modules/gdscript/gdscript.h:529)
ERROR: Stack underflow! (Engine Bug)
   at: exit_function (modules/gdscript/gdscript.h:529)
ERROR: Stack underflow! (Engine Bug)
   at: exit_function (modules/gdscript/gdscript.h:529)
ERROR: Stack underflow! (Engine Bug)
   at: exit_function (modules/gdscript/gdscript.h:529)
ERROR: Stack underflow! (Engine Bug)
   at: exit_function (modules/gdscript/gdscript.h:529)
ERROR: Stack underflow! (Engine Bug)
   at: exit_function (modules/gdscript/gdscript.h:529)
ERROR: Stack underflow! (Engine Bug)
   at: exit_function (modules/gdscript/gdscript.h:529)
ERROR: Stack underflow! (Engine Bug)
   at: exit_function (modules/gdscript/gdscript.h:529)
ERROR: Stack underflow! (Engine Bug)
   at: exit_function (modules/gdscript/gdscript.h:529)
ERROR: Stack underflow! (Engine Bug)
   at: exit_function (modules/gdscript/gdscript.h:529)
ERROR: Stack underflow! (Engine Bug)
   at: exit_function (modules/gdscript/gdscript.h:529)
ERROR: Stack underflow! (Engine Bug)
   at: exit_function (modules/gdscript/gdscript.h:529)
ERROR: Stack underflow! (Engine Bug)
   at: exit_function (modules/gdscript/gdscript.h:529)
ERROR: Stack underflow! (Engine Bug)
   at: exit_function (modules/gdscript/gdscript.h:529)
ERROR: Stack underflow! (Engine Bug)
   at: exit_function (modules/gdscript/gdscript.h:529)
ERROR: Stack underflow! (Engine Bug)
   at: exit_function (modules/gdscript/gdscript.h:529)
ERROR: Stack underflow! (Engine Bug)
   at: exit_function (modules/gdscript/gdscript.h:529)
ERROR: Stack underflow! (Engine Bug)
   at: exit_function (modules/gdscript/gdscript.h:529)
ERROR: Stack underflow! (Engine Bug)
   at: exit_function (modules/gdscript/gdscript.h:529)
ERROR: Stack underflow! (Engine Bug)
   at: exit_function (modules/gdscript/gdscript.h:529)
ERROR: Stack underflow! (Engine Bug)
   at: exit_function (modules/gdscript/gdscript.h:529)
ERROR: Stack underflow! (Engine Bug)
   at: exit_function (modules/gdscript/gdscript.h:529)
ERROR: Stack underflow! (Engine Bug)
   at: exit_function (modules/gdscript/gdscript.h:529)
ERROR: Stack underflow! (Engine Bug)
   at: exit_function (modules/gdscript/gdscript.h:529)
ERROR: Stack underflow! (Engine Bug)
   at: exit_function (modules/gdscript/gdscript.h:529)
ERROR: Stack underflow! (Engine Bug)
   at: exit_function (modules/gdscript/gdscript.h:529)
ERROR: Stack underflow! (Engine Bug)
   at: exit_function (modules/gdscript/gdscript.h:529)
ERROR: Stack underflow! (Engine Bug)
   at: exit_function (modules/gdscript/gdscript.h:529)
ERROR: Stack underflow! (Engine Bug)
   at: exit_function (modules/gdscript/gdscript.h:529)
ERROR: Stack underflow! (Engine Bug)
   at: exit_function (modules/gdscript/gdscript.h:529)
ERROR: Stack underflow! (Engine Bug)
   at: exit_function (modules/gdscript/gdscript.h:529)
ERROR: Stack underflow! (Engine Bug)
   at: exit_function (modules/gdscript/gdscript.h:529)
ERROR: Stack underflow! (Engine Bug)
   at: exit_function (modules/gdscript/gdscript.h:529)
ERROR: Stack underflow! (Engine Bug)
   at: exit_function (modules/gdscript/gdscript.h:529)
ERROR: Stack underflow! (Engine Bug)
   at: exit_function (modules/gdscript/gdscript.h:529)
ERROR: Stack underflow! (Engine Bug)
   at: exit_function (modules/gdscript/gdscript.h:529)
ERROR: Stack underflow! (Engine Bug)
   at: exit_function (modules/gdscript/gdscript.h:529)
ERROR: Stack underflow! (Engine Bug)
   at: exit_function (modules/gdscript/gdscript.h:529)
ERROR: Stack underflow! (Engine Bug)
   at: exit_function (modules/gdscript/gdscript.h:529)
ERROR: Stack underflow! (Engine Bug)
   at: exit_function (modules/gdscript/gdscript.h:529)
ERROR: Stack underflow! (Engine Bug)
   at: exit_function (modules/gdscript/gdscript.h:529)
ERROR: Stack underflow! (Engine Bug)
   at: exit_function (modules/gdscript/gdscript.h:529)
ERROR: Stack underflow! (Engine Bug)
   at: exit_function (modules/gdscript/gdscript.h:529)
ERROR: Stack underflow! (Engine Bug)
   at: exit_function (modules/gdscript/gdscript.h:529)
ERROR: Stack underflow! (Engine Bug)
   at: exit_function (modules/gdscript/gdscript.h:529)
ERROR: Stack underflow! (Engine Bug)
   at: exit_function (modules/gdscript/gdscript.h:529)
ERROR: Stack underflow! (Engine Bug)
   at: exit_function (modules/gdscript/gdscript.h:529)
ERROR: Stack underflow! (Engine Bug)
   at: exit_function (modules/gdscript/gdscript.h:529)
ERROR: Stack underflow! (Engine Bug)
   at: exit_function (modules/gdscript/gdscript.h:529)
ERROR: Stack underflow! (Engine Bug)
   at: exit_function (modules/gdscript/gdscript.h:529)
ERROR: Stack underflow! (Engine Bug)
   at: exit_function (modules/gdscript/gdscript.h:529)
ERROR: Stack underflow! (Engine Bug)
   at: exit_function (modules/gdscript/gdscript.h:529)
ERROR: Stack underflow! (Engine Bug)
   at: exit_function (modules/gdscript/gdscript.h:529)
ERROR: Stack underflow! (Engine Bug)
   at: exit_function (modules/gdscript/gdscript.h:529)
ERROR: Stack underflow! (Engine Bug)
   at: exit_function (modules/gdscript/gdscript.h:529)
ERROR: Stack underflow! (Engine Bug)
   at: exit_function (modules/gdscript/gdscript.h:529)
ERROR: Stack underflow! (Engine Bug)
   at: exit_function (modules/gdscript/gdscript.h:529)
ERROR: Stack underflow! (Engine Bug)
   at: exit_function (modules/gdscript/gdscript.h:529)
ERROR: Stack underflow! (Engine Bug)
   at: exit_function (modules/gdscript/gdscript.h:529)
ERROR: Stack underflow! (Engine Bug)
   at: exit_function (modules/gdscript/gdscript.h:529)
ERROR: Stack underflow! (Engine Bug)
   at: exit_function (modules/gdscript/gdscript.h:529)
ERROR: Stack underflow! (Engine Bug)
   at: exit_function (modules/gdscript/gdscript.h:529)
ERROR: Stack underflow! (Engine Bug)
   at: exit_function (modules/gdscript/gdscript.h:529)
ERROR: Stack underflow! (Engine Bug)
   at: exit_function (modules/gdscript/gdscript.h:529)
ERROR: Stack underflow! (Engine Bug)
   at: exit_function (modules/gdscript/gdscript.h:529)
ERROR: Stack underflow! (Engine Bug)
   at: exit_function (modules/gdscript/gdscript.h:529)
ERROR: Stack underflow! (Engine Bug)
   at: exit_function (modules/gdscript/gdscript.h:529)
ERROR: Stack underflow! (Engine Bug)
   at: exit_function (modules/gdscript/gdscript.h:529)
ERROR: Stack underflow! (Engine Bug)
   at: exit_function (modules/gdscript/gdscript.h:529)
