Godot Engine v4.7.2.stable.official.ed1daf0bf - https://godotengine.org

ROOMSCALE_FLOOR_NAV_READY room=unreachable_fixture grid=10x10 cell=4in obstacles=1
SCRIPT ERROR: Stack overflow. Check for infinite recursion in your script.
   at: _create_task_record (res://scripts/task_coordinator.gd:544)
   GDScript backtrace (most recent call first):
       [0] _enqueue_for (res://scripts/task_coordinator.gd:627)
       [1] fail_task (res://scripts/task_coordinator.gd:136)
       [2] _navigate_to (res://scripts/citizen_agent.gd:221)
       [3] _assign_next_task (res://scripts/citizen_agent.gd:213)
       [4] _navigate_to (res://scripts/citizen_agent.gd:222)
       [5] _assign_next_task (res://scripts/citizen_agent.gd:213)
       [6] _navigate_to (res://scripts/citizen_agent.gd:222)
       [7] _assign_next_task (res://scripts/citizen_agent.gd:213)
       [8] _navigate_to (res://scripts/citizen_agent.gd:222)
       [9] _assign_next_task (res://scripts/citizen_agent.gd:213)
       [10] _navigate_to (res://scripts/citizen_agent.gd:222)
       [11] _assign_next_task (res://scripts/citizen_agent.gd:213)
       [12] _navigate_to (res://scripts/citizen_agent.gd:222)
       [13] _assign_next_task (res://scripts/citizen_agent.gd:213)
       [14] _navigate_to (res://scripts/citizen_agent.gd:222)
       [15] _assign_next_task (res://scripts/citizen_agent.gd:213)
       [16] _navigate_to (res://scripts/citizen_agent.gd:222)
       [17] _assign_next_task (res://scripts/citizen_agent.gd:213)
       [18] _navigate_to (res://scripts/citizen_agent.gd:222)
       [19] _assign_next_task (res://scripts/citizen_agent.gd:213)
       [20] _navigate_to (res://scripts/citizen_agent.gd:222)
       [21] _assign_next_task (res://scripts/citizen_agent.gd:213)
       [22] _navigate_to (res://scripts/citizen_agent.gd:222)
       [23] _assign_next_task (res://scripts/citizen_agent.gd:213)
       [24] _navigate_to (res://scripts/citizen_agent.gd:222)
       [25] _assign_next_task (res://scripts/citizen_agent.gd:213)
       [26] _navigate_to (res://scripts/citizen_agent.gd:222)
       [27] _assign_next_task (res://scripts/citizen_agent.gd:213)
       [28] _navigate_to (res://scripts/citizen_agent.gd:222)
       [29] _assign_next_task (res://scripts/citizen_agent.gd:213)
       [30] _navigate_to (res://scripts/citizen_agent.gd:222)
       [31] _assign_next_task (res://scripts/citizen_agent.gd:213)
       [32] _navigate_to (res://scripts/citizen_agent.gd:222)
       [33] _assign_next_task (res://scripts/citizen_agent.gd:213)
       [34] _navigate_to (res://scripts/citizen_agent.gd:222)
       [35] _assign_next_task (res://scripts/citizen_agent.gd:213)
       [36] _navigate_to (res://scripts/citizen_agent.gd:222)
       [37] _assign_next_task (res://scripts/citizen_agent.gd:213)
       [38] _navigate_to (res://scripts/citizen_agent.gd:222)
       [39] _assign_next_task (res://scripts/citizen_agent.gd:213)
       [40] _navigate_to (res://scripts/citizen_agent.gd:222)
       [41] _assign_next_task (res://scripts/citizen_agent.gd:213)
       [42] _navigate_to (res://scripts/citizen_agent.gd:222)
       [43] _assign_next_task (res://scripts/citizen_agent.gd:213)
       [44] _navigate_to (res://scripts/citizen_agent.gd:222)
       [45] _assign_next_task (res://scripts/citizen_agent.gd:213)
       [46] _navigate_to (res://scripts/citizen_agent.gd:222)
       [47] _assign_next_task (res://scripts/citizen_agent.gd:213)
       [48] _navigate_to (res://scripts/citizen_agent.gd:222)
       [49] _assign_next_task (res://scripts/citizen_agent.gd:213)
       [50] _navigate_to (res://scripts/citizen_agent.gd:222)
       [51] _assign_next_task (res://scripts/citizen_agent.gd:213)
       [52] _navigate_to (res://scripts/citizen_agent.gd:222)
       [53] _assign_next_task (res://scripts/citizen_agent.gd:213)
       [54] _navigate_to (res://scripts/citizen_agent.gd:222)
       [55] _assign_next_task (res://scripts/citizen_agent.gd:213)
       [56] _navigate_to (res://scripts/citizen_agent.gd:222)
       [57] _assign_next_task (res://scripts/citizen_agent.gd:213)
       [58] _navigate_to (res://scripts/citizen_agent.gd:222)
       [59] _assign_next_task (res://scripts/citizen_agent.gd:213)
       [60] _navigate_to (res://scripts/citizen_agent.gd:222)
       [61] _assign_next_task (res://scripts/citizen_agent.gd:213)
       [62] _navigate_to (res://scripts/citizen_agent.gd:222)
       [63] _assign_next_task (res://scripts/citizen_agent.gd:213)
       [64] _navigate_to (res://scripts/citizen_agent.gd:222)
       [65] _assign_next_task (res://scripts/citizen_agent.gd:213)
       [66] _navigate_to (res://scripts/citizen_agent.gd:222)
       [67] _assign_next_task (res://scripts/citizen_agent.gd:213)
       [68] _navigate_to (res://scripts/citizen_agent.gd:222)
       [69] _assign_next_task (res://scripts/citizen_agent.gd:213)
       [70] _navigate_to (res://scripts/citizen_agent.gd:222)
       [71] _assign_next_task (res://scripts/citizen_agent.gd:213)
       [72] _navigate_to (res://scripts/citizen_agent.gd:222)
       [73] _assign_next_task (res://scripts/citizen_agent.gd:213)
       [74] _navigate_to (res://scripts/citizen_agent.gd:222)
       [75] _assign_next_task (res://scripts/citizen_agent.gd:213)
       [76] _navigate_to (res://scripts/citizen_agent.gd:222)
       [77] _assign_next_task (res://scripts/citizen_agent.gd:213)
       [78] _navigate_to (res://scripts/citizen_agent.gd:222)
       [79] _assign_next_task (res://scripts/citizen_agent.gd:213)
       [80] _navigate_to (res://scripts/citizen_agent.gd:222)
       [81] _assign_next_task (res://scripts/citizen_agent.gd:213)
       [82] _navigate_to (res://scripts/citizen_agent.gd:222)
       [83] _assign_next_task (res://scripts/citizen_agent.gd:213)
       [84] _navigate_to (res://scripts/citizen_agent.gd:222)
       [85] _assign_next_task (res://scripts/citizen_agent.gd:213)
       [86] _navigate_to (res://scripts/citizen_agent.gd:222)
       [87] _assign_next_task (res://scripts/citizen_agent.gd:213)
       [88] _navigate_to (res://scripts/citizen_agent.gd:222)
       [89] _assign_next_task (res://scripts/citizen_agent.gd:213)
       [90] _navigate_to (res://scripts/citizen_agent.gd:222)
       [91] _assign_next_task (res://scripts/citizen_agent.gd:213)
       [92] _navigate_to (res://scripts/citizen_agent.gd:222)
       [93] _assign_next_task (res://scripts/citizen_agent.gd:213)
       [94] _navigate_to (res://scripts/citizen_agent.gd:222)
       [95] _assign_next_task (res://scripts/citizen_agent.gd:213)
       [96] _navigate_to (res://scripts/citizen_agent.gd:222)
       [97] _assign_next_task (res://scripts/citizen_agent.gd:213)
       [98] _navigate_to (res://scripts/citizen_agent.gd:222)
       [99] _assign_next_task (res://scripts/citizen_agent.gd:213)
       [100] _navigate_to (res://scripts/citizen_agent.gd:222)
       [101] _assign_next_task (res://scripts/citizen_agent.gd:213)
       [102] _navigate_to (res://scripts/citizen_agent.gd:222)
       [103] _assign_next_task (res://scripts/citizen_agent.gd:213)
       [104] _navigate_to (res://scripts/citizen_agent.gd:222)
       [105] _assign_next_task (res://scripts/citizen_agent.gd:213)
       [106] _navigate_to (res://scripts/citizen_agent.gd:222)
       [107] _assign_next_task (res://scripts/citizen_agent.gd:213)
       [108] _navigate_to (res://scripts/citizen_agent.gd:222)
       [109] _assign_next_task (res://scripts/citizen_agent.gd:213)
       [110] _navigate_to (res://scripts/citizen_agent.gd:222)
       [111] _assign_next_task (res://scripts/citizen_agent.gd:213)
       [112] _navigate_to (res://scripts/citizen_agent.gd:222)
       [113] _assign_next_task (res://scripts/citizen_agent.gd:213)
       [114] _navigate_to (res://scripts/citizen_agent.gd:222)
       [115] _assign_next_task (res://scripts/citizen_agent.gd:213)
       [116] _navigate_to (res://scripts/citizen_agent.gd:222)
       [117] _assign_next_task (res://scripts/citizen_agent.gd:213)
       [118] _navigate_to (res://scripts/citizen_agent.gd:222)
       [119] _assign_next_task (res://scripts/citizen_agent.gd:213)
       [120] _navigate_to (res://scripts/citizen_agent.gd:222)
       [121] _assign_next_task (res://scripts/citizen_agent.gd:213)
       [122] _navigate_to (res://scripts/citizen_agent.gd:222)
       [123] _assign_next_task (res://scripts/citizen_agent.gd:213)
       [124] _navigate_to (res://scripts/citizen_agent.gd:222)
       [125] _assign_next_task (res://scripts/citizen_agent.gd:213)
       [126] _navigate_to (res://scripts/citizen_agent.gd:222)
       [127] _assign_next_task (res://scripts/citizen_agent.gd:213)
       [128] _navigate_to (res://scripts/citizen_agent.gd:222)
       [129] _assign_next_task (res://scripts/citizen_agent.gd:213)
       [130] _navigate_to (res://scripts/citizen_agent.gd:222)
       [131] _assign_next_task (res://scripts/citizen_agent.gd:213)
       [132] _navigate_to (res://scripts/citizen_agent.gd:222)
       [133] _assign_next_task (res://scripts/citizen_agent.gd:213)
       [134] _navigate_to (res://scripts/citizen_agent.gd:222)
       [135] _assign_next_task (res://scripts/citizen_agent.gd:213)
       [136] _navigate_to (res://scripts/citizen_agent.gd:222)
       [137] _assign_next_task (res://scripts/citizen_agent.gd:213)
       [138] _navigate_to (res://scripts/citizen_agent.gd:222)
       [139] _assign_next_task (res://scripts/citizen_agent.gd:213)
       [140] _navigate_to (res://scripts/citizen_agent.gd:222)
       [141] _assign_next_task (res://scripts/citizen_agent.gd:213)
       [142] _navigate_to (res://scripts/citizen_agent.gd:222)
       [143] _assign_next_task (res://scripts/citizen_agent.gd:213)
       [144] _navigate_to (res://scripts/citizen_agent.gd:222)
       [145] _assign_next_task (res://scripts/citizen_agent.gd:213)
       [146] _navigate_to (res://scripts/citizen_agent.gd:222)
       [147] _assign_next_task (res://scripts/citizen_agent.gd:213)
       [148] _navigate_to (res://scripts/citizen_agent.gd:222)
       [149] _assign_next_task (res://scripts/citizen_agent.gd:213)
       [150] _navigate_to (res://scripts/citizen_agent.gd:222)
       [151] _assign_next_task (res://scripts/citizen_agent.gd:213)
       [152] _navigate_to (res://scripts/citizen_agent.gd:222)
       [153] _assign_next_task (res://scripts/citizen_agent.gd:213)
       [154] _navigate_to (res://scripts/citizen_agent.gd:222)
       [155] _assign_next_task (res://scripts/citizen_agent.gd:213)
       [156] _navigate_to (res://scripts/citizen_agent.gd:222)
       [157] _assign_next_task (res://scripts/citizen_agent.gd:213)
       [158] _navigate_to (res://scripts/citizen_agent.gd:222)
       [159] _assign_next_task (res://scripts/citizen_agent.gd:213)
       [160] _navigate_to (res://scripts/citizen_agent.gd:222)
       [161] _assign_next_task (res://scripts/citizen_agent.gd:213)
       [162] _navigate_to (res://scripts/citizen_agent.gd:222)
       [163] _assign_next_task (res://scripts/citizen_agent.gd:213)
       [164] _navigate_to (res://scripts/citizen_agent.gd:222)
       [165] _assign_next_task (res://scripts/citizen_agent.gd:213)
       [166] _navigate_to (res://scripts/citizen_agent.gd:222)
       [167] _assign_next_task (res://scripts/citizen_agent.gd:213)
       [168] _navigate_to (res://scripts/citizen_agent.gd:222)
       [169] _assign_next_task (res://scripts/citizen_agent.gd:213)
       [170] _navigate_to (res://scripts/citizen_agent.gd:222)
       [171] _assign_next_task (res://scripts/citizen_agent.gd:213)
       [172] _navigate_to (res://scripts/citizen_agent.gd:222)
       [173] _assign_next_task (res://scripts/citizen_agent.gd:213)
       [174] _navigate_to (res://scripts/citizen_agent.gd:222)
       [175] _assign_next_task (res://scripts/citizen_agent.gd:213)
       [176] _navigate_to (res://scripts/citizen_agent.gd:222)
       [177] _assign_next_task (res://scripts/citizen_agent.gd:213)
       [178] _navigate_to (res://scripts/citizen_agent.gd:222)
       [179] _assign_next_task (res://scripts/citizen_agent.gd:213)
       [180] _navigate_to (res://scripts/citizen_agent.gd:222)
       [181] _assign_next_task (res://scripts/citizen_agent.gd:213)
       [182] _navigate_to (res://scripts/citizen_agent.gd:222)
       [183] _assign_next_task (res://scripts/citizen_agent.gd:213)
       [184] _navigate_to (res://scripts/citizen_agent.gd:222)
       [185] _assign_next_task (res://scripts/citizen_agent.gd:213)
       [186] _navigate_to (res://scripts/citizen_agent.gd:222)
       [187] _assign_next_task (res://scripts/citizen_agent.gd:213)
       [188] _navigate_to (res://scripts/citizen_agent.gd:222)
       [189] _assign_next_task (res://scripts/citizen_agent.gd:213)
       [190] _navigate_to (res://scripts/citizen_agent.gd:222)
       [191] _assign_next_task (res://scripts/citizen_agent.gd:213)
       [192] _navigate_to (res://scripts/citizen_agent.gd:222)
       [193] _assign_next_task (res://scripts/citizen_agent.gd:213)
       [194] _navigate_to (res://scripts/citizen_agent.gd:222)
       [195] _assign_next_task (res://scripts/citizen_agent.gd:213)
       [196] _navigate_to (res://scripts/citizen_agent.gd:222)
       [197] _assign_next_task (res://scripts/citizen_agent.gd:213)
       [198] _navigate_to (res://scripts/citizen_agent.gd:222)
       [199] _assign_next_task (res://scripts/citizen_agent.gd:213)
       [200] _navigate_to (res://scripts/citizen_agent.gd:222)
       [201] _assign_next_task (res://scripts/citizen_agent.gd:213)
       [202] _navigate_to (res://scripts/citizen_agent.gd:222)
       [203] _assign_next_task (res://scripts/citizen_agent.gd:213)
       [204] _navigate_to (res://scripts/citizen_agent.gd:222)
       [205] _assign_next_task (res://scripts/citizen_agent.gd:213)
       [206] _navigate_to (res://scripts/citizen_agent.gd:222)
       [207] _assign_next_task (res://scripts/citizen_agent.gd:213)
       [208] _navigate_to (res://scripts/citizen_agent.gd:222)
       [209] _assign_next_task (res://scripts/citizen_agent.gd:213)
       [210] _navigate_to (res://scripts/citizen_agent.gd:222)
       [211] _assign_next_task (res://scripts/citizen_agent.gd:213)
       [212] _navigate_to (res://scripts/citizen_agent.gd:222)
       [213] _assign_next_task (res://scripts/citizen_agent.gd:213)
       [214] _navigate_to (res://scripts/citizen_agent.gd:222)
       [215] _assign_next_task (res://scripts/citizen_agent.gd:213)
       [216] _navigate_to (res://scripts/citizen_agent.gd:222)
       [217] _assign_next_task (res://scripts/citizen_agent.gd:213)
       [218] _navigate_to (res://scripts/citizen_agent.gd:222)
       [219] _assign_next_task (res://scripts/citizen_agent.gd:213)
       [220] _navigate_to (res://scripts/citizen_agent.gd:222)
       [221] _assign_next_task (res://scripts/citizen_agent.gd:213)
       [222] _navigate_to (res://scripts/citizen_agent.gd:222)
       [223] _assign_next_task (res://scripts/citizen_agent.gd:213)
       [224] _navigate_to (res://scripts/citizen_agent.gd:222)
       [225] _assign_next_task (res://scripts/citizen_agent.gd:213)
       [226] _navigate_to (res://scripts/citizen_agent.gd:222)
       [227] _assign_next_task (res://scripts/citizen_agent.gd:213)
       [228] _navigate_to (res://scripts/citizen_agent.gd:222)
       [229] _assign_next_task (res://scripts/citizen_agent.gd:213)
       [230] _navigate_to (res://scripts/citizen_agent.gd:222)
       [231] _assign_next_task (res://scripts/citizen_agent.gd:213)
       [232] _navigate_to (res://scripts/citizen_agent.gd:222)
       [233] _assign_next_task (res://scripts/citizen_agent.gd:213)
       [234] _navigate_to (res://scripts/citizen_agent.gd:222)
       [235] _assign_next_task (res://scripts/citizen_agent.gd:213)
       [236] _navigate_to (res://scripts/citizen_agent.gd:222)
       [237] _assign_next_task (res://scripts/citizen_agent.gd:213)
       [238] _navigate_to (res://scripts/citizen_agent.gd:222)
       [239] _assign_next_task (res://scripts/citizen_agent.gd:213)
       [240] _navigate_to (res://scripts/citizen_agent.gd:222)
       [241] _assign_next_task (res://scripts/citizen_agent.gd:213)
       [242] _navigate_to (res://scripts/citizen_agent.gd:222)
       [243] _assign_next_task (res://scripts/citizen_agent.gd:213)
       [244] _navigate_to (res://scripts/citizen_agent.gd:222)
       [245] _assign_next_task (res://scripts/citizen_agent.gd:213)
       [246] _navigate_to (res://scripts/citizen_agent.gd:222)
       [247] _assign_next_task (res://scripts/citizen_agent.gd:213)
       [248] _navigate_to (res://scripts/citizen_agent.gd:222)
       [249] _assign_next_task (res://scripts/citizen_agent.gd:213)
       [250] _navigate_to (res://scripts/citizen_agent.gd:222)
       [251] _assign_next_task (res://scripts/citizen_agent.gd:213)
       [252] _navigate_to (res://scripts/citizen_agent.gd:222)
       [253] _assign_next_task (res://scripts/citizen_agent.gd:213)
       [254] _navigate_to (res://scripts/citizen_agent.gd:222)
       [255] _assign_next_task (res://scripts/citizen_agent.gd:213)
       [256] _navigate_to (res://scripts/citizen_agent.gd:222)
       [257] _assign_next_task (res://scripts/citizen_agent.gd:213)
       [258] _navigate_to (res://scripts/citizen_agent.gd:222)
       [259] _assign_next_task (res://scripts/citizen_agent.gd:213)
       [260] _navigate_to (res://scripts/citizen_agent.gd:222)
       [261] _assign_next_task (res://scripts/citizen_agent.gd:213)
       [262] _navigate_to (res://scripts/citizen_agent.gd:222)
       [263] _assign_next_task (res://scripts/citizen_agent.gd:213)
       [264] _navigate_to (res://scripts/citizen_agent.gd:222)
       [265] _assign_next_task (res://scripts/citizen_agent.gd:213)
       [266] _navigate_to (res://scripts/citizen_agent.gd:222)
       [267] _assign_next_task (res://scripts/citizen_agent.gd:213)
       [268] _navigate_to (res://scripts/citizen_agent.gd:222)
       [269] _assign_next_task (res://scripts/citizen_agent.gd:213)
       [270] _navigate_to (res://scripts/citizen_agent.gd:222)
       [271] _assign_next_task (res://scripts/citizen_agent.gd:213)
       [272] _navigate_to (res://scripts/citizen_agent.gd:222)
       [273] _assign_next_task (res://scripts/citizen_agent.gd:213)
       [274] _navigate_to (res://scripts/citizen_agent.gd:222)
       [275] _assign_next_task (res://scripts/citizen_agent.gd:213)
       [276] _navigate_to (res://scripts/citizen_agent.gd:222)
       [277] _assign_next_task (res://scripts/citizen_agent.gd:213)
       [278] _navigate_to (res://scripts/citizen_agent.gd:222)
       [279] _assign_next_task (res://scripts/citizen_agent.gd:213)
       [280] _navigate_to (res://scripts/citizen_agent.gd:222)
       [281] _assign_next_task (res://scripts/citizen_agent.gd:213)
       [282] _navigate_to (res://scripts/citizen_agent.gd:222)
       [283] _assign_next_task (res://scripts/citizen_agent.gd:213)
       [284] _navigate_to (res://scripts/citizen_agent.gd:222)
       [285] _assign_next_task (res://scripts/citizen_agent.gd:213)
       [286] _navigate_to (res://scripts/citizen_agent.gd:222)
       [287] _assign_next_task (res://scripts/citizen_agent.gd:213)
       [288] _navigate_to (res://scripts/citizen_agent.gd:222)
       [289] _assign_next_task (res://scripts/citizen_agent.gd:213)
       [290] _navigate_to (res://scripts/citizen_agent.gd:222)
       [291] _assign_next_task (res://scripts/citizen_agent.gd:213)
       [292] _navigate_to (res://scripts/citizen_agent.gd:222)
       [293] _assign_next_task (res://scripts/citizen_agent.gd:213)
       [294] _navigate_to (res://scripts/citizen_agent.gd:222)
       [295] _assign_next_task (res://scripts/citizen_agent.gd:213)
       [296] _navigate_to (res://scripts/citizen_agent.gd:222)
       [297] _assign_next_task (res://scripts/citizen_agent.gd:213)
       [298] _navigate_to (res://scripts/citizen_agent.gd:222)
       [299] _assign_next_task (res://scripts/citizen_agent.gd:213)
       [300] _navigate_to (res://scripts/citizen_agent.gd:222)
       [301] _assign_next_task (res://scripts/citizen_agent.gd:213)
       [302] _navigate_to (res://scripts/citizen_agent.gd:222)
       [303] _assign_next_task (res://scripts/citizen_agent.gd:213)
       [304] _navigate_to (res://scripts/citizen_agent.gd:222)
       [305] _assign_next_task (res://scripts/citizen_agent.gd:213)
       [306] _navigate_to (res://scripts/citizen_agent.gd:222)
       [307] _assign_next_task (res://scripts/citizen_agent.gd:213)
       [308] _navigate_to (res://scripts/citizen_agent.gd:222)
       [309] _assign_next_task (res://scripts/citizen_agent.gd:213)
       [310] _navigate_to (res://scripts/citizen_agent.gd:222)
       [311] _assign_next_task (res://scripts/citizen_agent.gd:213)
       [312] _navigate_to (res://scripts/citizen_agent.gd:222)
       [313] _assign_next_task (res://scripts/citizen_agent.gd:213)
       [314] _navigate_to (res://scripts/citizen_agent.gd:222)
       [315] _assign_next_task (res://scripts/citizen_agent.gd:213)
       [316] _navigate_to (res://scripts/citizen_agent.gd:222)
       [317] _assign_next_task (res://scripts/citizen_agent.gd:213)
       [318] _navigate_to (res://scripts/citizen_agent.gd:222)
       [319] _assign_next_task (res://scripts/citizen_agent.gd:213)
       [320] _navigate_to (res://scripts/citizen_agent.gd:222)
       [321] _assign_next_task (res://scripts/citizen_agent.gd:213)
       [322] _navigate_to (res://scripts/citizen_agent.gd:222)
       [323] _assign_next_task (res://scripts/citizen_agent.gd:213)
       [324] _navigate_to (res://scripts/citizen_agent.gd:222)
       [325] _assign_next_task (res://scripts/citizen_agent.gd:213)
       [326] _navigate_to (res://scripts/citizen_agent.gd:222)
       [327] _assign_next_task (res://scripts/citizen_agent.gd:213)
       [328] _navigate_to (res://scripts/citizen_agent.gd:222)
       [329] _assign_next_task (res://scripts/citizen_agent.gd:213)
       [330] _navigate_to (res://scripts/citizen_agent.gd:222)
       [331] _assign_next_task (res://scripts/citizen_agent.gd:213)
       [332] _navigate_to (res://scripts/citizen_agent.gd:222)
       [333] _assign_next_task (res://scripts/citizen_agent.gd:213)
       [334] _navigate_to (res://scripts/citizen_agent.gd:222)
       [335] _assign_next_task (res://scripts/citizen_agent.gd:213)
       [336] _navigate_to (res://scripts/citizen_agent.gd:222)
       [337] _assign_next_task (res://scripts/citizen_agent.gd:213)
       [338] _navigate_to (res://scripts/citizen_agent.gd:222)
       [339] _assign_next_task (res://scripts/citizen_agent.gd:213)
       [340] _navigate_to (res://scripts/citizen_agent.gd:222)
       [341] _assign_next_task (res://scripts/citizen_agent.gd:213)
       [342] _navigate_to (res://scripts/citizen_agent.gd:222)
       [343] _assign_next_task (res://scripts/citizen_agent.gd:213)
       [344] _navigate_to (res://scripts/citizen_agent.gd:222)
       [345] _assign_next_task (res://scripts/citizen_agent.gd:213)
       [346] _navigate_to (res://scripts/citizen_agent.gd:222)
       [347] _assign_next_task (res://scripts/citizen_agent.gd:213)
       [348] _navigate_to (res://scripts/citizen_agent.gd:222)
       [349] _assign_next_task (res://scripts/citizen_agent.gd:213)
       [350] _navigate_to (res://scripts/citizen_agent.gd:222)
       [351] _assign_next_task (res://scripts/citizen_agent.gd:213)
       [352] _navigate_to (res://scripts/citizen_agent.gd:222)
       [353] _assign_next_task (res://scripts/citizen_agent.gd:213)
       [354] _navigate_to (res://scripts/citizen_agent.gd:222)
       [355] _assign_next_task (res://scripts/citizen_agent.gd:213)
       [356] _navigate_to (res://scripts/citizen_agent.gd:222)
       [357] _assign_next_task (res://scripts/citizen_agent.gd:213)
       [358] _navigate_to (res://scripts/citizen_agent.gd:222)
       [359] _assign_next_task (res://scripts/citizen_agent.gd:213)
       [360] _navigate_to (res://scripts/citizen_agent.gd:222)
       [361] _assign_next_task (res://scripts/citizen_agent.gd:213)
       [362] _navigate_to (res://scripts/citizen_agent.gd:222)
       [363] _assign_next_task (res://scripts/citizen_agent.gd:213)
       [364] _navigate_to (res://scripts/citizen_agent.gd:222)
       [365] _assign_next_task (res://scripts/citizen_agent.gd:213)
       [366] _navigate_to (res://scripts/citizen_agent.gd:222)
       [367] _assign_next_task (res://scripts/citizen_agent.gd:213)
       [368] _navigate_to (res://scripts/citizen_agent.gd:222)
       [369] _assign_next_task (res://scripts/citizen_agent.gd:213)
       [370] _navigate_to (res://scripts/citizen_agent.gd:222)
       [371] _assign_next_task (res://scripts/citizen_agent.gd:213)
       [372] _navigate_to (res://scripts/citizen_agent.gd:222)
       [373] _assign_next_task (res://scripts/citizen_agent.gd:213)
       [374] _navigate_to (res://scripts/citizen_agent.gd:222)
       [375] _assign_next_task (res://scripts/citizen_agent.gd:213)
       [376] _navigate_to (res://scripts/citizen_agent.gd:222)
       [377] _assign_next_task (res://scripts/citizen_agent.gd:213)
       [378] _navigate_to (res://scripts/citizen_agent.gd:222)
       [379] _assign_next_task (res://scripts/citizen_agent.gd:213)
       [380] _navigate_to (res://scripts/citizen_agent.gd:222)
       [381] _assign_next_task (res://scripts/citizen_agent.gd:213)
       [382] _navigate_to (res://scripts/citizen_agent.gd:222)
       [383] _assign_next_task (res://scripts/citizen_agent.gd:213)
       [384] _navigate_to (res://scripts/citizen_agent.gd:222)
       [385] _assign_next_task (res://scripts/citizen_agent.gd:213)
       [386] _navigate_to (res://scripts/citizen_agent.gd:222)
       [387] _assign_next_task (res://scripts/citizen_agent.gd:213)
       [388] _navigate_to (res://scripts/citizen_agent.gd:222)
       [389] _assign_next_task (res://scripts/citizen_agent.gd:213)
       [390] _navigate_to (res://scripts/citizen_agent.gd:222)
       [391] _assign_next_task (res://scripts/citizen_agent.gd:213)
       [392] _navigate_to (res://scripts/citizen_agent.gd:222)
       [393] _assign_next_task (res://scripts/citizen_agent.gd:213)
       [394] _navigate_to (res://scripts/citizen_agent.gd:222)
       [395] _assign_next_task (res://scripts/citizen_agent.gd:213)
       [396] _navigate_to (res://scripts/citizen_agent.gd:222)
       [397] _assign_next_task (res://scripts/citizen_agent.gd:213)
       [398] _navigate_to (res://scripts/citizen_agent.gd:222)
       [399] _assign_next_task (res://scripts/citizen_agent.gd:213)
       [400] _navigate_to (res://scripts/citizen_agent.gd:222)
       [401] _assign_next_task (res://scripts/citizen_agent.gd:213)
       [402] _navigate_to (res://scripts/citizen_agent.gd:222)
       [403] _assign_next_task (res://scripts/citizen_agent.gd:213)
       [404] _navigate_to (res://scripts/citizen_agent.gd:222)
       [405] _assign_next_task (res://scripts/citizen_agent.gd:213)
       [406] _navigate_to (res://scripts/citizen_agent.gd:222)
       [407] _assign_next_task (res://scripts/citizen_agent.gd:213)
       [408] _navigate_to (res://scripts/citizen_agent.gd:222)
       [409] _assign_next_task (res://scripts/citizen_agent.gd:213)
       [410] _navigate_to (res://scripts/citizen_agent.gd:222)
       [411] _assign_next_task (res://scripts/citizen_agent.gd:213)
       [412] _navigate_to (res://scripts/citizen_agent.gd:222)
       [413] _assign_next_task (res://scripts/citizen_agent.gd:213)
       [414] _navigate_to (res://scripts/citizen_agent.gd:222)
       [415] _assign_next_task (res://scripts/citizen_agent.gd:213)
       [416] _navigate_to (res://scripts/citizen_agent.gd:222)
       [417] _assign_next_task (res://scripts/citizen_agent.gd:213)
       [418] _navigate_to (res://scripts/citizen_agent.gd:222)
       [419] _assign_next_task (res://scripts/citizen_agent.gd:213)
       [420] _navigate_to (res://scripts/citizen_agent.gd:222)
       [421] _assign_next_task (res://scripts/citizen_agent.gd:213)
       [422] _navigate_to (res://scripts/citizen_agent.gd:222)
       [423] _assign_next_task (res://scripts/citizen_agent.gd:213)
       [424] _navigate_to (res://scripts/citizen_agent.gd:222)
       [425] _assign_next_task (res://scripts/citizen_agent.gd:213)
       [426] _navigate_to (res://scripts/citizen_agent.gd:222)
       [427] _assign_next_task (res://scripts/citizen_agent.gd:213)
       [428] _navigate_to (res://scripts/citizen_agent.gd:222)
       [429] _assign_next_task (res://scripts/citizen_agent.gd:213)
       [430] _navigate_to (res://scripts/citizen_agent.gd:222)
       [431] _assign_next_task (res://scripts/citizen_agent.gd:213)
       [432] _navigate_to (res://scripts/citizen_agent.gd:222)
       [433] _assign_next_task (res://scripts/citizen_agent.gd:213)
       [434] _navigate_to (res://scripts/citizen_agent.gd:222)
       [435] _assign_next_task (res://scripts/citizen_agent.gd:213)
       [436] _navigate_to (res://scripts/citizen_agent.gd:222)
       [437] _assign_next_task (res://scripts/citizen_agent.gd:213)
       [438] _navigate_to (res://scripts/citizen_agent.gd:222)
       [439] _assign_next_task (res://scripts/citizen_agent.gd:213)
       [440] _navigate_to (res://scripts/citizen_agent.gd:222)
       [441] _assign_next_task (res://scripts/citizen_agent.gd:213)
       [442] _navigate_to (res://scripts/citizen_agent.gd:222)
       [443] _assign_next_task (res://scripts/citizen_agent.gd:213)
       [444] _navigate_to (res://scripts/citizen_agent.gd:222)
       [445] _assign_next_task (res://scripts/citizen_agent.gd:213)
       [446] _navigate_to (res://scripts/citizen_agent.gd:222)
       [447] _assign_next_task (res://scripts/citizen_agent.gd:213)
       [448] _navigate_to (res://scripts/citizen_agent.gd:222)
       [449] _assign_next_task (res://scripts/citizen_agent.gd:213)
       [450] _navigate_to (res://scripts/citizen_agent.gd:222)
       [451] _assign_next_task (res://scripts/citizen_agent.gd:213)
       [452] _navigate_to (res://scripts/citizen_agent.gd:222)
       [453] _assign_next_task (res://scripts/citizen_agent.gd:213)
       [454] _navigate_to (res://scripts/citizen_agent.gd:222)
       [455] _assign_next_task (res://scripts/citizen_agent.gd:213)
       [456] _navigate_to (res://scripts/citizen_agent.gd:222)
       [457] _assign_next_task (res://scripts/citizen_agent.gd:213)
       [458] _navigate_to (res://scripts/citizen_agent.gd:222)
       [459] _assign_next_task (res://scripts/citizen_agent.gd:213)
       [460] _navigate_to (res://scripts/citizen_agent.gd:222)
       [461] _assign_next_task (res://scripts/citizen_agent.gd:213)
       [462] _navigate_to (res://scripts/citizen_agent.gd:222)
       [463] _assign_next_task (res://scripts/citizen_agent.gd:213)
       [464] _navigate_to (res://scripts/citizen_agent.gd:222)
       [465] _assign_next_task (res://scripts/citizen_agent.gd:213)
       [466] _navigate_to (res://scripts/citizen_agent.gd:222)
       [467] _assign_next_task (res://scripts/citizen_agent.gd:213)
       [468] _navigate_to (res://scripts/citizen_agent.gd:222)
       [469] _assign_next_task (res://scripts/citizen_agent.gd:213)
       [470] _navigate_to (res://scripts/citizen_agent.gd:222)
       [471] _assign_next_task (res://scripts/citizen_agent.gd:213)
       [472] _navigate_to (res://scripts/citizen_agent.gd:222)
       [473] _assign_next_task (res://scripts/citizen_agent.gd:213)
       [474] _navigate_to (res://scripts/citizen_agent.gd:222)
       [475] _assign_next_task (res://scripts/citizen_agent.gd:213)
       [476] _navigate_to (res://scripts/citizen_agent.gd:222)
       [477] _assign_next_task (res://scripts/citizen_agent.gd:213)
       [478] _navigate_to (res://scripts/citizen_agent.gd:222)
       [479] _assign_next_task (res://scripts/citizen_agent.gd:213)
       [480] _navigate_to (res://scripts/citizen_agent.gd:222)
       [481] _assign_next_task (res://scripts/citizen_agent.gd:213)
       [482] _navigate_to (res://scripts/citizen_agent.gd:222)
       [483] _assign_next_task (res://scripts/citizen_agent.gd:213)
       [484] _navigate_to (res://scripts/citizen_agent.gd:222)
       [485] _assign_next_task (res://scripts/citizen_agent.gd:213)
       [486] _navigate_to (res://scripts/citizen_agent.gd:222)
       [487] _assign_next_task (res://scripts/citizen_agent.gd:213)
       [488] _navigate_to (res://scripts/citizen_agent.gd:222)
       [489] _assign_next_task (res://scripts/citizen_agent.gd:213)
       [490] _navigate_to (res://scripts/citizen_agent.gd:222)
       [491] _assign_next_task (res://scripts/citizen_agent.gd:213)
       [492] _navigate_to (res://scripts/citizen_agent.gd:222)
       [493] _assign_next_task (res://scripts/citizen_agent.gd:213)
       [494] _navigate_to (res://scripts/citizen_agent.gd:222)
       [495] _assign_next_task (res://scripts/citizen_agent.gd:213)
       [496] _navigate_to (res://scripts/citizen_agent.gd:222)
       [497] _assign_next_task (res://scripts/citizen_agent.gd:213)
       [498] _navigate_to (res://scripts/citizen_agent.gd:222)
       [499] _assign_next_task (res://scripts/citizen_agent.gd:213)
       [500] _navigate_to (res://scripts/citizen_agent.gd:222)
       [501] _assign_next_task (res://scripts/citizen_agent.gd:213)
       [502] _navigate_to (res://scripts/citizen_agent.gd:222)
       [503] _assign_next_task (res://scripts/citizen_agent.gd:213)
       [504] _navigate_to (res://scripts/citizen_agent.gd:222)
       [505] _assign_next_task (res://scripts/citizen_agent.gd:213)
       [506] _navigate_to (res://scripts/citizen_agent.gd:222)
       [507] _assign_next_task (res://scripts/citizen_agent.gd:213)
       [508] _navigate_to (res://scripts/citizen_agent.gd:222)
       [509] _assign_next_task (res://scripts/citizen_agent.gd:213)
       [510] _navigate_to (res://scripts/citizen_agent.gd:222)
       [511] _assign_next_task (res://scripts/citizen_agent.gd:213)
       [512] _navigate_to (res://scripts/citizen_agent.gd:222)
       [513] _assign_next_task (res://scripts/citizen_agent.gd:213)
       [514] _navigate_to (res://scripts/citizen_agent.gd:222)
       [515] _assign_next_task (res://scripts/citizen_agent.gd:213)
       [516] _navigate_to (res://scripts/citizen_agent.gd:222)
       [517] _assign_next_task (res://scripts/citizen_agent.gd:213)
       [518] _navigate_to (res://scripts/citizen_agent.gd:222)
       [519] _assign_next_task (res://scripts/citizen_agent.gd:213)
       [520] _navigate_to (res://scripts/citizen_agent.gd:222)
       [521] _assign_next_task (res://scripts/citizen_agent.gd:213)
       [522] _navigate_to (res://scripts/citizen_agent.gd:222)
       [523] _assign_next_task (res://scripts/citizen_agent.gd:213)
       [524] _navigate_to (res://scripts/citizen_agent.gd:222)
       [525] _assign_next_task (res://scripts/citizen_agent.gd:213)
       [526] _navigate_to (res://scripts/citizen_agent.gd:222)
       [527] _assign_next_task (res://scripts/citizen_agent.gd:213)
       [528] _navigate_to (res://scripts/citizen_agent.gd:222)
       [529] _assign_next_task (res://scripts/citizen_agent.gd:213)
       [530] _navigate_to (res://scripts/citizen_agent.gd:222)
       [531] _assign_next_task (res://scripts/citizen_agent.gd:213)
       [532] _navigate_to (res://scripts/citizen_agent.gd:222)
       [533] _assign_next_task (res://scripts/citizen_agent.gd:213)
       [534] _navigate_to (res://scripts/citizen_agent.gd:222)
       [535] _assign_next_task (res://scripts/citizen_agent.gd:213)
       [536] _navigate_to (res://scripts/citizen_agent.gd:222)
       [537] _assign_next_task (res://scripts/citizen_agent.gd:213)
       [538] _navigate_to (res://scripts/citizen_agent.gd:222)
       [539] _assign_next_task (res://scripts/citizen_agent.gd:213)
       [540] _navigate_to (res://scripts/citizen_agent.gd:222)
       [541] _assign_next_task (res://scripts/citizen_agent.gd:213)
       [542] _navigate_to (res://scripts/citizen_agent.gd:222)
       [543] _assign_next_task (res://scripts/citizen_agent.gd:213)
       [544] _navigate_to (res://scripts/citizen_agent.gd:222)
       [545] _assign_next_task (res://scripts/citizen_agent.gd:213)
       [546] _navigate_to (res://scripts/citizen_agent.gd:222)
       [547] _assign_next_task (res://scripts/citizen_agent.gd:213)
       [548] _navigate_to (res://scripts/citizen_agent.gd:222)
       [549] _assign_next_task (res://scripts/citizen_agent.gd:213)
       [550] _navigate_to (res://scripts/citizen_agent.gd:222)
       [551] _assign_next_task (res://scripts/citizen_agent.gd:213)
       [552] _navigate_to (res://scripts/citizen_agent.gd:222)
       [553] _assign_next_task (res://scripts/citizen_agent.gd:213)
       [554] _navigate_to (res://scripts/citizen_agent.gd:222)
       [555] _assign_next_task (res://scripts/citizen_agent.gd:213)
       [556] _navigate_to (res://scripts/citizen_agent.gd:222)
       [557] _assign_next_task (res://scripts/citizen_agent.gd:213)
       [558] _navigate_to (res://scripts/citizen_agent.gd:222)
       [559] _assign_next_task (res://scripts/citizen_agent.gd:213)
       [560] _navigate_to (res://scripts/citizen_agent.gd:222)
       [561] _assign_next_task (res://scripts/citizen_agent.gd:213)
       [562] _navigate_to (res://scripts/citizen_agent.gd:222)
       [563] _assign_next_task (res://scripts/citizen_agent.gd:213)
       [564] _navigate_to (res://scripts/citizen_agent.gd:222)
       [565] _assign_next_task (res://scripts/citizen_agent.gd:213)
       [566] _navigate_to (res://scripts/citizen_agent.gd:222)
       [567] _assign_next_task (res://scripts/citizen_agent.gd:213)
       [568] _navigate_to (res://scripts/citizen_agent.gd:222)
       [569] _assign_next_task (res://scripts/citizen_agent.gd:213)
       [570] _navigate_to (res://scripts/citizen_agent.gd:222)
       [571] _assign_next_task (res://scripts/citizen_agent.gd:213)
       [572] _navigate_to (res://scripts/citizen_agent.gd:222)
       [573] _assign_next_task (res://scripts/citizen_agent.gd:213)
       [574] _navigate_to (res://scripts/citizen_agent.gd:222)
       [575] _assign_next_task (res://scripts/citizen_agent.gd:213)
       [576] _navigate_to (res://scripts/citizen_agent.gd:222)
       [577] _assign_next_task (res://scripts/citizen_agent.gd:213)
       [578] _navigate_to (res://scripts/citizen_agent.gd:222)
       [579] _assign_next_task (res://scripts/citizen_agent.gd:213)
       [580] _navigate_to (res://scripts/citizen_agent.gd:222)
       [581] _assign_next_task (res://scripts/citizen_agent.gd:213)
       [582] _navigate_to (res://scripts/citizen_agent.gd:222)
       [583] _assign_next_task (res://scripts/citizen_agent.gd:213)
       [584] _navigate_to (res://scripts/citizen_agent.gd:222)
       [585] _assign_next_task (res://scripts/citizen_agent.gd:213)
       [586] _navigate_to (res://scripts/citizen_agent.gd:222)
       [587] _assign_next_task (res://scripts/citizen_agent.gd:213)
       [588] _navigate_to (res://scripts/citizen_agent.gd:222)
       [589] _assign_next_task (res://scripts/citizen_agent.gd:213)
       [590] _navigate_to (res://scripts/citizen_agent.gd:222)
       [591] _assign_next_task (res://scripts/citizen_agent.gd:213)
       [592] _navigate_to (res://scripts/citizen_agent.gd:222)
       [593] _assign_next_task (res://scripts/citizen_agent.gd:213)
       [594] _navigate_to (res://scripts/citizen_agent.gd:222)
       [595] _assign_next_task (res://scripts/citizen_agent.gd:213)
       [596] _navigate_to (res://scripts/citizen_agent.gd:222)
       [597] _assign_next_task (res://scripts/citizen_agent.gd:213)
       [598] _navigate_to (res://scripts/citizen_agent.gd:222)
       [599] _assign_next_task (res://scripts/citizen_agent.gd:213)
       [600] _navigate_to (res://scripts/citizen_agent.gd:222)
       [601] _assign_next_task (res://scripts/citizen_agent.gd:213)
       [602] _navigate_to (res://scripts/citizen_agent.gd:222)
       [603] _assign_next_task (res://scripts/citizen_agent.gd:213)
       [604] _navigate_to (res://scripts/citizen_agent.gd:222)
       [605] _assign_next_task (res://scripts/citizen_agent.gd:213)
       [606] _navigate_to (res://scripts/citizen_agent.gd:222)
       [607] _assign_next_task (res://scripts/citizen_agent.gd:213)
       [608] _navigate_to (res://scripts/citizen_agent.gd:222)
       [609] _assign_next_task (res://scripts/citizen_agent.gd:213)
       [610] _navigate_to (res://scripts/citizen_agent.gd:222)
       [611] _assign_next_task (res://scripts/citizen_agent.gd:213)
       [612] _navigate_to (res://scripts/citizen_agent.gd:222)
       [613] _assign_next_task (res://scripts/citizen_agent.gd:213)
       [614] _navigate_to (res://scripts/citizen_agent.gd:222)
       [615] _assign_next_task (res://scripts/citizen_agent.gd:213)
       [616] _navigate_to (res://scripts/citizen_agent.gd:222)
       [617] _assign_next_task (res://scripts/citizen_agent.gd:213)
       [618] _navigate_to (res://scripts/citizen_agent.gd:222)
       [619] _assign_next_task (res://scripts/citizen_agent.gd:213)
       [620] _navigate_to (res://scripts/citizen_agent.gd:222)
       [621] _assign_next_task (res://scripts/citizen_agent.gd:213)
       [622] _navigate_to (res://scripts/citizen_agent.gd:222)
       [623] _assign_next_task (res://scripts/citizen_agent.gd:213)
       [624] _navigate_to (res://scripts/citizen_agent.gd:222)
       [625] _assign_next_task (res://scripts/citizen_agent.gd:213)
       [626] _navigate_to (res://scripts/citizen_agent.gd:222)
       [627] _assign_next_task (res://scripts/citizen_agent.gd:213)
       [628] _navigate_to (res://scripts/citizen_agent.gd:222)
       [629] _assign_next_task (res://scripts/citizen_agent.gd:213)
       [630] _navigate_to (res://scripts/citizen_agent.gd:222)
       [631] _assign_next_task (res://scripts/citizen_agent.gd:213)
       [632] _navigate_to (res://scripts/citizen_agent.gd:222)
       [633] _assign_next_task (res://scripts/citizen_agent.gd:213)
       [634] _navigate_to (res://scripts/citizen_agent.gd:222)
       [635] _assign_next_task (res://scripts/citizen_agent.gd:213)
       [636] _navigate_to (res://scripts/citizen_agent.gd:222)
       [637] _assign_next_task (res://scripts/citizen_agent.gd:213)
       [638] _navigate_to (res://scripts/citizen_agent.gd:222)
       [639] _assign_next_task (res://scripts/citizen_agent.gd:213)
       [640] _navigate_to (res://scripts/citizen_agent.gd:222)
       [641] _assign_next_task (res://scripts/citizen_agent.gd:213)
       [642] _navigate_to (res://scripts/citizen_agent.gd:222)
       [643] _assign_next_task (res://scripts/citizen_agent.gd:213)
       [644] _navigate_to (res://scripts/citizen_agent.gd:222)
       [645] _assign_next_task (res://scripts/citizen_agent.gd:213)
       [646] _navigate_to (res://scripts/citizen_agent.gd:222)
       [647] _assign_next_task (res://scripts/citizen_agent.gd:213)
       [648] _navigate_to (res://scripts/citizen_agent.gd:222)
       [649] _assign_next_task (res://scripts/citizen_agent.gd:213)
       [650] _navigate_to (res://scripts/citizen_agent.gd:222)
       [651] _assign_next_task (res://scripts/citizen_agent.gd:213)
       [652] _navigate_to (res://scripts/citizen_agent.gd:222)
       [653] _assign_next_task (res://scripts/citizen_agent.gd:213)
       [654] _navigate_to (res://scripts/citizen_agent.gd:222)
       [655] _assign_next_task (res://scripts/citizen_agent.gd:213)
       [656] _navigate_to (res://scripts/citizen_agent.gd:222)
       [657] _assign_next_task (res://scripts/citizen_agent.gd:213)
       [658] _navigate_to (res://scripts/citizen_agent.gd:222)
       [659] _assign_next_task (res://scripts/citizen_agent.gd:213)
       [660] _navigate_to (res://scripts/citizen_agent.gd:222)
       [661] _assign_next_task (res://scripts/citizen_agent.gd:213)
       [662] _navigate_to (res://scripts/citizen_agent.gd:222)
       [663] _assign_next_task (res://scripts/citizen_agent.gd:213)
       [664] _navigate_to (res://scripts/citizen_agent.gd:222)
       [665] _assign_next_task (res://scripts/citizen_agent.gd:213)
       [666] _navigate_to (res://scripts/citizen_agent.gd:222)
       [667] _assign_next_task (res://scripts/citizen_agent.gd:213)
       [668] _navigate_to (res://scripts/citizen_agent.gd:222)
       [669] _assign_next_task (res://scripts/citizen_agent.gd:213)
       [670] _navigate_to (res://scripts/citizen_agent.gd:222)
       [671] _assign_next_task (res://scripts/citizen_agent.gd:213)
       [672] _navigate_to (res://scripts/citizen_agent.gd:222)
       [673] _assign_next_task (res://scripts/citizen_agent.gd:213)
       [674] _navigate_to (res://scripts/citizen_agent.gd:222)
       [675] _assign_next_task (res://scripts/citizen_agent.gd:213)
       [676] _navigate_to (res://scripts/citizen_agent.gd:222)
       [677] _assign_next_task (res://scripts/citizen_agent.gd:213)
       [678] _navigate_to (res://scripts/citizen_agent.gd:222)
       [679] _assign_next_task (res://scripts/citizen_agent.gd:213)
       [680] _navigate_to (res://scripts/citizen_agent.gd:222)
       [681] _assign_next_task (res://scripts/citizen_agent.gd:213)
       [682] _navigate_to (res://scripts/citizen_agent.gd:222)
       [683] _assign_next_task (res://scripts/citizen_agent.gd:213)
       [684] _navigate_to (res://scripts/citizen_agent.gd:222)
       [685] _assign_next_task (res://scripts/citizen_agent.gd:213)
       [686] _navigate_to (res://scripts/citizen_agent.gd:222)
       [687] _assign_next_task (res://scripts/citizen_agent.gd:213)
       [688] _navigate_to (res://scripts/citizen_agent.gd:222)
       [689] _assign_next_task (res://scripts/citizen_agent.gd:213)
       [690] _navigate_to (res://scripts/citizen_agent.gd:222)
       [691] _assign_next_task (res://scripts/citizen_agent.gd:213)
       [692] _navigate_to (res://scripts/citizen_agent.gd:222)
       [693] _assign_next_task (res://scripts/citizen_agent.gd:213)
       [694] _navigate_to (res://scripts/citizen_agent.gd:222)
       [695] _assign_next_task (res://scripts/citizen_agent.gd:213)
       [696] _navigate_to (res://scripts/citizen_agent.gd:222)
       [697] _assign_next_task (res://scripts/citizen_agent.gd:213)
       [698] _navigate_to (res://scripts/citizen_agent.gd:222)
       [699] _assign_next_task (res://scripts/citizen_agent.gd:213)
       [700] _navigate_to (res://scripts/citizen_agent.gd:222)
       [701] _assign_next_task (res://scripts/citizen_agent.gd:213)
       [702] _navigate_to (res://scripts/citizen_agent.gd:222)
       [703] _assign_next_task (res://scripts/citizen_agent.gd:213)
       [704] _navigate_to (res://scripts/citizen_agent.gd:222)
       [705] _assign_next_task (res://scripts/citizen_agent.gd:213)
       [706] _navigate_to (res://scripts/citizen_agent.gd:222)
       [707] _assign_next_task (res://scripts/citizen_agent.gd:213)
       [708] _navigate_to (res://scripts/citizen_agent.gd:222)
       [709] _assign_next_task (res://scripts/citizen_agent.gd:213)
       [710] _navigate_to (res://scripts/citizen_agent.gd:222)
       [711] _assign_next_task (res://scripts/citizen_agent.gd:213)
       [712] _navigate_to (res://scripts/citizen_agent.gd:222)
       [713] _assign_next_task (res://scripts/citizen_agent.gd:213)
       [714] _navigate_to (res://scripts/citizen_agent.gd:222)
       [715] _assign_next_task (res://scripts/citizen_agent.gd:213)
       [716] _navigate_to (res://scripts/citizen_agent.gd:222)
       [717] _assign_next_task (res://scripts/citizen_agent.gd:213)
       [718] _navigate_to (res://scripts/citizen_agent.gd:222)
       [719] _assign_next_task (res://scripts/citizen_agent.gd:213)
       [720] _navigate_to (res://scripts/citizen_agent.gd:222)
       [721] _assign_next_task (res://scripts/citizen_agent.gd:213)
       [722] _navigate_to (res://scripts/citizen_agent.gd:222)
       [723] _assign_next_task (res://scripts/citizen_agent.gd:213)
       [724] _navigate_to (res://scripts/citizen_agent.gd:222)
       [725] _assign_next_task (res://scripts/citizen_agent.gd:213)
       [726] _navigate_to (res://scripts/citizen_agent.gd:222)
       [727] _assign_next_task (res://scripts/citizen_agent.gd:213)
       [728] _navigate_to (res://scripts/citizen_agent.gd:222)
       [729] _assign_next_task (res://scripts/citizen_agent.gd:213)
       [730] _navigate_to (res://scripts/citizen_agent.gd:222)
       [731] _assign_next_task (res://scripts/citizen_agent.gd:213)
       [732] _navigate_to (res://scripts/citizen_agent.gd:222)
       [733] _assign_next_task (res://scripts/citizen_agent.gd:213)
       [734] _navigate_to (res://scripts/citizen_agent.gd:222)
       [735] _assign_next_task (res://scripts/citizen_agent.gd:213)
       [736] _navigate_to (res://scripts/citizen_agent.gd:222)
       [737] _assign_next_task (res://scripts/citizen_agent.gd:213)
       [738] _navigate_to (res://scripts/citizen_agent.gd:222)
       [739] _assign_next_task (res://scripts/citizen_agent.gd:213)
       [740] _navigate_to (res://scripts/citizen_agent.gd:222)
       [741] _assign_next_task (res://scripts/citizen_agent.gd:213)
       [742] _navigate_to (res://scripts/citizen_agent.gd:222)
       [743] _assign_next_task (res://scripts/citizen_agent.gd:213)
       [744] _navigate_to (res://scripts/citizen_agent.gd:222)
       [745] _assign_next_task (res://scripts/citizen_agent.gd:213)
       [746] _navigate_to (res://scripts/citizen_agent.gd:222)
       [747] _assign_next_task (res://scripts/citizen_agent.gd:213)
       [748] _navigate_to (res://scripts/citizen_agent.gd:222)
       [749] _assign_next_task (res://scripts/citizen_agent.gd:213)
       [750] _navigate_to (res://scripts/citizen_agent.gd:222)
       [751] _assign_next_task (res://scripts/citizen_agent.gd:213)
       [752] _navigate_to (res://scripts/citizen_agent.gd:222)
       [753] _assign_next_task (res://scripts/citizen_agent.gd:213)
       [754] _navigate_to (res://scripts/citizen_agent.gd:222)
       [755] _assign_next_task (res://scripts/citizen_agent.gd:213)
       [756] _navigate_to (res://scripts/citizen_agent.gd:222)
       [757] _assign_next_task (res://scripts/citizen_agent.gd:213)
       [758] _navigate_to (res://scripts/citizen_agent.gd:222)
       [759] _assign_next_task (res://scripts/citizen_agent.gd:213)
       [760] _navigate_to (res://scripts/citizen_agent.gd:222)
       [761] _assign_next_task (res://scripts/citizen_agent.gd:213)
       [762] _navigate_to (res://scripts/citizen_agent.gd:222)
       [763] _assign_next_task (res://scripts/citizen_agent.gd:213)
       [764] _navigate_to (res://scripts/citizen_agent.gd:222)
       [765] _assign_next_task (res://scripts/citizen_agent.gd:213)
       [766] _navigate_to (res://scripts/citizen_agent.gd:222)
       [767] _assign_next_task (res://scripts/citizen_agent.gd:213)
       [768] _navigate_to (res://scripts/citizen_agent.gd:222)
       [769] _assign_next_task (res://scripts/citizen_agent.gd:213)
       [770] _navigate_to (res://scripts/citizen_agent.gd:222)
       [771] _assign_next_task (res://scripts/citizen_agent.gd:213)
       [772] _navigate_to (res://scripts/citizen_agent.gd:222)
       [773] _assign_next_task (res://scripts/citizen_agent.gd:213)
       [774] _navigate_to (res://scripts/citizen_agent.gd:222)
       [775] _assign_next_task (res://scripts/citizen_agent.gd:213)
       [776] _navigate_to (res://scripts/citizen_agent.gd:222)
       [777] _assign_next_task (res://scripts/citizen_agent.gd:213)
       [778] _navigate_to (res://scripts/citizen_agent.gd:222)
       [779] _assign_next_task (res://scripts/citizen_agent.gd:213)
       [780] _navigate_to (res://scripts/citizen_agent.gd:222)
       [781] _assign_next_task (res://scripts/citizen_agent.gd:213)
       [782] _navigate_to (res://scripts/citizen_agent.gd:222)
       [783] _assign_next_task (res://scripts/citizen_agent.gd:213)
       [784] _navigate_to (res://scripts/citizen_agent.gd:222)
       [785] _assign_next_task (res://scripts/citizen_agent.gd:213)
       [786] _navigate_to (res://scripts/citizen_agent.gd:222)
       [787] _assign_next_task (res://scripts/citizen_agent.gd:213)
       [788] _navigate_to (res://scripts/citizen_agent.gd:222)
       [789] _assign_next_task (res://scripts/citizen_agent.gd:213)
       [790] _navigate_to (res://scripts/citizen_agent.gd:222)
       [791] _assign_next_task (res://scripts/citizen_agent.gd:213)
       [792] _navigate_to (res://scripts/citizen_agent.gd:222)
       [793] _assign_next_task (res://scripts/citizen_agent.gd:213)
       [794] _navigate_to (res://scripts/citizen_agent.gd:222)
       [795] _assign_next_task (res://scripts/citizen_agent.gd:213)
       [796] _navigate_to (res://scripts/citizen_agent.gd:222)
       [797] _assign_next_task (res://scripts/citizen_agent.gd:213)
       [798] _navigate_to (res://scripts/citizen_agent.gd:222)
       [799] _assign_next_task (res://scripts/citizen_agent.gd:213)
       [800] _navigate_to (res://scripts/citizen_agent.gd:222)
       [801] _assign_next_task (res://scripts/citizen_agent.gd:213)
       [802] _navigate_to (res://scripts/citizen_agent.gd:222)
       [803] _assign_next_task (res://scripts/citizen_agent.gd:213)
       [804] _navigate_to (res://scripts/citizen_agent.gd:222)
       [805] _assign_next_task (res://scripts/citizen_agent.gd:213)
       [806] _navigate_to (res://scripts/citizen_agent.gd:222)
       [807] _assign_next_task (res://scripts/citizen_agent.gd:213)
       [808] _navigate_to (res://scripts/citizen_agent.gd:222)
       [809] _assign_next_task (res://scripts/citizen_agent.gd:213)
       [810] _navigate_to (res://scripts/citizen_agent.gd:222)
       [811] _assign_next_task (res://scripts/citizen_agent.gd:213)
       [812] _navigate_to (res://scripts/citizen_agent.gd:222)
       [813] _assign_next_task (res://scripts/citizen_agent.gd:213)
       [814] _navigate_to (res://scripts/citizen_agent.gd:222)
       [815] _assign_next_task (res://scripts/citizen_agent.gd:213)
       [816] _navigate_to (res://scripts/citizen_agent.gd:222)
       [817] _assign_next_task (res://scripts/citizen_agent.gd:213)
       [818] _navigate_to (res://scripts/citizen_agent.gd:222)
       [819] _assign_next_task (res://scripts/citizen_agent.gd:213)
       [820] _navigate_to (res://scripts/citizen_agent.gd:222)
       [821] _assign_next_task (res://scripts/citizen_agent.gd:213)
       [822] _navigate_to (res://scripts/citizen_agent.gd:222)
       [823] _assign_next_task (res://scripts/citizen_agent.gd:213)
       [824] _navigate_to (res://scripts/citizen_agent.gd:222)
       [825] _assign_next_task (res://scripts/citizen_agent.gd:213)
       [826] _navigate_to (res://scripts/citizen_agent.gd:222)
       [827] _assign_next_task (res://scripts/citizen_agent.gd:213)
       [828] _navigate_to (res://scripts/citizen_agent.gd:222)
       [829] _assign_next_task (res://scripts/citizen_agent.gd:213)
       [830] _navigate_to (res://scripts/citizen_agent.gd:222)
       [831] _assign_next_task (res://scripts/citizen_agent.gd:213)
       [832] _navigate_to (res://scripts/citizen_agent.gd:222)
       [833] _assign_next_task (res://scripts/citizen_agent.gd:213)
       [834] _navigate_to (res://scripts/citizen_agent.gd:222)
       [835] _assign_next_task (res://scripts/citizen_agent.gd:213)
       [836] _navigate_to (res://scripts/citizen_agent.gd:222)
       [837] _assign_next_task (res://scripts/citizen_agent.gd:213)
       [838] _navigate_to (res://scripts/citizen_agent.gd:222)
       [839] _assign_next_task (res://scripts/citizen_agent.gd:213)
       [840] _navigate_to (res://scripts/citizen_agent.gd:222)
       [841] _assign_next_task (res://scripts/citizen_agent.gd:213)
       [842] _navigate_to (res://scripts/citizen_agent.gd:222)
       [843] _assign_next_task (res://scripts/citizen_agent.gd:213)
       [844] _navigate_to (res://scripts/citizen_agent.gd:222)
       [845] _assign_next_task (res://scripts/citizen_agent.gd:213)
       [846] _navigate_to (res://scripts/citizen_agent.gd:222)
       [847] _assign_next_task (res://scripts/citizen_agent.gd:213)
       [848] _navigate_to (res://scripts/citizen_agent.gd:222)
       [849] _assign_next_task (res://scripts/citizen_agent.gd:213)
       [850] _navigate_to (res://scripts/citizen_agent.gd:222)
       [851] _assign_next_task (res://scripts/citizen_agent.gd:213)
       [852] _navigate_to (res://scripts/citizen_agent.gd:222)
       [853] _assign_next_task (res://scripts/citizen_agent.gd:213)
       [854] _navigate_to (res://scripts/citizen_agent.gd:222)
       [855] _assign_next_task (res://scripts/citizen_agent.gd:213)
       [856] _navigate_to (res://scripts/citizen_agent.gd:222)
       [857] _assign_next_task (res://scripts/citizen_agent.gd:213)
       [858] _navigate_to (res://scripts/citizen_agent.gd:222)
       [859] _assign_next_task (res://scripts/citizen_agent.gd:213)
       [860] _navigate_to (res://scripts/citizen_agent.gd:222)
       [861] _assign_next_task (res://scripts/citizen_agent.gd:213)
       [862] _navigate_to (res://scripts/citizen_agent.gd:222)
       [863] _assign_next_task (res://scripts/citizen_agent.gd:213)
       [864] _navigate_to (res://scripts/citizen_agent.gd:222)
       [865] _assign_next_task (res://scripts/citizen_agent.gd:213)
       [866] _navigate_to (res://scripts/citizen_agent.gd:222)
       [867] _assign_next_task (res://scripts/citizen_agent.gd:213)
       [868] _navigate_to (res://scripts/citizen_agent.gd:222)
       [869] _assign_next_task (res://scripts/citizen_agent.gd:213)
       [870] _navigate_to (res://scripts/citizen_agent.gd:222)
       [871] _assign_next_task (res://scripts/citizen_agent.gd:213)
       [872] _navigate_to (res://scripts/citizen_agent.gd:222)
       [873] _assign_next_task (res://scripts/citizen_agent.gd:213)
       [874] _navigate_to (res://scripts/citizen_agent.gd:222)
       [875] _assign_next_task (res://scripts/citizen_agent.gd:213)
       [876] _navigate_to (res://scripts/citizen_agent.gd:222)
       [877] _assign_next_task (res://scripts/citizen_agent.gd:213)
       [878] _navigate_to (res://scripts/citizen_agent.gd:222)
       [879] _assign_next_task (res://scripts/citizen_agent.gd:213)
       [880] _navigate_to (res://scripts/citizen_agent.gd:222)
       [881] _assign_next_task (res://scripts/citizen_agent.gd:213)
       [882] _navigate_to (res://scripts/citizen_agent.gd:222)
       [883] _assign_next_task (res://scripts/citizen_agent.gd:213)
       [884] _navigate_to (res://scripts/citizen_agent.gd:222)
       [885] _assign_next_task (res://scripts/citizen_agent.gd:213)
       [886] _navigate_to (res://scripts/citizen_agent.gd:222)
       [887] _assign_next_task (res://scripts/citizen_agent.gd:213)
       [888] _navigate_to (res://scripts/citizen_agent.gd:222)
       [889] _assign_next_task (res://scripts/citizen_agent.gd:213)
       [890] _navigate_to (res://scripts/citizen_agent.gd:222)
       [891] _assign_next_task (res://scripts/citizen_agent.gd:213)
       [892] _navigate_to (res://scripts/citizen_agent.gd:222)
       [893] _assign_next_task (res://scripts/citizen_agent.gd:213)
       [894] _navigate_to (res://scripts/citizen_agent.gd:222)
       [895] _assign_next_task (res://scripts/citizen_agent.gd:213)
       [896] _navigate_to (res://scripts/citizen_agent.gd:222)
       [897] _assign_next_task (res://scripts/citizen_agent.gd:213)
       [898] _navigate_to (res://scripts/citizen_agent.gd:222)
       [899] _assign_next_task (res://scripts/citizen_agent.gd:213)
       [900] _navigate_to (res://scripts/citizen_agent.gd:222)
       [901] _assign_next_task (res://scripts/citizen_agent.gd:213)
       [902] _navigate_to (res://scripts/citizen_agent.gd:222)
       [903] _assign_next_task (res://scripts/citizen_agent.gd:213)
       [904] _navigate_to (res://scripts/citizen_agent.gd:222)
       [905] _assign_next_task (res://scripts/citizen_agent.gd:213)
       [906] _navigate_to (res://scripts/citizen_agent.gd:222)
       [907] _assign_next_task (res://scripts/citizen_agent.gd:213)
       [908] _navigate_to (res://scripts/citizen_agent.gd:222)
       [909] _assign_next_task (res://scripts/citizen_agent.gd:213)
       [910] _navigate_to (res://scripts/citizen_agent.gd:222)
       [911] _assign_next_task (res://scripts/citizen_agent.gd:213)
       [912] _navigate_to (res://scripts/citizen_agent.gd:222)
       [913] _assign_next_task (res://scripts/citizen_agent.gd:213)
       [914] _navigate_to (res://scripts/citizen_agent.gd:222)
       [915] _assign_next_task (res://scripts/citizen_agent.gd:213)
       [916] _navigate_to (res://scripts/citizen_agent.gd:222)
       [917] _assign_next_task (res://scripts/citizen_agent.gd:213)
       [918] _navigate_to (res://scripts/citizen_agent.gd:222)
       [919] _assign_next_task (res://scripts/citizen_agent.gd:213)
       [920] _navigate_to (res://scripts/citizen_agent.gd:222)
       [921] _assign_next_task (res://scripts/citizen_agent.gd:213)
       [922] _navigate_to (res://scripts/citizen_agent.gd:222)
       [923] _assign_next_task (res://scripts/citizen_agent.gd:213)
       [924] _navigate_to (res://scripts/citizen_agent.gd:222)
       [925] _assign_next_task (res://scripts/citizen_agent.gd:213)
       [926] _navigate_to (res://scripts/citizen_agent.gd:222)
       [927] _assign_next_task (res://scripts/citizen_agent.gd:213)
       [928] _navigate_to (res://scripts/citizen_agent.gd:222)
       [929] _assign_next_task (res://scripts/citizen_agent.gd:213)
       [930] _navigate_to (res://scripts/citizen_agent.gd:222)
       [931] _assign_next_task (res://scripts/citizen_agent.gd:213)
       [932] _navigate_to (res://scripts/citizen_agent.gd:222)
       [933] _assign_next_task (res://scripts/citizen_agent.gd:213)
       [934] _navigate_to (res://scripts/citizen_agent.gd:222)
       [935] _assign_next_task (res://scripts/citizen_agent.gd:213)
       [936] _navigate_to (res://scripts/citizen_agent.gd:222)
       [937] _assign_next_task (res://scripts/citizen_agent.gd:213)
       [938] _navigate_to (res://scripts/citizen_agent.gd:222)
       [939] _assign_next_task (res://scripts/citizen_agent.gd:213)
       [940] _navigate_to (res://scripts/citizen_agent.gd:222)
       [941] _assign_next_task (res://scripts/citizen_agent.gd:213)
       [942] _navigate_to (res://scripts/citizen_agent.gd:222)
       [943] _assign_next_task (res://scripts/citizen_agent.gd:213)
       [944] _navigate_to (res://scripts/citizen_agent.gd:222)
       [945] _assign_next_task (res://scripts/citizen_agent.gd:213)
       [946] _navigate_to (res://scripts/citizen_agent.gd:222)
       [947] _assign_next_task (res://scripts/citizen_agent.gd:213)
       [948] _navigate_to (res://scripts/citizen_agent.gd:222)
       [949] _assign_next_task (res://scripts/citizen_agent.gd:213)
       [950] _navigate_to (res://scripts/citizen_agent.gd:222)
       [951] _assign_next_task (res://scripts/citizen_agent.gd:213)
       [952] _navigate_to (res://scripts/citizen_agent.gd:222)
       [953] _assign_next_task (res://scripts/citizen_agent.gd:213)
       [954] _navigate_to (res://scripts/citizen_agent.gd:222)
       [955] _assign_next_task (res://scripts/citizen_agent.gd:213)
       [956] _navigate_to (res://scripts/citizen_agent.gd:222)
       [957] _assign_next_task (res://scripts/citizen_agent.gd:213)
       [958] _navigate_to (res://scripts/citizen_agent.gd:222)
       [959] _assign_next_task (res://scripts/citizen_agent.gd:213)
       [960] _navigate_to (res://scripts/citizen_agent.gd:222)
       [961] _assign_next_task (res://scripts/citizen_agent.gd:213)
       [962] _navigate_to (res://scripts/citizen_agent.gd:222)
       [963] _assign_next_task (res://scripts/citizen_agent.gd:213)
       [964] _navigate_to (res://scripts/citizen_agent.gd:222)
       [965] _assign_next_task (res://scripts/citizen_agent.gd:213)
       [966] _navigate_to (res://scripts/citizen_agent.gd:222)
       [967] _assign_next_task (res://scripts/citizen_agent.gd:213)
       [968] _navigate_to (res://scripts/citizen_agent.gd:222)
       [969] _assign_next_task (res://scripts/citizen_agent.gd:213)
       [970] _navigate_to (res://scripts/citizen_agent.gd:222)
       [971] _assign_next_task (res://scripts/citizen_agent.gd:213)
       [972] _navigate_to (res://scripts/citizen_agent.gd:222)
       [973] _assign_next_task (res://scripts/citizen_agent.gd:213)
       [974] _navigate_to (res://scripts/citizen_agent.gd:222)
       [975] _assign_next_task (res://scripts/citizen_agent.gd:213)
       [976] _navigate_to (res://scripts/citizen_agent.gd:222)
       [977] _assign_next_task (res://scripts/citizen_agent.gd:213)
       [978] _navigate_to (res://scripts/citizen_agent.gd:222)
       [979] _assign_next_task (res://scripts/citizen_agent.gd:213)
       [980] _navigate_to (res://scripts/citizen_agent.gd:222)
       [981] _assign_next_task (res://scripts/citizen_agent.gd:213)
       [982] _navigate_to (res://scripts/citizen_agent.gd:222)
       [983] _assign_next_task (res://scripts/citizen_agent.gd:213)
       [984] _navigate_to (res://scripts/citizen_agent.gd:222)
       [985] _assign_next_task (res://scripts/citizen_agent.gd:213)
       [986] _navigate_to (res://scripts/citizen_agent.gd:222)
       [987] _assign_next_task (res://scripts/citizen_agent.gd:213)
       [988] _navigate_to (res://scripts/citizen_agent.gd:222)
       [989] _assign_next_task (res://scripts/citizen_agent.gd:213)
       [990] _navigate_to (res://scripts/citizen_agent.gd:222)
       [991] _assign_next_task (res://scripts/citizen_agent.gd:213)
       [992] _navigate_to (res://scripts/citizen_agent.gd:222)
       [993] _assign_next_task (res://scripts/citizen_agent.gd:213)
       [994] _navigate_to (res://scripts/citizen_agent.gd:222)
       [995] _assign_next_task (res://scripts/citizen_agent.gd:213)
       [996] _navigate_to (res://scripts/citizen_agent.gd:222)
       [997] _assign_next_task (res://scripts/citizen_agent.gd:213)
       [998] _navigate_to (res://scripts/citizen_agent.gd:222)
       [999] _assign_next_task (res://scripts/citizen_agent.gd:213)
       [1000] _navigate_to (res://scripts/citizen_agent.gd:222)
       [1001] _assign_next_task (res://scripts/citizen_agent.gd:213)
       [1002] _navigate_to (res://scripts/citizen_agent.gd:222)
       [1003] _assign_next_task (res://scripts/citizen_agent.gd:213)
       [1004] _navigate_to (res://scripts/citizen_agent.gd:222)
       [1005] _assign_next_task (res://scripts/citizen_agent.gd:213)
       [1006] _navigate_to (res://scripts/citizen_agent.gd:222)
       [1007] _assign_next_task (res://scripts/citizen_agent.gd:213)
       [1008] _navigate_to (res://scripts/citizen_agent.gd:222)
       [1009] _assign_next_task (res://scripts/citizen_agent.gd:213)
       [1010] _navigate_to (res://scripts/citizen_agent.gd:222)
       [1011] _assign_next_task (res://scripts/citizen_agent.gd:213)
       [1012] _navigate_to (res://scripts/citizen_agent.gd:222)
       [1013] _assign_next_task (res://scripts/citizen_agent.gd:213)
       [1014] _navigate_to (res://scripts/citizen_agent.gd:222)
       [1015] _assign_next_task (res://scripts/citizen_agent.gd:213)
       [1016] _navigate_to (res://scripts/citizen_agent.gd:222)
       [1017] _assign_next_task (res://scripts/citizen_agent.gd:213)
       [1018] _navigate_to (res://scripts/citizen_agent.gd:222)
       [1019] _assign_next_task (res://scripts/citizen_agent.gd:213)
       [1020] _navigate_to (res://scripts/citizen_agent.gd:222)
       [1021] _assign_next_task (res://scripts/citizen_agent.gd:213)
       [1022] initialize (res://scripts/citizen_agent.gd:52)
       [1023] run (res://scripts/poc471_unreachable_task_test.gd:24)
ERROR: Stack underflow! (Engine Bug)
   at: exit_function (modules/gdscript/gdscript.h:529)
ERROR: Stack underflow! (Engine Bug)
   at: exit_function (modules/gdscript/gdscript.h:529)
ERROR: Stack underflow! (Engine Bug)
   at: exit_function (modules/gdscript/gdscript.h:529)
ERROR: Stack underflow! (Engine Bug)
   at: exit_function (modules/gdscript/gdscript.h:529)
ERROR: Stack underflow! (Engine Bug)
   at: exit_function (modules/gdscript/gdscript.h:529)
ERROR: Stack underflow! (Engine Bug)
   at: exit_function (modules/gdscript/gdscript.h:529)
ERROR: Stack underflow! (Engine Bug)
   at: exit_function (modules/gdscript/gdscript.h:529)
ERROR: Stack underflow! (Engine Bug)
   at: exit_function (modules/gdscript/gdscript.h:529)
ERROR: Stack underflow! (Engine Bug)
   at: exit_function (modules/gdscript/gdscript.h:529)
ERROR: Stack underflow! (Engine Bug)
   at: exit_function (modules/gdscript/gdscript.h:529)
ERROR: Stack underflow! (Engine Bug)
   at: exit_function (modules/gdscript/gdscript.h:529)
ERROR: Stack underflow! (Engine Bug)
   at: exit_function (modules/gdscript/gdscript.h:529)
ERROR: Stack underflow! (Engine Bug)
   at: exit_function (modules/gdscript/gdscript.h:529)
ERROR: Stack underflow! (Engine Bug)
   at: exit_function (modules/gdscript/gdscript.h:529)
ERROR: Stack underflow! (Engine Bug)
   at: exit_function (modules/gdscript/gdscript.h:529)
ERROR: Stack underflow! (Engine Bug)
   at: exit_function (modules/gdscript/gdscript.h:529)
ERROR: Stack underflow! (Engine Bug)
   at: exit_function (modules/gdscript/gdscript.h:529)
ERROR: Stack underflow! (Engine Bug)
   at: exit_function (modules/gdscript/gdscript.h:529)
ERROR: Stack underflow! (Engine Bug)
   at: exit_function (modules/gdscript/gdscript.h:529)
ERROR: Stack underflow! (Engine Bug)
   at: exit_function (modules/gdscript/gdscript.h:529)
ERROR: Stack underflow! (Engine Bug)
   at: exit_function (modules/gdscript/gdscript.h:529)
ERROR: Stack underflow! (Engine Bug)
   at: exit_function (modules/gdscript/gdscript.h:529)
ERROR: Stack underflow! (Engine Bug)
   at: exit_function (modules/gdscript/gdscript.h:529)
ERROR: Stack underflow! (Engine Bug)
   at: exit_function (modules/gdscript/gdscript.h:529)
ERROR: Stack underflow! (Engine Bug)
   at: exit_function (modules/gdscript/gdscript.h:529)
ERROR: Stack underflow! (Engine Bug)
   at: exit_function (modules/gdscript/gdscript.h:529)
ERROR: Stack underflow! (Engine Bug)
   at: exit_function (modules/gdscript/gdscript.h:529)
ERROR: Stack underflow! (Engine Bug)
   at: exit_function (modules/gdscript/gdscript.h:529)
ERROR: Stack underflow! (Engine Bug)
   at: exit_function (modules/gdscript/gdscript.h:529)
ERROR: Stack underflow! (Engine Bug)
   at: exit_function (modules/gdscript/gdscript.h:529)
ERROR: Stack underflow! (Engine Bug)
   at: exit_function (modules/gdscript/gdscript.h:529)
ERROR: Stack underflow! (Engine Bug)
   at: exit_function (modules/gdscript/gdscript.h:529)
ERROR: Stack underflow! (Engine Bug)
   at: exit_function (modules/gdscript/gdscript.h:529)
ERROR: Stack underflow! (Engine Bug)
   at: exit_function (modules/gdscript/gdscript.h:529)
ERROR: Stack underflow! (Engine Bug)
   at: exit_function (modules/gdscript/gdscript.h:529)
ERROR: Stack underflow! (Engine Bug)
   at: exit_function (modules/gdscript/gdscript.h:529)
ERROR: Stack underflow! (Engine Bug)
   at: exit_function (modules/gdscript/gdscript.h:529)
ERROR: Stack underflow! (Engine Bug)
   at: exit_function (modules/gdscript/gdscript.h:529)
ERROR: Stack underflow! (Engine Bug)
   at: exit_function (modules/gdscript/gdscript.h:529)
ERROR: Stack underflow! (Engine Bug)
   at: exit_function (modules/gdscript/gdscript.h:529)
ERROR: Stack underflow! (Engine Bug)
   at: exit_function (modules/gdscript/gdscript.h:529)
ERROR: Stack underflow! (Engine Bug)
   at: exit_function (modules/gdscript/gdscript.h:529)
ERROR: Stack underflow! (Engine Bug)
   at: exit_function (modules/gdscript/gdscript.h:529)
ERROR: Stack underflow! (Engine Bug)
   at: exit_function (modules/gdscript/gdscript.h:529)
ERROR: Stack underflow! (Engine Bug)
   at: exit_function (modules/gdscript/gdscript.h:529)
ERROR: Stack underflow! (Engine Bug)
   at: exit_function (modules/gdscript/gdscript.h:529)
ERROR: Stack underflow! (Engine Bug)
   at: exit_function (modules/gdscript/gdscript.h:529)
ERROR: Stack underflow! (Engine Bug)
   at: exit_function (modules/gdscript/gdscript.h:529)
ERROR: Stack underflow! (Engine Bug)
   at: exit_function (modules/gdscript/gdscript.h:529)
ERROR: Stack underflow! (Engine Bug)
   at: exit_function (modules/gdscript/gdscript.h:529)
ERROR: Stack underflow! (Engine Bug)
   at: exit_function (modules/gdscript/gdscript.h:529)
ERROR: Stack underflow! (Engine Bug)
   at: exit_function (modules/gdscript/gdscript.h:529)
ERROR: Stack underflow! (Engine Bug)
   at: exit_function (modules/gdscript/gdscript.h:529)
ERROR: Stack underflow! (Engine Bug)
   at: exit_function (modules/gdscript/gdscript.h:529)
ERROR: Stack underflow! (Engine Bug)
   at: exit_function (modules/gdscript/gdscript.h:529)
ERROR: Stack underflow! (Engine Bug)
   at: exit_function (modules/gdscript/gdscript.h:529)
ERROR: Stack underflow! (Engine Bug)
   at: exit_function (modules/gdscript/gdscript.h:529)
ERROR: Stack underflow! (Engine Bug)
   at: exit_function (modules/gdscript/gdscript.h:529)
ERROR: Stack underflow! (Engine Bug)
   at: exit_function (modules/gdscript/gdscript.h:529)
ERROR: Stack underflow! (Engine Bug)
   at: exit_function (modules/gdscript/gdscript.h:529)
ERROR: Stack underflow! (Engine Bug)
   at: exit_function (modules/gdscript/gdscript.h:529)
ERROR: Stack underflow! (Engine Bug)
   at: exit_function (modules/gdscript/gdscript.h:529)
ERROR: Stack underflow! (Engine Bug)
   at: exit_function (modules/gdscript/gdscript.h:529)
ERROR: Stack underflow! (Engine Bug)
   at: exit_function (modules/gdscript/gdscript.h:529)
ERROR: Stack underflow! (Engine Bug)
   at: exit_function (modules/gdscript/gdscript.h:529)
ERROR: Stack underflow! (Engine Bug)
   at: exit_function (modules/gdscript/gdscript.h:529)
ERROR: Stack underflow! (Engine Bug)
   at: exit_function (modules/gdscript/gdscript.h:529)
ERROR: Stack underflow! (Engine Bug)
   at: exit_function (modules/gdscript/gdscript.h:529)
ERROR: Stack underflow! (Engine Bug)
   at: exit_function (modules/gdscript/gdscript.h:529)
ERROR: Stack underflow! (Engine Bug)
   at: exit_function (modules/gdscript/gdscript.h:529)
ERROR: Stack underflow! (Engine Bug)
   at: exit_function (modules/gdscript/gdscript.h:529)
ERROR: Stack underflow! (Engine Bug)
   at: exit_function (modules/gdscript/gdscript.h:529)
ERROR: Stack underflow! (Engine Bug)
   at: exit_function (modules/gdscript/gdscript.h:529)
ERROR: Stack underflow! (Engine Bug)
   at: exit_function (modules/gdscript/gdscript.h:529)
ERROR: Stack underflow! (Engine Bug)
   at: exit_function (modules/gdscript/gdscript.h:529)
ERROR: Stack underflow! (Engine Bug)
   at: exit_function (modules/gdscript/gdscript.h:529)
ERROR: Stack underflow! (Engine Bug)
   at: exit_function (modules/gdscript/gdscript.h:529)
ERROR: Stack underflow! (Engine Bug)
   at: exit_function (modules/gdscript/gdscript.h:529)
ERROR: Stack underflow! (Engine Bug)
   at: exit_function (modules/gdscript/gdscript.h:529)
ERROR: Stack underflow! (Engine Bug)
   at: exit_function (modules/gdscript/gdscript.h:529)
ERROR: Stack underflow! (Engine Bug)
   at: exit_function (modules/gdscript/gdscript.h:529)
ERROR: Stack underflow! (Engine Bug)
   at: exit_function (modules/gdscript/gdscript.h:529)
ERROR: Stack underflow! (Engine Bug)
   at: exit_function (modules/gdscript/gdscript.h:529)
ERROR: Stack underflow! (Engine Bug)
   at: exit_function (modules/gdscript/gdscript.h:529)
ERROR: Stack underflow! (Engine Bug)
   at: exit_function (modules/gdscript/gdscript.h:529)
ERROR: Stack underflow! (Engine Bug)
   at: exit_function (modules/gdscript/gdscript.h:529)
ERROR: Stack underflow! (Engine Bug)
   at: exit_function (modules/gdscript/gdscript.h:529)
ERROR: Stack underflow! (Engine Bug)
   at: exit_function (modules/gdscript/gdscript.h:529)
ERROR: Stack underflow! (Engine Bug)
   at: exit_function (modules/gdscript/gdscript.h:529)
ERROR: Stack underflow! (Engine Bug)
   at: exit_function (modules/gdscript/gdscript.h:529)
ERROR: Stack underflow! (Engine Bug)
   at: exit_function (modules/gdscript/gdscript.h:529)
ERROR: Stack underflow! (Engine Bug)
   at: exit_function (modules/gdscript/gdscript.h:529)
ERROR: Stack underflow! (Engine Bug)
   at: exit_function (modules/gdscript/gdscript.h:529)
ERROR: Stack underflow! (Engine Bug)
   at: exit_function (modules/gdscript/gdscript.h:529)
ERROR: Stack underflow! (Engine Bug)
   at: exit_function (modules/gdscript/gdscript.h:529)
ERROR: Stack underflow! (Engine Bug)
   at: exit_function (modules/gdscript/gdscript.h:529)
ERROR: Stack underflow! (Engine Bug)
   at: exit_function (modules/gdscript/gdscript.h:529)
ERROR: Stack underflow! (Engine Bug)
   at: exit_function (modules/gdscript/gdscript.h:529)
ERROR: Stack underflow! (Engine Bug)
   at: exit_function (modules/gdscript/gdscript.h:529)
ERROR: Stack underflow! (Engine Bug)
   at: exit_function (modules/gdscript/gdscript.h:529)
ERROR: Stack underflow! (Engine Bug)
   at: exit_function (modules/gdscript/gdscript.h:529)
ERROR: Stack underflow! (Engine Bug)
   at: exit_function (modules/gdscript/gdscript.h:529)
ERROR: Stack underflow! (Engine Bug)
   at: exit_function (modules/gdscript/gdscript.h:529)
ERROR: Stack underflow! (Engine Bug)
   at: exit_function (modules/gdscript/gdscript.h:529)
ERROR: Stack underflow! (Engine Bug)
   at: exit_function (modules/gdscript/gdscript.h:529)
ERROR: Stack underflow! (Engine Bug)
   at: exit_function (modules/gdscript/gdscript.h:529)
ERROR: Stack underflow! (Engine Bug)
   at: exit_function (modules/gdscript/gdscript.h:529)
ERROR: Stack underflow! (Engine Bug)
   at: exit_function (modules/gdscript/gdscript.h:529)
ERROR: Stack underflow! (Engine Bug)
   at: exit_function (modules/gdscript/gdscript.h:529)
ERROR: Stack underflow! (Engine Bug)
   at: exit_function (modules/gdscript/gdscript.h:529)
ERROR: Stack underflow! (Engine Bug)
   at: exit_function (modules/gdscript/gdscript.h:529)
ERROR: Stack underflow! (Engine Bug)
   at: exit_function (modules/gdscript/gdscript.h:529)
ERROR: Stack underflow! (Engine Bug)
   at: exit_function (modules/gdscript/gdscript.h:529)
ERROR: Stack underflow! (Engine Bug)
   at: exit_function (modules/gdscript/gdscript.h:529)
ERROR: Stack underflow! (Engine Bug)
   at: exit_function (modules/gdscript/gdscript.h:529)
ERROR: Stack underflow! (Engine Bug)
   at: exit_function (modules/gdscript/gdscript.h:529)
ERROR: Stack underflow! (Engine Bug)
   at: exit_function (modules/gdscript/gdscript.h:529)
ERROR: Stack underflow! (Engine Bug)
   at: exit_function (modules/gdscript/gdscript.h:529)
ERROR: Stack underflow! (Engine Bug)
   at: exit_function (modules/gdscript/gdscript.h:529)
ERROR: Stack underflow! (Engine Bug)
   at: exit_function (modules/gdscript/gdscript.h:529)
ERROR: Stack underflow! (Engine Bug)
   at: exit_function (modules/gdscript/gdscript.h:529)
ERROR: Stack underflow! (Engine Bug)
   at: exit_function (modules/gdscript/gdscript.h:529)
ERROR: Stack underflow! (Engine Bug)
   at: exit_function (modules/gdscript/gdscript.h:529)
ERROR: Stack underflow! (Engine Bug)
   at: exit_function (modules/gdscript/gdscript.h:529)
ERROR: Stack underflow! (Engine Bug)
   at: exit_function (modules/gdscript/gdscript.h:529)
ERROR: Stack underflow! (Engine Bug)
   at: exit_function (modules/gdscript/gdscript.h:529)
ERROR: Stack underflow! (Engine Bug)
   at: exit_function (modules/gdscript/gdscript.h:529)
ERROR: Stack underflow! (Engine Bug)
   at: exit_function (modules/gdscript/gdscript.h:529)
ERROR: Stack underflow! (Engine Bug)
   at: exit_function (modules/gdscript/gdscript.h:529)
ERROR: Stack underflow! (Engine Bug)
   at: exit_function (modules/gdscript/gdscript.h:529)
ERROR: Stack underflow! (Engine Bug)
   at: exit_function (modules/gdscript/gdscript.h:529)
ERROR: Stack underflow! (Engine Bug)
   at: exit_function (modules/gdscript/gdscript.h:529)
ERROR: Stack underflow! (Engine Bug)
   at: exit_function (modules/gdscript/gdscript.h:529)
ERROR: Stack underflow! (Engine Bug)
   at: exit_function (modules/gdscript/gdscript.h:529)
ERROR: Stack underflow! (Engine Bug)
   at: exit_function (modules/gdscript/gdscript.h:529)
ERROR: Stack underflow! (Engine Bug)
   at: exit_function (modules/gdscript/gdscript.h:529)
ERROR: Stack underflow! (Engine Bug)
   at: exit_function (modules/gdscript/gdscript.h:529)
ERROR: Stack underflow! (Engine Bug)
   at: exit_function (modules/gdscript/gdscript.h:529)
ERROR: Stack underflow! (Engine Bug)
   at: exit_function (modules/gdscript/gdscript.h:529)
ERROR: Stack underflow! (Engine Bug)
   at: exit_function (modules/gdscript/gdscript.h:529)
ERROR: Stack underflow! (Engine Bug)
   at: exit_function (modules/gdscript/gdscript.h:529)
ERROR: Stack underflow! (Engine Bug)
   at: exit_function (modules/gdscript/gdscript.h:529)
ERROR: Stack underflow! (Engine Bug)
   at: exit_function (modules/gdscript/gdscript.h:529)
ERROR: Stack underflow! (Engine Bug)
   at: exit_function (modules/gdscript/gdscript.h:529)
ERROR: Stack underflow! (Engine Bug)
   at: exit_function (modules/gdscript/gdscript.h:529)
ERROR: Stack underflow! (Engine Bug)
   at: exit_function (modules/gdscript/gdscript.h:529)
ERROR: Stack underflow! (Engine Bug)
   at: exit_function (modules/gdscript/gdscript.h:529)
ERROR: Stack underflow! (Engine Bug)
   at: exit_function (modules/gdscript/gdscript.h:529)
ERROR: Stack underflow! (Engine Bug)
   at: exit_function (modules/gdscript/gdscript.h:529)
ERROR: Stack underflow! (Engine Bug)
   at: exit_function (modules/gdscript/gdscript.h:529)
ERROR: Stack underflow! (Engine Bug)
   at: exit_function (modules/gdscript/gdscript.h:529)
ERROR: Stack underflow! (Engine Bug)
   at: exit_function (modules/gdscript/gdscript.h:529)
ERROR: Stack underflow! (Engine Bug)
   at: exit_function (modules/gdscript/gdscript.h:529)
ERROR: Stack underflow! (Engine Bug)
   at: exit_function (modules/gdscript/gdscript.h:529)
ERROR: Stack underflow! (Engine Bug)
   at: exit_function (modules/gdscript/gdscript.h:529)
ERROR: Stack underflow! (Engine Bug)
   at: exit_function (modules/gdscript/gdscript.h:529)
ERROR: Stack underflow! (Engine Bug)
   at: exit_function (modules/gdscript/gdscript.h:529)
ERROR: Stack underflow! (Engine Bug)
   at: exit_function (modules/gdscript/gdscript.h:529)
ERROR: Stack underflow! (Engine Bug)
   at: exit_function (modules/gdscript/gdscript.h:529)
ERROR: Stack underflow! (Engine Bug)
   at: exit_function (modules/gdscript/gdscript.h:529)
ERROR: Stack underflow! (Engine Bug)
   at: exit_function (modules/gdscript/gdscript.h:529)
ERROR: Stack underflow! (Engine Bug)
   at: exit_function (modules/gdscript/gdscript.h:529)
ERROR: Stack underflow! (Engine Bug)
   at: exit_function (modules/gdscript/gdscript.h:529)
ERROR: Stack underflow! (Engine Bug)
   at: exit_function (modules/gdscript/gdscript.h:529)
ERROR: Stack underflow! (Engine Bug)
   at: exit_function (modules/gdscript/gdscript.h:529)
ERROR: Stack underflow! (Engine Bug)
   at: exit_function (modules/gdscript/gdscript.h:529)
ERROR: Stack underflow! (Engine Bug)
   at: exit_function (modules/gdscript/gdscript.h:529)
ERROR: Stack underflow! (Engine Bug)
   at: exit_function (modules/gdscript/gdscript.h:529)
ERROR: Stack underflow! (Engine Bug)
   at: exit_function (modules/gdscript/gdscript.h:529)
ERROR: Stack underflow! (Engine Bug)
   at: exit_function (modules/gdscript/gdscript.h:529)
ERROR: Stack underflow! (Engine Bug)
   at: exit_function (modules/gdscript/gdscript.h:529)
ERROR: Stack underflow! (Engine Bug)
   at: exit_function (modules/gdscript/gdscript.h:529)
ERROR: Stack underflow! (Engine Bug)
   at: exit_function (modules/gdscript/gdscript.h:529)
ERROR: Stack underflow! (Engine Bug)
   at: exit_function (modules/gdscript/gdscript.h:529)
ERROR: Stack underflow! (Engine Bug)
   at: exit_function (modules/gdscript/gdscript.h:529)
ERROR: Stack underflow! (Engine Bug)
   at: exit_function (modules/gdscript/gdscript.h:529)
ERROR: Stack underflow! (Engine Bug)
   at: exit_function (modules/gdscript/gdscript.h:529)
ERROR: Stack underflow! (Engine Bug)
   at: exit_function (modules/gdscript/gdscript.h:529)
ERROR: Stack underflow! (Engine Bug)
   at: exit_function (modules/gdscript/gdscript.h:529)
ERROR: Stack underflow! (Engine Bug)
   at: exit_function (modules/gdscript/gdscript.h:529)
ERROR: Stack underflow! (Engine Bug)
   at: exit_function (modules/gdscript/gdscript.h:529)
ERROR: Stack underflow! (Engine Bug)
   at: exit_function (modules/gdscript/gdscript.h:529)
ERROR: Stack underflow! (Engine Bug)
   at: exit_function (modules/gdscript/gdscript.h:529)
ERROR: Stack underflow! (Engine Bug)
   at: exit_function (modules/gdscript/gdscript.h:529)
ERROR: Stack underflow! (Engine Bug)
   at: exit_function (modules/gdscript/gdscript.h:529)
ERROR: Stack underflow! (Engine Bug)
   at: exit_function (modules/gdscript/gdscript.h:529)
ERROR: Stack underflow! (Engine Bug)
   at: exit_function (modules/gdscript/gdscript.h:529)
ERROR: Stack underflow! (Engine Bug)
   at: exit_function (modules/gdscript/gdscript.h:529)
ERROR: Stack underflow! (Engine Bug)
   at: exit_function (modules/gdscript/gdscript.h:529)
ERROR: Stack underflow! (Engine Bug)
   at: exit_function (modules/gdscript/gdscript.h:529)
ERROR: Stack underflow! (Engine Bug)
   at: exit_function (modules/gdscript/gdscript.h:529)
ERROR: Stack underflow! (Engine Bug)
   at: exit_function (modules/gdscript/gdscript.h:529)
ERROR: Stack underflow! (Engine Bug)
   at: exit_function (modules/gdscript/gdscript.h:529)
ERROR: Stack underflow! (Engine Bug)
   at: exit_function (modules/gdscript/gdscript.h:529)
ERROR: Stack underflow! (Engine Bug)
   at: exit_function (modules/gdscript/gdscript.h:529)
ERROR: Stack underflow! (Engine Bug)
   at: exit_function (modules/gdscript/gdscript.h:529)
ERROR: Stack underflow! (Engine Bug)
   at: exit_function (modules/gdscript/gdscript.h:529)
ERROR: Stack underflow! (Engine Bug)
   at: exit_function (modules/gdscript/gdscript.h:529)
ERROR: Stack underflow! (Engine Bug)
   at: exit_function (modules/gdscript/gdscript.h:529)
ERROR: Stack underflow! (Engine Bug)
   at: exit_function (modules/gdscript/gdscript.h:529)
ERROR: Stack underflow! (Engine Bug)
   at: exit_function (modules/gdscript/gdscript.h:529)
ERROR: Stack underflow! (Engine Bug)
   at: exit_function (modules/gdscript/gdscript.h:529)
ERROR: Stack underflow! (Engine Bug)
   at: exit_function (modules/gdscript/gdscript.h:529)
ERROR: Stack underflow! (Engine Bug)
   at: exit_function (modules/gdscript/gdscript.h:529)
ERROR: Stack underflow! (Engine Bug)
   at: exit_function (modules/gdscript/gdscript.h:529)
ERROR: Stack underflow! (Engine Bug)
   at: exit_function (modules/gdscript/gdscript.h:529)
ERROR: Stack underflow! (Engine Bug)
   at: exit_function (modules/gdscript/gdscript.h:529)
ERROR: Stack underflow! (Engine Bug)
   at: exit_function (modules/gdscript/gdscript.h:529)
ERROR: Stack underflow! (Engine Bug)
   at: exit_function (modules/gdscript/gdscript.h:529)
ERROR: Stack underflow! (Engine Bug)
   at: exit_function (modules/gdscript/gdscript.h:529)
ERROR: Stack underflow! (Engine Bug)
   at: exit_function (modules/gdscript/gdscript.h:529)
ERROR: Stack underflow! (Engine Bug)
   at: exit_function (modules/gdscript/gdscript.h:529)
ERROR: Stack underflow! (Engine Bug)
   at: exit_function (modules/gdscript/gdscript.h:529)
ERROR: Stack underflow! (Engine Bug)
   at: exit_function (modules/gdscript/gdscript.h:529)
ERROR: Stack underflow! (Engine Bug)
   at: exit_function (modules/gdscript/gdscript.h:529)
ERROR: Stack underflow! (Engine Bug)
   at: exit_function (modules/gdscript/gdscript.h:529)
ERROR: Stack underflow! (Engine Bug)
   at: exit_function (modules/gdscript/gdscript.h:529)
ERROR: Stack underflow! (Engine Bug)
   at: exit_function (modules/gdscript/gdscript.h:529)
ERROR: Stack underflow! (Engine Bug)
   at: exit_function (modules/gdscript/gdscript.h:529)
ERROR: Stack underflow! (Engine Bug)
   at: exit_function (modules/gdscript/gdscript.h:529)
ERROR: Stack underflow! (Engine Bug)
   at: exit_function (modules/gdscript/gdscript.h:529)
ERROR: Stack underflow! (Engine Bug)
   at: exit_function (modules/gdscript/gdscript.h:529)
ERROR: Stack underflow! (Engine Bug)
   at: exit_function (modules/gdscript/gdscript.h:529)
ERROR: Stack underflow! (Engine Bug)
   at: exit_function (modules/gdscript/gdscript.h:529)
ERROR: Stack underflow! (Engine Bug)
   at: exit_function (modules/gdscript/gdscript.h:529)
ERROR: Stack underflow! (Engine Bug)
   at: exit_function (modules/gdscript/gdscript.h:529)
ERROR: Stack underflow! (Engine Bug)
   at: exit_function (modules/gdscript/gdscript.h:529)
ERROR: Stack underflow! (Engine Bug)
   at: exit_function (modules/gdscript/gdscript.h:529)
ERROR: Stack underflow! (Engine Bug)
   at: exit_function (modules/gdscript/gdscript.h:529)
ERROR: Stack underflow! (Engine Bug)
   at: exit_function (modules/gdscript/gdscript.h:529)
ERROR: Stack underflow! (Engine Bug)
   at: exit_function (modules/gdscript/gdscript.h:529)
ERROR: Stack underflow! (Engine Bug)
   at: exit_function (modules/gdscript/gdscript.h:529)
ERROR: Stack underflow! (Engine Bug)
   at: exit_function (modules/gdscript/gdscript.h:529)
ERROR: Stack underflow! (Engine Bug)
   at: exit_function (modules/gdscript/gdscript.h:529)
ERROR: Stack underflow! (Engine Bug)
   at: exit_function (modules/gdscript/gdscript.h:529)
ERROR: Stack underflow! (Engine Bug)
   at: exit_function (modules/gdscript/gdscript.h:529)
ERROR: Stack underflow! (Engine Bug)
   at: exit_function (modules/gdscript/gdscript.h:529)
ERROR: Stack underflow! (Engine Bug)
   at: exit_function (modules/gdscript/gdscript.h:529)
ERROR: Stack underflow! (Engine Bug)
   at: exit_function (modules/gdscript/gdscript.h:529)
ERROR: Stack underflow! (Engine Bug)
   at: exit_function (modules/gdscript/gdscript.h:529)
ERROR: Stack underflow! (Engine Bug)
   at: exit_function (modules/gdscript/gdscript.h:529)
ERROR: Stack underflow! (Engine Bug)
   at: exit_function (modules/gdscript/gdscript.h:529)
ERROR: Stack underflow! (Engine Bug)
   at: exit_function (modules/gdscript/gdscript.h:529)
ERROR: Stack underflow! (Engine Bug)
   at: exit_function (modules/gdscript/gdscript.h:529)
ERROR: Stack underflow! (Engine Bug)
   at: exit_function (modules/gdscript/gdscript.h:529)
ERROR: Stack underflow! (Engine Bug)
   at: exit_function (modules/gdscript/gdscript.h:529)
ERROR: Stack underflow! (Engine Bug)
   at: exit_function (modules/gdscript/gdscript.h:529)
ERROR: Stack underflow! (Engine Bug)
   at: exit_function (modules/gdscript/gdscript.h:529)
ERROR: Stack underflow! (Engine Bug)
   at: exit_function (modules/gdscript/gdscript.h:529)
ERROR: Stack underflow! (Engine Bug)
   at: exit_function (modules/gdscript/gdscript.h:529)
ERROR: Stack underflow! (Engine Bug)
   at: exit_function (modules/gdscript/gdscript.h:529)
ERROR: Stack underflow! (Engine Bug)
   at: exit_function (modules/gdscript/gdscript.h:529)
ERROR: Stack underflow! (Engine Bug)
   at: exit_function (modules/gdscript/gdscript.h:529)
ERROR: Stack underflow! (Engine Bug)
   at: exit_function (modules/gdscript/gdscript.h:529)
ERROR: Stack underflow! (Engine Bug)
   at: exit_function (modules/gdscript/gdscript.h:529)
ERROR: Stack underflow! (Engine Bug)
   at: exit_function (modules/gdscript/gdscript.h:529)
ERROR: Stack underflow! (Engine Bug)
   at: exit_function (modules/gdscript/gdscript.h:529)
ERROR: Stack underflow! (Engine Bug)
   at: exit_function (modules/gdscript/gdscript.h:529)
ERROR: Stack underflow! (Engine Bug)
   at: exit_function (modules/gdscript/gdscript.h:529)
ERROR: Stack underflow! (Engine Bug)
   at: exit_function (modules/gdscript/gdscript.h:529)
ERROR: Stack underflow! (Engine Bug)
   at: exit_function (modules/gdscript/gdscript.h:529)
ERROR: Stack underflow! (Engine Bug)
   at: exit_function (modules/gdscript/gdscript.h:529)
ERROR: Stack underflow! (Engine Bug)
   at: exit_function (modules/gdscript/gdscript.h:529)
ERROR: Stack underflow! (Engine Bug)
   at: exit_function (modules/gdscript/gdscript.h:529)
ERROR: Stack underflow! (Engine Bug)
   at: exit_function (modules/gdscript/gdscript.h:529)
ERROR: Stack underflow! (Engine Bug)
   at: exit_function (modules/gdscript/gdscript.h:529)
ERROR: Stack underflow! (Engine Bug)
   at: exit_function (modules/gdscript/gdscript.h:529)
ERROR: Stack underflow! (Engine Bug)
   at: exit_function (modules/gdscript/gdscript.h:529)
ERROR: Stack underflow! (Engine Bug)
   at: exit_function (modules/gdscript/gdscript.h:529)
ERROR: Stack underflow! (Engine Bug)
   at: exit_function (modules/gdscript/gdscript.h:529)
ERROR: Stack underflow! (Engine Bug)
   at: exit_function (modules/gdscript/gdscript.h:529)
ERROR: Stack underflow! (Engine Bug)
   at: exit_function (modules/gdscript/gdscript.h:529)
ERROR: Stack underflow! (Engine Bug)
   at: exit_function (modules/gdscript/gdscript.h:529)
ERROR: Stack underflow! (Engine Bug)
   at: exit_function (modules/gdscript/gdscript.h:529)
ERROR: Stack underflow! (Engine Bug)
   at: exit_function (modules/gdscript/gdscript.h:529)
ERROR: Stack underflow! (Engine Bug)
   at: exit_function (modules/gdscript/gdscript.h:529)
ERROR: Stack underflow! (Engine Bug)
   at: exit_function (modules/gdscript/gdscript.h:529)
ERROR: Stack underflow! (Engine Bug)
   at: exit_function (modules/gdscript/gdscript.h:529)
ERROR: Stack underflow! (Engine Bug)
   at: exit_function (modules/gdscript/gdscript.h:529)
ERROR: Stack underflow! (Engine Bug)
   at: exit_function (modules/gdscript/gdscript.h:529)
ERROR: Stack underflow! (Engine Bug)
   at: exit_function (modules/gdscript/gdscript.h:529)
ERROR: Stack underflow! (Engine Bug)
   at: exit_function (modules/gdscript/gdscript.h:529)
ERROR: Stack underflow! (Engine Bug)
   at: exit_function (modules/gdscript/gdscript.h:529)
ERROR: Stack underflow! (Engine Bug)
   at: exit_function (modules/gdscript/gdscript.h:529)
ERROR: Stack underflow! (Engine Bug)
   at: exit_function (modules/gdscript/gdscript.h:529)
ERROR: Stack underflow! (Engine Bug)
   at: exit_function (modules/gdscript/gdscript.h:529)
ERROR: Stack underflow! (Engine Bug)
   at: exit_function (modules/gdscript/gdscript.h:529)
ERROR: Stack underflow! (Engine Bug)
   at: exit_function (modules/gdscript/gdscript.h:529)
ERROR: Stack underflow! (Engine Bug)
   at: exit_function (modules/gdscript/gdscript.h:529)
ERROR: Stack underflow! (Engine Bug)
   at: exit_function (modules/gdscript/gdscript.h:529)
ERROR: Stack underflow! (Engine Bug)
   at: exit_function (modules/gdscript/gdscript.h:529)
ERROR: Stack underflow! (Engine Bug)
   at: exit_function (modules/gdscript/gdscript.h:529)
ERROR: Stack underflow! (Engine Bug)
   at: exit_function (modules/gdscript/gdscript.h:529)
ERROR: Stack underflow! (Engine Bug)
   at: exit_function (modules/gdscript/gdscript.h:529)
ERROR: Stack underflow! (Engine Bug)
   at: exit_function (modules/gdscript/gdscript.h:529)
ERROR: Stack underflow! (Engine Bug)
   at: exit_function (modules/gdscript/gdscript.h:529)
ERROR: Stack underflow! (Engine Bug)
   at: exit_function (modules/gdscript/gdscript.h:529)
ERROR: Stack underflow! (Engine Bug)
   at: exit_function (modules/gdscript/gdscript.h:529)
ERROR: Stack underflow! (Engine Bug)
   at: exit_function (modules/gdscript/gdscript.h:529)
ERROR: Stack underflow! (Engine Bug)
   at: exit_function (modules/gdscript/gdscript.h:529)
ERROR: Stack underflow! (Engine Bug)
   at: exit_function (modules/gdscript/gdscript.h:529)
ERROR: Stack underflow! (Engine Bug)
   at: exit_function (modules/gdscript/gdscript.h:529)
ERROR: Stack underflow! (Engine Bug)
   at: exit_function (modules/gdscript/gdscript.h:529)
ERROR: Stack underflow! (Engine Bug)
   at: exit_function (modules/gdscript/gdscript.h:529)
ERROR: Stack underflow! (Engine Bug)
   at: exit_function (modules/gdscript/gdscript.h:529)
ERROR: Stack underflow! (Engine Bug)
   at: exit_function (modules/gdscript/gdscript.h:529)
ERROR: Stack underflow! (Engine Bug)
   at: exit_function (modules/gdscript/gdscript.h:529)
ERROR: Stack underflow! (Engine Bug)
   at: exit_function (modules/gdscript/gdscript.h:529)
ERROR: Stack underflow! (Engine Bug)
   at: exit_function (modules/gdscript/gdscript.h:529)
ERROR: Stack underflow! (Engine Bug)
   at: exit_function (modules/gdscript/gdscript.h:529)
ERROR: Stack underflow! (Engine Bug)
   at: exit_function (modules/gdscript/gdscript.h:529)
ERROR: Stack underflow! (Engine Bug)
   at: exit_function (modules/gdscript/gdscript.h:529)
ERROR: Stack underflow! (Engine Bug)
   at: exit_function (modules/gdscript/gdscript.h:529)
ERROR: Stack underflow! (Engine Bug)
   at: exit_function (modules/gdscript/gdscript.h:529)
ERROR: Stack underflow! (Engine Bug)
   at: exit_function (modules/gdscript/gdscript.h:529)
ERROR: Stack underflow! (Engine Bug)
   at: exit_function (modules/gdscript/gdscript.h:529)
ERROR: Stack underflow! (Engine Bug)
   at: exit_function (modules/gdscript/gdscript.h:529)
ERROR: Stack underflow! (Engine Bug)
   at: exit_function (modules/gdscript/gdscript.h:529)
ERROR: Stack underflow! (Engine Bug)
   at: exit_function (modules/gdscript/gdscript.h:529)
ERROR: Stack underflow! (Engine Bug)
   at: exit_function (modules/gdscript/gdscript.h:529)
ERROR: Stack underflow! (Engine Bug)
   at: exit_function (modules/gdscript/gdscript.h:529)
ERROR: Stack underflow! (Engine Bug)
   at: exit_function (modules/gdscript/gdscript.h:529)
ERROR: Stack underflow! (Engine Bug)
   at: exit_function (modules/gdscript/gdscript.h:529)
ERROR: Stack underflow! (Engine Bug)
   at: exit_function (modules/gdscript/gdscript.h:529)
ERROR: Stack underflow! (Engine Bug)
   at: exit_function (modules/gdscript/gdscript.h:529)
ERROR: Stack underflow! (Engine Bug)
   at: exit_function (modules/gdscript/gdscript.h:529)
ERROR: Stack underflow! (Engine Bug)
   at: exit_function (modules/gdscript/gdscript.h:529)
ERROR: Stack underflow! (Engine Bug)
   at: exit_function (modules/gdscript/gdscript.h:529)
ERROR: Stack underflow! (Engine Bug)
   at: exit_function (modules/gdscript/gdscript.h:529)
ERROR: Stack underflow! (Engine Bug)
   at: exit_function (modules/gdscript/gdscript.h:529)
ERROR: Stack underflow! (Engine Bug)
   at: exit_function (modules/gdscript/gdscript.h:529)
ERROR: Stack underflow! (Engine Bug)
   at: exit_function (modules/gdscript/gdscript.h:529)
ERROR: Stack underflow! (Engine Bug)
   at: exit_function (modules/gdscript/gdscript.h:529)
ERROR: Stack underflow! (Engine Bug)
   at: exit_function (modules/gdscript/gdscript.h:529)
ERROR: Stack underflow! (Engine Bug)
   at: exit_function (modules/gdscript/gdscript.h:529)
ERROR: Stack underflow! (Engine Bug)
   at: exit_function (modules/gdscript/gdscript.h:529)
ERROR: Stack underflow! (Engine Bug)
   at: exit_function (modules/gdscript/gdscript.h:529)
ERROR: Stack underflow! (Engine Bug)
   at: exit_function (modules/gdscript/gdscript.h:529)
ERROR: Stack underflow! (Engine Bug)
   at: exit_function (modules/gdscript/gdscript.h:529)
ERROR: Stack underflow! (Engine Bug)
   at: exit_function (modules/gdscript/gdscript.h:529)
ERROR: Stack underflow! (Engine Bug)
   at: exit_function (modules/gdscript/gdscript.h:529)
ERROR: Stack underflow! (Engine Bug)
   at: exit_function (modules/gdscript/gdscript.h:529)
ERROR: Stack underflow! (Engine Bug)
   at: exit_function (modules/gdscript/gdscript.h:529)
ERROR: Stack underflow! (Engine Bug)
   at: exit_function (modules/gdscript/gdscript.h:529)
ERROR: Stack underflow! (Engine Bug)
   at: exit_function (modules/gdscript/gdscript.h:529)
ERROR: Stack underflow! (Engine Bug)
   at: exit_function (modules/gdscript/gdscript.h:529)
ERROR: Stack underflow! (Engine Bug)
   at: exit_function (modules/gdscript/gdscript.h:529)
ERROR: Stack underflow! (Engine Bug)
   at: exit_function (modules/gdscript/gdscript.h:529)
ERROR: Stack underflow! (Engine Bug)
   at: exit_function (modules/gdscript/gdscript.h:529)
ERROR: Stack underflow! (Engine Bug)
   at: exit_function (modules/gdscript/gdscript.h:529)
ERROR: Stack underflow! (Engine Bug)
   at: exit_function (modules/gdscript/gdscript.h:529)
ERROR: Stack underflow! (Engine Bug)
   at: exit_function (modules/gdscript/gdscript.h:529)
ERROR: Stack underflow! (Engine Bug)
   at: exit_function (modules/gdscript/gdscript.h:529)
ERROR: Stack underflow! (Engine Bug)
   at: exit_function (modules/gdscript/gdscript.h:529)
ERROR: Stack underflow! (Engine Bug)
   at: exit_function (modules/gdscript/gdscript.h:529)
ERROR: Stack underflow! (Engine Bug)
   at: exit_function (modules/gdscript/gdscript.h:529)
ERROR: Stack underflow! (Engine Bug)
   at: exit_function (modules/gdscript/gdscript.h:529)
ERROR: Stack underflow! (Engine Bug)
   at: exit_function (modules/gdscript/gdscript.h:529)
ERROR: Stack underflow! (Engine Bug)
   at: exit_function (modules/gdscript/gdscript.h:529)
ERROR: Stack underflow! (Engine Bug)
   at: exit_function (modules/gdscript/gdscript.h:529)
ERROR: Stack underflow! (Engine Bug)
   at: exit_function (modules/gdscript/gdscript.h:529)
ERROR: Stack underflow! (Engine Bug)
   at: exit_function (modules/gdscript/gdscript.h:529)
ERROR: Stack underflow! (Engine Bug)
   at: exit_function (modules/gdscript/gdscript.h:529)
ERROR: Stack underflow! (Engine Bug)
   at: exit_function (modules/gdscript/gdscript.h:529)
ERROR: Stack underflow! (Engine Bug)
   at: exit_function (modules/gdscript/gdscript.h:529)
ERROR: Stack underflow! (Engine Bug)
   at: exit_function (modules/gdscript/gdscript.h:529)
ERROR: Stack underflow! (Engine Bug)
   at: exit_function (modules/gdscript/gdscript.h:529)
ERROR: Stack underflow! (Engine Bug)
   at: exit_function (modules/gdscript/gdscript.h:529)
ERROR: Stack underflow! (Engine Bug)
   at: exit_function (modules/gdscript/gdscript.h:529)
ERROR: Stack underflow! (Engine Bug)
   at: exit_function (modules/gdscript/gdscript.h:529)
ERROR: Stack underflow! (Engine Bug)
   at: exit_function (modules/gdscript/gdscript.h:529)
ERROR: Stack underflow! (Engine Bug)
   at: exit_function (modules/gdscript/gdscript.h:529)
ERROR: Stack underflow! (Engine Bug)
   at: exit_function (modules/gdscript/gdscript.h:529)
ERROR: Stack underflow! (Engine Bug)
   at: exit_function (modules/gdscript/gdscript.h:529)
ERROR: Stack underflow! (Engine Bug)
   at: exit_function (modules/gdscript/gdscript.h:529)
ERROR: Stack underflow! (Engine Bug)
   at: exit_function (modules/gdscript/gdscript.h:529)
ERROR: Stack underflow! (Engine Bug)
   at: exit_function (modules/gdscript/gdscript.h:529)
ERROR: Stack underflow! (Engine Bug)
   at: exit_function (modules/gdscript/gdscript.h:529)
ERROR: Stack underflow! (Engine Bug)
   at: exit_function (modules/gdscript/gdscript.h:529)
ERROR: Stack underflow! (Engine Bug)
   at: exit_function (modules/gdscript/gdscript.h:529)
ERROR: Stack underflow! (Engine Bug)
   at: exit_function (modules/gdscript/gdscript.h:529)
ERROR: Stack underflow! (Engine Bug)
   at: exit_function (modules/gdscript/gdscript.h:529)
ERROR: Stack underflow! (Engine Bug)
   at: exit_function (modules/gdscript/gdscript.h:529)
ERROR: Stack underflow! (Engine Bug)
   at: exit_function (modules/gdscript/gdscript.h:529)
ERROR: Stack underflow! (Engine Bug)
   at: exit_function (modules/gdscript/gdscript.h:529)
ERROR: Stack underflow! (Engine Bug)
   at: exit_function (modules/gdscript/gdscript.h:529)
ERROR: Stack underflow! (Engine Bug)
   at: exit_function (modules/gdscript/gdscript.h:529)
ERROR: Stack underflow! (Engine Bug)
   at: exit_function (modules/gdscript/gdscript.h:529)
ERROR: Stack underflow! (Engine Bug)
   at: exit_function (modules/gdscript/gdscript.h:529)
ERROR: Stack underflow! (Engine Bug)
   at: exit_function (modules/gdscript/gdscript.h:529)
ERROR: Stack underflow! (Engine Bug)
   at: exit_function (modules/gdscript/gdscript.h:529)
ERROR: Stack underflow! (Engine Bug)
   at: exit_function (modules/gdscript/gdscript.h:529)
ERROR: Stack underflow! (Engine Bug)
   at: exit_function (modules/gdscript/gdscript.h:529)
ERROR: Stack underflow! (Engine Bug)
   at: exit_function (modules/gdscript/gdscript.h:529)
ERROR: Stack underflow! (Engine Bug)
   at: exit_function (modules/gdscript/gdscript.h:529)
ERROR: Stack underflow! (Engine Bug)
   at: exit_function (modules/gdscript/gdscript.h:529)
ERROR: Stack underflow! (Engine Bug)
   at: exit_function (modules/gdscript/gdscript.h:529)
ERROR: Stack underflow! (Engine Bug)
   at: exit_function (modules/gdscript/gdscript.h:529)
ERROR: Stack underflow! (Engine Bug)
   at: exit_function (modules/gdscript/gdscript.h:529)
ERROR: Stack underflow! (Engine Bug)
   at: exit_function (modules/gdscript/gdscript.h:529)
ERROR: Stack underflow! (Engine Bug)
   at: exit_function (modules/gdscript/gdscript.h:529)
ERROR: Stack underflow! (Engine Bug)
   at: exit_function (modules/gdscript/gdscript.h:529)
ERROR: Stack underflow! (Engine Bug)
   at: exit_function (modules/gdscript/gdscript.h:529)
ERROR: Stack underflow! (Engine Bug)
   at: exit_function (modules/gdscript/gdscript.h:529)
ERROR: Stack underflow! (Engine Bug)
   at: exit_function (modules/gdscript/gdscript.h:529)
ERROR: Stack underflow! (Engine Bug)
   at: exit_function (modules/gdscript/gdscript.h:529)
ERROR: Stack underflow! (Engine Bug)
   at: exit_function (modules/gdscript/gdscript.h:529)
ERROR: Stack underflow! (Engine Bug)
   at: exit_function (modules/gdscript/gdscript.h:529)
ERROR: Stack underflow! (Engine Bug)
   at: exit_function (modules/gdscript/gdscript.h:529)
ERROR: Stack underflow! (Engine Bug)
   at: exit_function (modules/gdscript/gdscript.h:529)
ERROR: Stack underflow! (Engine Bug)
   at: exit_function (modules/gdscript/gdscript.h:529)
ERROR: Stack underflow! (Engine Bug)
   at: exit_function (modules/gdscript/gdscript.h:529)
ERROR: Stack underflow! (Engine Bug)
   at: exit_function (modules/gdscript/gdscript.h:529)
ERROR: Stack underflow! (Engine Bug)
   at: exit_function (modules/gdscript/gdscript.h:529)
ERROR: Stack underflow! (Engine Bug)
   at: exit_function (modules/gdscript/gdscript.h:529)
ERROR: Stack underflow! (Engine Bug)
   at: exit_function (modules/gdscript/gdscript.h:529)
ERROR: Stack underflow! (Engine Bug)
   at: exit_function (modules/gdscript/gdscript.h:529)
ERROR: Stack underflow! (Engine Bug)
   at: exit_function (modules/gdscript/gdscript.h:529)
ERROR: Stack underflow! (Engine Bug)
   at: exit_function (modules/gdscript/gdscript.h:529)
ERROR: Stack underflow! (Engine Bug)
   at: exit_function (modules/gdscript/gdscript.h:529)
ERROR: Stack underflow! (Engine Bug)
   at: exit_function (modules/gdscript/gdscript.h:529)
ERROR: Stack underflow! (Engine Bug)
   at: exit_function (modules/gdscript/gdscript.h:529)
ERROR: Stack underflow! (Engine Bug)
   at: exit_function (modules/gdscript/gdscript.h:529)
ERROR: Stack underflow! (Engine Bug)
   at: exit_function (modules/gdscript/gdscript.h:529)
ERROR: Stack underflow! (Engine Bug)
   at: exit_function (modules/gdscript/gdscript.h:529)
ERROR: Stack underflow! (Engine Bug)
   at: exit_function (modules/gdscript/gdscript.h:529)
ERROR: Stack underflow! (Engine Bug)
   at: exit_function (modules/gdscript/gdscript.h:529)
ERROR: Stack underflow! (Engine Bug)
   at: exit_function (modules/gdscript/gdscript.h:529)
ERROR: Stack underflow! (Engine Bug)
   at: exit_function (modules/gdscript/gdscript.h:529)
ERROR: Stack underflow! (Engine Bug)
   at: exit_function (modules/gdscript/gdscript.h:529)
ERROR: Stack underflow! (Engine Bug)
   at: exit_function (modules/gdscript/gdscript.h:529)
ERROR: Stack underflow! (Engine Bug)
   at: exit_function (modules/gdscript/gdscript.h:529)
ERROR: Stack underflow! (Engine Bug)
   at: exit_function (modules/gdscript/gdscript.h:529)
ERROR: Stack underflow! (Engine Bug)
   at: exit_function (modules/gdscript/gdscript.h:529)
ERROR: Stack underflow! (Engine Bug)
   at: exit_function (modules/gdscript/gdscript.h:529)
ERROR: Stack underflow! (Engine Bug)
   at: exit_function (modules/gdscript/gdscript.h:529)
ERROR: Stack underflow! (Engine Bug)
   at: exit_function (modules/gdscript/gdscript.h:529)
ERROR: Stack underflow! (Engine Bug)
   at: exit_function (modules/gdscript/gdscript.h:529)
ERROR: Stack underflow! (Engine Bug)
   at: exit_function (modules/gdscript/gdscript.h:529)
ERROR: Stack underflow! (Engine Bug)
   at: exit_function (modules/gdscript/gdscript.h:529)
ERROR: Stack underflow! (Engine Bug)
   at: exit_function (modules/gdscript/gdscript.h:529)
ERROR: Stack underflow! (Engine Bug)
   at: exit_function (modules/gdscript/gdscript.h:529)
ERROR: Stack underflow! (Engine Bug)
   at: exit_function (modules/gdscript/gdscript.h:529)
ERROR: Stack underflow! (Engine Bug)
   at: exit_function (modules/gdscript/gdscript.h:529)
ERROR: Stack underflow! (Engine Bug)
   at: exit_function (modules/gdscript/gdscript.h:529)
ERROR: Stack underflow! (Engine Bug)
   at: exit_function (modules/gdscript/gdscript.h:529)
ERROR: Stack underflow! (Engine Bug)
   at: exit_function (modules/gdscript/gdscript.h:529)
ERROR: Stack underflow! (Engine Bug)
   at: exit_function (modules/gdscript/gdscript.h:529)
ERROR: Stack underflow! (Engine Bug)
   at: exit_function (modules/gdscript/gdscript.h:529)
ERROR: Stack underflow! (Engine Bug)
   at: exit_function (modules/gdscript/gdscript.h:529)
ERROR: Stack underflow! (Engine Bug)
   at: exit_function (modules/gdscript/gdscript.h:529)
ERROR: Stack underflow! (Engine Bug)
   at: exit_function (modules/gdscript/gdscript.h:529)
ERROR: Stack underflow! (Engine Bug)
   at: exit_function (modules/gdscript/gdscript.h:529)
ERROR: Stack underflow! (Engine Bug)
   at: exit_function (modules/gdscript/gdscript.h:529)
ERROR: Stack underflow! (Engine Bug)
   at: exit_function (modules/gdscript/gdscript.h:529)
ERROR: Stack underflow! (Engine Bug)
   at: exit_function (modules/gdscript/gdscript.h:529)
ERROR: Stack underflow! (Engine Bug)
   at: exit_function (modules/gdscript/gdscript.h:529)
ERROR: Stack underflow! (Engine Bug)
   at: exit_function (modules/gdscript/gdscript.h:529)
ERROR: Stack underflow! (Engine Bug)
   at: exit_function (modules/gdscript/gdscript.h:529)
ERROR: Stack underflow! (Engine Bug)
   at: exit_function (modules/gdscript/gdscript.h:529)
ERROR: Stack underflow! (Engine Bug)
   at: exit_function (modules/gdscript/gdscript.h:529)
ERROR: Stack underflow! (Engine Bug)
   at: exit_function (modules/gdscript/gdscript.h:529)
ERROR: Stack underflow! (Engine Bug)
   at: exit_function (modules/gdscript/gdscript.h:529)
ERROR: Stack underflow! (Engine Bug)
   at: exit_function (modules/gdscript/gdscript.h:529)
ERROR: Stack underflow! (Engine Bug)
   at: exit_function (modules/gdscript/gdscript.h:529)
ERROR: Stack underflow! (Engine Bug)
   at: exit_function (modules/gdscript/gdscript.h:529)
ERROR: Stack underflow! (Engine Bug)
   at: exit_function (modules/gdscript/gdscript.h:529)
ERROR: Stack underflow! (Engine Bug)
   at: exit_function (modules/gdscript/gdscript.h:529)
ERROR: Stack underflow! (Engine Bug)
   at: exit_function (modules/gdscript/gdscript.h:529)
ERROR: Stack underflow! (Engine Bug)
   at: exit_function (modules/gdscript/gdscript.h:529)
ERROR: Stack underflow! (Engine Bug)
   at: exit_function (modules/gdscript/gdscript.h:529)
ERROR: Stack underflow! (Engine Bug)
   at: exit_function (modules/gdscript/gdscript.h:529)
ERROR: Stack underflow! (Engine Bug)
   at: exit_function (modules/gdscript/gdscript.h:529)
ERROR: Stack underflow! (Engine Bug)
   at: exit_function (modules/gdscript/gdscript.h:529)
ERROR: Stack underflow! (Engine Bug)
   at: exit_function (modules/gdscript/gdscript.h:529)
ERROR: Stack underflow! (Engine Bug)
   at: exit_function (modules/gdscript/gdscript.h:529)
ERROR: Stack underflow! (Engine Bug)
   at: exit_function (modules/gdscript/gdscript.h:529)
ERROR: Stack underflow! (Engine Bug)
   at: exit_function (modules/gdscript/gdscript.h:529)
ERROR: Stack underflow! (Engine Bug)
   at: exit_function (modules/gdscript/gdscript.h:529)
ERROR: Stack underflow! (Engine Bug)
   at: exit_function (modules/gdscript/gdscript.h:529)
ERROR: Stack underflow! (Engine Bug)
   at: exit_function (modules/gdscript/gdscript.h:529)
ERROR: Stack underflow! (Engine Bug)
   at: exit_function (modules/gdscript/gdscript.h:529)
ERROR: Stack underflow! (Engine Bug)
   at: exit_function (modules/gdscript/gdscript.h:529)
ERROR: Stack underflow! (Engine Bug)
   at: exit_function (modules/gdscript/gdscript.h:529)
ERROR: Stack underflow! (Engine Bug)
   at: exit_function (modules/gdscript/gdscript.h:529)
ERROR: Stack underflow! (Engine Bug)
   at: exit_function (modules/gdscript/gdscript.h:529)
ERROR: Stack underflow! (Engine Bug)
   at: exit_function (modules/gdscript/gdscript.h:529)
ERROR: Stack underflow! (Engine Bug)
   at: exit_function (modules/gdscript/gdscript.h:529)
ERROR: Stack underflow! (Engine Bug)
   at: exit_function (modules/gdscript/gdscript.h:529)
ERROR: Stack underflow! (Engine Bug)
   at: exit_function (modules/gdscript/gdscript.h:529)
ERROR: Stack underflow! (Engine Bug)
   at: exit_function (modules/gdscript/gdscript.h:529)
ERROR: Stack underflow! (Engine Bug)
   at: exit_function (modules/gdscript/gdscript.h:529)
ERROR: Stack underflow! (Engine Bug)
   at: exit_function (modules/gdscript/gdscript.h:529)
ERROR: Stack underflow! (Engine Bug)
   at: exit_function (modules/gdscript/gdscript.h:529)
ERROR: Stack underflow! (Engine Bug)
   at: exit_function (modules/gdscript/gdscript.h:529)
ERROR: Stack underflow! (Engine Bug)
   at: exit_function (modules/gdscript/gdscript.h:529)
ERROR: Stack underflow! (Engine Bug)
   at: exit_function (modules/gdscript/gdscript.h:529)
ERROR: Stack underflow! (Engine Bug)
   at: exit_function (modules/gdscript/gdscript.h:529)
ERROR: Stack underflow! (Engine Bug)
   at: exit_function (modules/gdscript/gdscript.h:529)
ERROR: Stack underflow! (Engine Bug)
   at: exit_function (modules/gdscript/gdscript.h:529)
ERROR: Stack underflow! (Engine Bug)
   at: exit_function (modules/gdscript/gdscript.h:529)
ERROR: Stack underflow! (Engine Bug)
   at: exit_function (modules/gdscript/gdscript.h:529)
ERROR: Stack underflow! (Engine Bug)
   at: exit_function (modules/gdscript/gdscript.h:529)
ERROR: Stack underflow! (Engine Bug)
   at: exit_function (modules/gdscript/gdscript.h:529)
ERROR: Stack underflow! (Engine Bug)
   at: exit_function (modules/gdscript/gdscript.h:529)
ERROR: Stack underflow! (Engine Bug)
   at: exit_function (modules/gdscript/gdscript.h:529)
ERROR: Stack underflow! (Engine Bug)
   at: exit_function (modules/gdscript/gdscript.h:529)
ERROR: Stack underflow! (Engine Bug)
   at: exit_function (modules/gdscript/gdscript.h:529)
ERROR: Stack underflow! (Engine Bug)
   at: exit_function (modules/gdscript/gdscript.h:529)
ERROR: Stack underflow! (Engine Bug)
   at: exit_function (modules/gdscript/gdscript.h:529)
ERROR: Stack underflow! (Engine Bug)
   at: exit_function (modules/gdscript/gdscript.h:529)
ERROR: Stack underflow! (Engine Bug)
   at: exit_function (modules/gdscript/gdscript.h:529)
ERROR: Stack underflow! (Engine Bug)
   at: exit_function (modules/gdscript/gdscript.h:529)
ERROR: Stack underflow! (Engine Bug)
   at: exit_function (modules/gdscript/gdscript.h:529)
ERROR: Stack underflow! (Engine Bug)
   at: exit_function (modules/gdscript/gdscript.h:529)
ERROR: Stack underflow! (Engine Bug)
   at: exit_function (modules/gdscript/gdscript.h:529)
ERROR: Stack underflow! (Engine Bug)
   at: exit_function (modules/gdscript/gdscript.h:529)
ERROR: Stack underflow! (Engine Bug)
   at: exit_function (modules/gdscript/gdscript.h:529)
ERROR: Stack underflow! (Engine Bug)
   at: exit_function (modules/gdscript/gdscript.h:529)
ERROR: Stack underflow! (Engine Bug)
   at: exit_function (modules/gdscript/gdscript.h:529)
ERROR: Stack underflow! (Engine Bug)
   at: exit_function (modules/gdscript/gdscript.h:529)
ERROR: Stack underflow! (Engine Bug)
   at: exit_function (modules/gdscript/gdscript.h:529)
ERROR: Stack underflow! (Engine Bug)
   at: exit_function (modules/gdscript/gdscript.h:529)
ERROR: Stack underflow! (Engine Bug)
   at: exit_function (modules/gdscript/gdscript.h:529)
ERROR: Stack underflow! (Engine Bug)
   at: exit_function (modules/gdscript/gdscript.h:529)
ERROR: Stack underflow! (Engine Bug)
   at: exit_function (modules/gdscript/gdscript.h:529)
ERROR: Stack underflow! (Engine Bug)
   at: exit_function (modules/gdscript/gdscript.h:529)
ERROR: Stack underflow! (Engine Bug)
   at: exit_function (modules/gdscript/gdscript.h:529)
ERROR: Stack underflow! (Engine Bug)
   at: exit_function (modules/gdscript/gdscript.h:529)
ERROR: Stack underflow! (Engine Bug)
   at: exit_function (modules/gdscript/gdscript.h:529)
ERROR: Stack underflow! (Engine Bug)
   at: exit_function (modules/gdscript/gdscript.h:529)
ERROR: Stack underflow! (Engine Bug)
   at: exit_function (modules/gdscript/gdscript.h:529)
ERROR: Stack underflow! (Engine Bug)
   at: exit_function (modules/gdscript/gdscript.h:529)
ERROR: Stack underflow! (Engine Bug)
   at: exit_function (modules/gdscript/gdscript.h:529)
ERROR: Stack underflow! (Engine Bug)
   at: exit_function (modules/gdscript/gdscript.h:529)
ERROR: Stack underflow! (Engine Bug)
   at: exit_function (modules/gdscript/gdscript.h:529)
ERROR: Stack underflow! (Engine Bug)
   at: exit_function (modules/gdscript/gdscript.h:529)
ERROR: Stack underflow! (Engine Bug)
   at: exit_function (modules/gdscript/gdscript.h:529)
ERROR: Stack underflow! (Engine Bug)
   at: exit_function (modules/gdscript/gdscript.h:529)
ERROR: Stack underflow! (Engine Bug)
   at: exit_function (modules/gdscript/gdscript.h:529)
ERROR: Stack underflow! (Engine Bug)
   at: exit_function (modules/gdscript/gdscript.h:529)
ERROR: Stack underflow! (Engine Bug)
   at: exit_function (modules/gdscript/gdscript.h:529)
ERROR: Stack underflow! (Engine Bug)
   at: exit_function (modules/gdscript/gdscript.h:529)
ERROR: Stack underflow! (Engine Bug)
   at: exit_function (modules/gdscript/gdscript.h:529)
ERROR: Stack underflow! (Engine Bug)
   at: exit_function (modules/gdscript/gdscript.h:529)
ERROR: Stack underflow! (Engine Bug)
   at: exit_function (modules/gdscript/gdscript.h:529)
ERROR: Stack underflow! (Engine Bug)
   at: exit_function (modules/gdscript/gdscript.h:529)
ERROR: Stack underflow! (Engine Bug)
   at: exit_function (modules/gdscript/gdscript.h:529)
ERROR: Stack underflow! (Engine Bug)
   at: exit_function (modules/gdscript/gdscript.h:529)
ERROR: Stack underflow! (Engine Bug)
   at: exit_function (modules/gdscript/gdscript.h:529)
ERROR: Stack underflow! (Engine Bug)
   at: exit_function (modules/gdscript/gdscript.h:529)
ERROR: Stack underflow! (Engine Bug)
   at: exit_function (modules/gdscript/gdscript.h:529)
ERROR: Stack underflow! (Engine Bug)
   at: exit_function (modules/gdscript/gdscript.h:529)
ERROR: Stack underflow! (Engine Bug)
   at: exit_function (modules/gdscript/gdscript.h:529)
ERROR: Stack underflow! (Engine Bug)
   at: exit_function (modules/gdscript/gdscript.h:529)
ERROR: Stack underflow! (Engine Bug)
   at: exit_function (modules/gdscript/gdscript.h:529)
ERROR: Stack underflow! (Engine Bug)
   at: exit_function (modules/gdscript/gdscript.h:529)
ERROR: Stack underflow! (Engine Bug)
   at: exit_function (modules/gdscript/gdscript.h:529)
ERROR: Stack underflow! (Engine Bug)
   at: exit_function (modules/gdscript/gdscript.h:529)
ERROR: Stack underflow! (Engine Bug)
   at: exit_function (modules/gdscript/gdscript.h:529)
ERROR: Stack underflow! (Engine Bug)
   at: exit_function (modules/gdscript/gdscript.h:529)
ERROR: Stack underflow! (Engine Bug)
   at: exit_function (modules/gdscript/gdscript.h:529)
ERROR: Stack underflow! (Engine Bug)
   at: exit_function (modules/gdscript/gdscript.h:529)
ERROR: Stack underflow! (Engine Bug)
   at: exit_function (modules/gdscript/gdscript.h:529)
ERROR: Stack underflow! (Engine Bug)
   at: exit_function (modules/gdscript/gdscript.h:529)
ERROR: Stack underflow! (Engine Bug)
   at: exit_function (modules/gdscript/gdscript.h:529)
ERROR: Stack underflow! (Engine Bug)
   at: exit_function (modules/gdscript/gdscript.h:529)
ERROR: Stack underflow! (Engine Bug)
   at: exit_function (modules/gdscript/gdscript.h:529)
ERROR: Stack underflow! (Engine Bug)
   at: exit_function (modules/gdscript/gdscript.h:529)
ERROR: Stack underflow! (Engine Bug)
   at: exit_function (modules/gdscript/gdscript.h:529)
ERROR: Stack underflow! (Engine Bug)
   at: exit_function (modules/gdscript/gdscript.h:529)
ERROR: Stack underflow! (Engine Bug)
   at: exit_function (modules/gdscript/gdscript.h:529)
ERROR: Stack underflow! (Engine Bug)
   at: exit_function (modules/gdscript/gdscript.h:529)
ERROR: Stack underflow! (Engine Bug)
   at: exit_function (modules/gdscript/gdscript.h:529)
ERROR: Stack underflow! (Engine Bug)
   at: exit_function (modules/gdscript/gdscript.h:529)
ERROR: Stack underflow! (Engine Bug)
   at: exit_function (modules/gdscript/gdscript.h:529)
ERROR: Stack underflow! (Engine Bug)
   at: exit_function (modules/gdscript/gdscript.h:529)
ERROR: Stack underflow! (Engine Bug)
   at: exit_function (modules/gdscript/gdscript.h:529)
ERROR: Stack underflow! (Engine Bug)
   at: exit_function (modules/gdscript/gdscript.h:529)
ERROR: Stack underflow! (Engine Bug)
   at: exit_function (modules/gdscript/gdscript.h:529)
ERROR: Stack underflow! (Engine Bug)
   at: exit_function (modules/gdscript/gdscript.h:529)
ERROR: Stack underflow! (Engine Bug)
   at: exit_function (modules/gdscript/gdscript.h:529)
ERROR: Stack underflow! (Engine Bug)
   at: exit_function (modules/gdscript/gdscript.h:529)
ERROR: Stack underflow! (Engine Bug)
   at: exit_function (modules/gdscript/gdscript.h:529)
ERROR: Stack underflow! (Engine Bug)
   at: exit_function (modules/gdscript/gdscript.h:529)
ERROR: Stack underflow! (Engine Bug)
   at: exit_function (modules/gdscript/gdscript.h:529)
ERROR: Stack underflow! (Engine Bug)
   at: exit_function (modules/gdscript/gdscript.h:529)
ERROR: Stack underflow! (Engine Bug)
   at: exit_function (modules/gdscript/gdscript.h:529)
ERROR: Stack underflow! (Engine Bug)
   at: exit_function (modules/gdscript/gdscript.h:529)
ERROR: Stack underflow! (Engine Bug)
   at: exit_function (modules/gdscript/gdscript.h:529)
ERROR: Stack underflow! (Engine Bug)
   at: exit_function (modules/gdscript/gdscript.h:529)
ERROR: Stack underflow! (Engine Bug)
   at: exit_function (modules/gdscript/gdscript.h:529)
ERROR: Stack underflow! (Engine Bug)
   at: exit_function (modules/gdscript/gdscript.h:529)
ERROR: Stack underflow! (Engine Bug)
   at: exit_function (modules/gdscript/gdscript.h:529)
ERROR: Stack underflow! (Engine Bug)
   at: exit_function (modules/gdscript/gdscript.h:529)
ERROR: Stack underflow! (Engine Bug)
   at: exit_function (modules/gdscript/gdscript.h:529)
ERROR: Stack underflow! (Engine Bug)
   at: exit_function (modules/gdscript/gdscript.h:529)
ERROR: Stack underflow! (Engine Bug)
   at: exit_function (modules/gdscript/gdscript.h:529)
ERROR: Stack underflow! (Engine Bug)
   at: exit_function (modules/gdscript/gdscript.h:529)
ERROR: Stack underflow! (Engine Bug)
   at: exit_function (modules/gdscript/gdscript.h:529)
ERROR: Stack underflow! (Engine Bug)
   at: exit_function (modules/gdscript/gdscript.h:529)
ERROR: Stack underflow! (Engine Bug)
   at: exit_function (modules/gdscript/gdscript.h:529)
ERROR: Stack underflow! (Engine Bug)
   at: exit_function (modules/gdscript/gdscript.h:529)
ERROR: Stack underflow! (Engine Bug)
   at: exit_function (modules/gdscript/gdscript.h:529)
ERROR: Stack underflow! (Engine Bug)
   at: exit_function (modules/gdscript/gdscript.h:529)
ERROR: Stack underflow! (Engine Bug)
   at: exit_function (modules/gdscript/gdscript.h:529)
ERROR: Stack underflow! (Engine Bug)
   at: exit_function (modules/gdscript/gdscript.h:529)
ERROR: Stack underflow! (Engine Bug)
   at: exit_function (modules/gdscript/gdscript.h:529)
ERROR: Stack underflow! (Engine Bug)
   at: exit_function (modules/gdscript/gdscript.h:529)
ERROR: Stack underflow! (Engine Bug)
   at: exit_function (modules/gdscript/gdscript.h:529)
ERROR: Stack underflow! (Engine Bug)
   at: exit_function (modules/gdscript/gdscript.h:529)
ERROR: Stack underflow! (Engine Bug)
   at: exit_function (modules/gdscript/gdscript.h:529)
ERROR: Stack underflow! (Engine Bug)
   at: exit_function (modules/gdscript/gdscript.h:529)
ERROR: Stack underflow! (Engine Bug)
   at: exit_function (modules/gdscript/gdscript.h:529)
ERROR: Stack underflow! (Engine Bug)
   at: exit_function (modules/gdscript/gdscript.h:529)
ERROR: Stack underflow! (Engine Bug)
   at: exit_function (modules/gdscript/gdscript.h:529)
ERROR: Stack underflow! (Engine Bug)
   at: exit_function (modules/gdscript/gdscript.h:529)
ERROR: Stack underflow! (Engine Bug)
   at: exit_function (modules/gdscript/gdscript.h:529)
ERROR: Stack underflow! (Engine Bug)
   at: exit_function (modules/gdscript/gdscript.h:529)
ERROR: Stack underflow! (Engine Bug)
   at: exit_function (modules/gdscript/gdscript.h:529)
ERROR: Stack underflow! (Engine Bug)
   at: exit_function (modules/gdscript/gdscript.h:529)
ERROR: Stack underflow! (Engine Bug)
   at: exit_function (modules/gdscript/gdscript.h:529)
ERROR: Stack underflow! (Engine Bug)
   at: exit_function (modules/gdscript/gdscript.h:529)
ERROR: Stack underflow! (Engine Bug)
   at: exit_function (modules/gdscript/gdscript.h:529)
ERROR: Stack underflow! (Engine Bug)
   at: exit_function (modules/gdscript/gdscript.h:529)
ERROR: Stack underflow! (Engine Bug)
   at: exit_function (modules/gdscript/gdscript.h:529)
ERROR: Stack underflow! (Engine Bug)
   at: exit_function (modules/gdscript/gdscript.h:529)
ERROR: Stack underflow! (Engine Bug)
   at: exit_function (modules/gdscript/gdscript.h:529)
ERROR: Stack underflow! (Engine Bug)
   at: exit_function (modules/gdscript/gdscript.h:529)
ERROR: Stack underflow! (Engine Bug)
   at: exit_function (modules/gdscript/gdscript.h:529)
ERROR: Stack underflow! (Engine Bug)
   at: exit_function (modules/gdscript/gdscript.h:529)
ERROR: Stack underflow! (Engine Bug)
   at: exit_function (modules/gdscript/gdscript.h:529)
ERROR: Stack underflow! (Engine Bug)
   at: exit_function (modules/gdscript/gdscript.h:529)
ERROR: Stack underflow! (Engine Bug)
   at: exit_function (modules/gdscript/gdscript.h:529)
ERROR: Stack underflow! (Engine Bug)
   at: exit_function (modules/gdscript/gdscript.h:529)
ERROR: Stack underflow! (Engine Bug)
   at: exit_function (modules/gdscript/gdscript.h:529)
ERROR: Stack underflow! (Engine Bug)
   at: exit_function (modules/gdscript/gdscript.h:529)
ERROR: Stack underflow! (Engine Bug)
   at: exit_function (modules/gdscript/gdscript.h:529)
ERROR: Stack underflow! (Engine Bug)
   at: exit_function (modules/gdscript/gdscript.h:529)
ERROR: Stack underflow! (Engine Bug)
   at: exit_function (modules/gdscript/gdscript.h:529)
ERROR: Stack underflow! (Engine Bug)
   at: exit_function (modules/gdscript/gdscript.h:529)
ERROR: Stack underflow! (Engine Bug)
   at: exit_function (modules/gdscript/gdscript.h:529)
ERROR: Stack underflow! (Engine Bug)
   at: exit_function (modules/gdscript/gdscript.h:529)
ERROR: Stack underflow! (Engine Bug)
   at: exit_function (modules/gdscript/gdscript.h:529)
ERROR: Stack underflow! (Engine Bug)
   at: exit_function (modules/gdscript/gdscript.h:529)
ERROR: Stack underflow! (Engine Bug)
   at: exit_function (modules/gdscript/gdscript.h:529)
ERROR: Stack underflow! (Engine Bug)
   at: exit_function (modules/gdscript/gdscript.h:529)
ERROR: Stack underflow! (Engine Bug)
   at: exit_function (modules/gdscript/gdscript.h:529)
ERROR: Stack underflow! (Engine Bug)
   at: exit_function (modules/gdscript/gdscript.h:529)
ERROR: Stack underflow! (Engine Bug)
   at: exit_function (modules/gdscript/gdscript.h:529)
ERROR: Stack underflow! (Engine Bug)
   at: exit_function (modules/gdscript/gdscript.h:529)
ERROR: Stack underflow! (Engine Bug)
   at: exit_function (modules/gdscript/gdscript.h:529)
ERROR: Stack underflow! (Engine Bug)
   at: exit_function (modules/gdscript/gdscript.h:529)
ERROR: Stack underflow! (Engine Bug)
   at: exit_function (modules/gdscript/gdscript.h:529)
ERROR: Stack underflow! (Engine Bug)
   at: exit_function (modules/gdscript/gdscript.h:529)
ERROR: Stack underflow! (Engine Bug)
   at: exit_function (modules/gdscript/gdscript.h:529)
ERROR: Stack underflow! (Engine Bug)
   at: exit_function (modules/gdscript/gdscript.h:529)
ERROR: Stack underflow! (Engine Bug)
   at: exit_function (modules/gdscript/gdscript.h:529)
ERROR: Stack underflow! (Engine Bug)
   at: exit_function (modules/gdscript/gdscript.h:529)
ERROR: Stack underflow! (Engine Bug)
   at: exit_function (modules/gdscript/gdscript.h:529)
ERROR: Stack underflow! (Engine Bug)
   at: exit_function (modules/gdscript/gdscript.h:529)
ERROR: Stack underflow! (Engine Bug)
   at: exit_function (modules/gdscript/gdscript.h:529)
ERROR: Stack underflow! (Engine Bug)
   at: exit_function (modules/gdscript/gdscript.h:529)
ERROR: Stack underflow! (Engine Bug)
   at: exit_function (modules/gdscript/gdscript.h:529)
ERROR: Stack underflow! (Engine Bug)
   at: exit_function (modules/gdscript/gdscript.h:529)
ERROR: Stack underflow! (Engine Bug)
   at: exit_function (modules/gdscript/gdscript.h:529)
ERROR: Stack underflow! (Engine Bug)
   at: exit_function (modules/gdscript/gdscript.h:529)
ERROR: Stack underflow! (Engine Bug)
   at: exit_function (modules/gdscript/gdscript.h:529)
ERROR: Stack underflow! (Engine Bug)
   at: exit_function (modules/gdscript/gdscript.h:529)
ERROR: Stack underflow! (Engine Bug)
   at: exit_function (modules/gdscript/gdscript.h:529)
ERROR: Stack underflow! (Engine Bug)
   at: exit_function (modules/gdscript/gdscript.h:529)
ERROR: Stack underflow! (Engine Bug)
   at: exit_function (modules/gdscript/gdscript.h:529)
ERROR: Stack underflow! (Engine Bug)
   at: exit_function (modules/gdscript/gdscript.h:529)
ERROR: Stack underflow! (Engine Bug)
   at: exit_function (modules/gdscript/gdscript.h:529)
ERROR: Stack underflow! (Engine Bug)
   at: exit_function (modules/gdscript/gdscript.h:529)
ERROR: Stack underflow! (Engine Bug)
   at: exit_function (modules/gdscript/gdscript.h:529)
ERROR: Stack underflow! (Engine Bug)
   at: exit_function (modules/gdscript/gdscript.h:529)
ERROR: Stack underflow! (Engine Bug)
   at: exit_function (modules/gdscript/gdscript.h:529)
ERROR: Stack underflow! (Engine Bug)
   at: exit_function (modules/gdscript/gdscript.h:529)
ERROR: Stack underflow! (Engine Bug)
   at: exit_function (modules/gdscript/gdscript.h:529)
ERROR: Stack underflow! (Engine Bug)
   at: exit_function (modules/gdscript/gdscript.h:529)
ERROR: Stack underflow! (Engine Bug)
   at: exit_function (modules/gdscript/gdscript.h:529)
ERROR: Stack underflow! (Engine Bug)
   at: exit_function (modules/gdscript/gdscript.h:529)
ERROR: Stack underflow! (Engine Bug)
   at: exit_function (modules/gdscript/gdscript.h:529)
ERROR: Stack underflow! (Engine Bug)
   at: exit_function (modules/gdscript/gdscript.h:529)
ERROR: Stack underflow! (Engine Bug)
   at: exit_function (modules/gdscript/gdscript.h:529)
ERROR: Stack underflow! (Engine Bug)
   at: exit_function (modules/gdscript/gdscript.h:529)
ERROR: Stack underflow! (Engine Bug)
   at: exit_function (modules/gdscript/gdscript.h:529)
ERROR: Stack underflow! (Engine Bug)
   at: exit_function (modules/gdscript/gdscript.h:529)
ERROR: Stack underflow! (Engine Bug)
   at: exit_function (modules/gdscript/gdscript.h:529)
ERROR: Stack underflow! (Engine Bug)
   at: exit_function (modules/gdscript/gdscript.h:529)
ERROR: Stack underflow! (Engine Bug)
   at: exit_function (modules/gdscript/gdscript.h:529)
ERROR: Stack underflow! (Engine Bug)
   at: exit_function (modules/gdscript/gdscript.h:529)
ERROR: Stack underflow! (Engine Bug)
   at: exit_function (modules/gdscript/gdscript.h:529)
ERROR: Stack underflow! (Engine Bug)
   at: exit_function (modules/gdscript/gdscript.h:529)
ERROR: Stack underflow! (Engine Bug)
   at: exit_function (modules/gdscript/gdscript.h:529)
ERROR: Stack underflow! (Engine Bug)
   at: exit_function (modules/gdscript/gdscript.h:529)
ERROR: Stack underflow! (Engine Bug)
   at: exit_function (modules/gdscript/gdscript.h:529)
ERROR: Stack underflow! (Engine Bug)
   at: exit_function (modules/gdscript/gdscript.h:529)
ERROR: Stack underflow! (Engine Bug)
   at: exit_function (modules/gdscript/gdscript.h:529)
ERROR: Stack underflow! (Engine Bug)
   at: exit_function (modules/gdscript/gdscript.h:529)
ERROR: Stack underflow! (Engine Bug)
   at: exit_function (modules/gdscript/gdscript.h:529)
ERROR: Stack underflow! (Engine Bug)
   at: exit_function (modules/gdscript/gdscript.h:529)
ERROR: Stack underflow! (Engine Bug)
   at: exit_function (modules/gdscript/gdscript.h:529)
ERROR: Stack underflow! (Engine Bug)
   at: exit_function (modules/gdscript/gdscript.h:529)
ERROR: Stack underflow! (Engine Bug)
   at: exit_function (modules/gdscript/gdscript.h:529)
ERROR: Stack underflow! (Engine Bug)
   at: exit_function (modules/gdscript/gdscript.h:529)
ERROR: Stack underflow! (Engine Bug)
   at: exit_function (modules/gdscript/gdscript.h:529)
ERROR: Stack underflow! (Engine Bug)
   at: exit_function (modules/gdscript/gdscript.h:529)
ERROR: Stack underflow! (Engine Bug)
   at: exit_function (modules/gdscript/gdscript.h:529)
ERROR: Stack underflow! (Engine Bug)
   at: exit_function (modules/gdscript/gdscript.h:529)
ERROR: Stack underflow! (Engine Bug)
   at: exit_function (modules/gdscript/gdscript.h:529)
ERROR: Stack underflow! (Engine Bug)
   at: exit_function (modules/gdscript/gdscript.h:529)
ERROR: Stack underflow! (Engine Bug)
   at: exit_function (modules/gdscript/gdscript.h:529)
ERROR: Stack underflow! (Engine Bug)
   at: exit_function (modules/gdscript/gdscript.h:529)
ERROR: Stack underflow! (Engine Bug)
   at: exit_function (modules/gdscript/gdscript.h:529)
ERROR: Stack underflow! (Engine Bug)
   at: exit_function (modules/gdscript/gdscript.h:529)
ERROR: Stack underflow! (Engine Bug)
   at: exit_function (modules/gdscript/gdscript.h:529)
ERROR: Stack underflow! (Engine Bug)
   at: exit_function (modules/gdscript/gdscript.h:529)
ERROR: Stack underflow! (Engine Bug)
   at: exit_function (modules/gdscript/gdscript.h:529)
ERROR: Stack underflow! (Engine Bug)
   at: exit_function (modules/gdscript/gdscript.h:529)
ERROR: Stack underflow! (Engine Bug)
   at: exit_function (modules/gdscript/gdscript.h:529)
ERROR: Stack underflow! (Engine Bug)
   at: exit_function (modules/gdscript/gdscript.h:529)
ERROR: Stack underflow! (Engine Bug)
   at: exit_function (modules/gdscript/gdscript.h:529)
ERROR: Stack underflow! (Engine Bug)
   at: exit_function (modules/gdscript/gdscript.h:529)
ERROR: Stack underflow! (Engine Bug)
   at: exit_function (modules/gdscript/gdscript.h:529)
ERROR: Stack underflow! (Engine Bug)
   at: exit_function (modules/gdscript/gdscript.h:529)
ERROR: Stack underflow! (Engine Bug)
   at: exit_function (modules/gdscript/gdscript.h:529)
ERROR: Stack underflow! (Engine Bug)
   at: exit_function (modules/gdscript/gdscript.h:529)
ERROR: Stack underflow! (Engine Bug)
   at: exit_function (modules/gdscript/gdscript.h:529)
ERROR: Stack underflow! (Engine Bug)
   at: exit_function (modules/gdscript/gdscript.h:529)
ERROR: Stack underflow! (Engine Bug)
   at: exit_function (modules/gdscript/gdscript.h:529)
ERROR: Stack underflow! (Engine Bug)
   at: exit_function (modules/gdscript/gdscript.h:529)
ERROR: Stack underflow! (Engine Bug)
   at: exit_function (modules/gdscript/gdscript.h:529)
ERROR: Stack underflow! (Engine Bug)
   at: exit_function (modules/gdscript/gdscript.h:529)
ERROR: Stack underflow! (Engine Bug)
   at: exit_function (modules/gdscript/gdscript.h:529)
ERROR: Stack underflow! (Engine Bug)
   at: exit_function (modules/gdscript/gdscript.h:529)
ERROR: Stack underflow! (Engine Bug)
   at: exit_function (modules/gdscript/gdscript.h:529)
ERROR: Stack underflow! (Engine Bug)
   at: exit_function (modules/gdscript/gdscript.h:529)
ERROR: Stack underflow! (Engine Bug)
   at: exit_function (modules/gdscript/gdscript.h:529)
ERROR: Stack underflow! (Engine Bug)
   at: exit_function (modules/gdscript/gdscript.h:529)
ERROR: Stack underflow! (Engine Bug)
   at: exit_function (modules/gdscript/gdscript.h:529)
ERROR: Stack underflow! (Engine Bug)
   at: exit_function (modules/gdscript/gdscript.h:529)
ERROR: Stack underflow! (Engine Bug)
   at: exit_function (modules/gdscript/gdscript.h:529)
ERROR: Stack underflow! (Engine Bug)
   at: exit_function (modules/gdscript/gdscript.h:529)
ERROR: Stack underflow! (Engine Bug)
   at: exit_function (modules/gdscript/gdscript.h:529)
ERROR: Stack underflow! (Engine Bug)
   at: exit_function (modules/gdscript/gdscript.h:529)
ERROR: Stack underflow! (Engine Bug)
   at: exit_function (modules/gdscript/gdscript.h:529)
ERROR: Stack underflow! (Engine Bug)
   at: exit_function (modules/gdscript/gdscript.h:529)
ERROR: Stack underflow! (Engine Bug)
   at: exit_function (modules/gdscript/gdscript.h:529)
ERROR: Stack underflow! (Engine Bug)
   at: exit_function (modules/gdscript/gdscript.h:529)
ERROR: Stack underflow! (Engine Bug)
   at: exit_function (modules/gdscript/gdscript.h:529)
ERROR: Stack underflow! (Engine Bug)
   at: exit_function (modules/gdscript/gdscript.h:529)
ERROR: Stack underflow! (Engine Bug)
   at: exit_function (modules/gdscript/gdscript.h:529)
ERROR: Stack underflow! (Engine Bug)
   at: exit_function (modules/gdscript/gdscript.h:529)
ERROR: Stack underflow! (Engine Bug)
   at: exit_function (modules/gdscript/gdscript.h:529)
ERROR: Stack underflow! (Engine Bug)
   at: exit_function (modules/gdscript/gdscript.h:529)
ERROR: Stack underflow! (Engine Bug)
   at: exit_function (modules/gdscript/gdscript.h:529)
ERROR: Stack underflow! (Engine Bug)
   at: exit_function (modules/gdscript/gdscript.h:529)
ERROR: Stack underflow! (Engine Bug)
   at: exit_function (modules/gdscript/gdscript.h:529)
ERROR: Stack underflow! (Engine Bug)
   at: exit_function (modules/gdscript/gdscript.h:529)
ERROR: Stack underflow! (Engine Bug)
   at: exit_function (modules/gdscript/gdscript.h:529)
ERROR: Stack underflow! (Engine Bug)
   at: exit_function (modules/gdscript/gdscript.h:529)
ERROR: Stack underflow! (Engine Bug)
   at: exit_function (modules/gdscript/gdscript.h:529)
ERROR: Stack underflow! (Engine Bug)
   at: exit_function (modules/gdscript/gdscript.h:529)
ERROR: Stack underflow! (Engine Bug)
   at: exit_function (modules/gdscript/gdscript.h:529)
ERROR: Stack underflow! (Engine Bug)
   at: exit_function (modules/gdscript/gdscript.h:529)
ERROR: Stack underflow! (Engine Bug)
   at: exit_function (modules/gdscript/gdscript.h:529)
ERROR: Stack underflow! (Engine Bug)
   at: exit_function (modules/gdscript/gdscript.h:529)
ERROR: Stack underflow! (Engine Bug)
   at: exit_function (modules/gdscript/gdscript.h:529)
ERROR: Stack underflow! (Engine Bug)
   at: exit_function (modules/gdscript/gdscript.h:529)
ERROR: Stack underflow! (Engine Bug)
   at: exit_function (modules/gdscript/gdscript.h:529)
ERROR: Stack underflow! (Engine Bug)
   at: exit_function (modules/gdscript/gdscript.h:529)
ERROR: Stack underflow! (Engine Bug)
   at: exit_function (modules/gdscript/gdscript.h:529)
ERROR: Stack underflow! (Engine Bug)
   at: exit_function (modules/gdscript/gdscript.h:529)
ERROR: Stack underflow! (Engine Bug)
   at: exit_function (modules/gdscript/gdscript.h:529)
ERROR: Stack underflow! (Engine Bug)
   at: exit_function (modules/gdscript/gdscript.h:529)
ERROR: Stack underflow! (Engine Bug)
   at: exit_function (modules/gdscript/gdscript.h:529)
ERROR: Stack underflow! (Engine Bug)
   at: exit_function (modules/gdscript/gdscript.h:529)
ERROR: Stack underflow! (Engine Bug)
   at: exit_function (modules/gdscript/gdscript.h:529)
ERROR: Stack underflow! (Engine Bug)
   at: exit_function (modules/gdscript/gdscript.h:529)
ERROR: Stack underflow! (Engine Bug)
   at: exit_function (modules/gdscript/gdscript.h:529)
ERROR: Stack underflow! (Engine Bug)
   at: exit_function (modules/gdscript/gdscript.h:529)
ERROR: Stack underflow! (Engine Bug)
   at: exit_function (modules/gdscript/gdscript.h:529)
ERROR: Stack underflow! (Engine Bug)
   at: exit_function (modules/gdscript/gdscript.h:529)
ERROR: Stack underflow! (Engine Bug)
   at: exit_function (modules/gdscript/gdscript.h:529)
ERROR: Stack underflow! (Engine Bug)
   at: exit_function (modules/gdscript/gdscript.h:529)
ERROR: Stack underflow! (Engine Bug)
   at: exit_function (modules/gdscript/gdscript.h:529)
ERROR: Stack underflow! (Engine Bug)
   at: exit_function (modules/gdscript/gdscript.h:529)
ERROR: Stack underflow! (Engine Bug)
   at: exit_function (modules/gdscript/gdscript.h:529)
ERROR: Stack underflow! (Engine Bug)
   at: exit_function (modules/gdscript/gdscript.h:529)
ERROR: Stack underflow! (Engine Bug)
   at: exit_function (modules/gdscript/gdscript.h:529)
ERROR: Stack underflow! (Engine Bug)
   at: exit_function (modules/gdscript/gdscript.h:529)
ERROR: Stack underflow! (Engine Bug)
   at: exit_function (modules/gdscript/gdscript.h:529)
ERROR: Stack underflow! (Engine Bug)
   at: exit_function (modules/gdscript/gdscript.h:529)
ERROR: Stack underflow! (Engine Bug)
   at: exit_function (modules/gdscript/gdscript.h:529)
ERROR: Stack underflow! (Engine Bug)
   at: exit_function (modules/gdscript/gdscript.h:529)
ERROR: Stack underflow! (Engine Bug)
   at: exit_function (modules/gdscript/gdscript.h:529)
ERROR: Stack underflow! (Engine Bug)
   at: exit_function (modules/gdscript/gdscript.h:529)
ERROR: Stack underflow! (Engine Bug)
   at: exit_function (modules/gdscript/gdscript.h:529)
ERROR: Stack underflow! (Engine Bug)
   at: exit_function (modules/gdscript/gdscript.h:529)
ERROR: Stack underflow! (Engine Bug)
   at: exit_function (modules/gdscript/gdscript.h:529)
ERROR: Stack underflow! (Engine Bug)
   at: exit_function (modules/gdscript/gdscript.h:529)
ERROR: Stack underflow! (Engine Bug)
   at: exit_function (modules/gdscript/gdscript.h:529)
ERROR: Stack underflow! (Engine Bug)
   at: exit_function (modules/gdscript/gdscript.h:529)
ERROR: Stack underflow! (Engine Bug)
   at: exit_function (modules/gdscript/gdscript.h:529)
ERROR: Stack underflow! (Engine Bug)
   at: exit_function (modules/gdscript/gdscript.h:529)
ERROR: Stack underflow! (Engine Bug)
   at: exit_function (modules/gdscript/gdscript.h:529)
ERROR: Stack underflow! (Engine Bug)
   at: exit_function (modules/gdscript/gdscript.h:529)
ERROR: Stack underflow! (Engine Bug)
   at: exit_function (modules/gdscript/gdscript.h:529)
ERROR: Stack underflow! (Engine Bug)
   at: exit_function (modules/gdscript/gdscript.h:529)
ERROR: Stack underflow! (Engine Bug)
   at: exit_function (modules/gdscript/gdscript.h:529)
ERROR: Stack underflow! (Engine Bug)
   at: exit_function (modules/gdscript/gdscript.h:529)
ERROR: Stack underflow! (Engine Bug)
   at: exit_function (modules/gdscript/gdscript.h:529)
ERROR: Stack underflow! (Engine Bug)
   at: exit_function (modules/gdscript/gdscript.h:529)
ERROR: Stack underflow! (Engine Bug)
   at: exit_function (modules/gdscript/gdscript.h:529)
ERROR: Stack underflow! (Engine Bug)
   at: exit_function (modules/gdscript/gdscript.h:529)
ERROR: Stack underflow! (Engine Bug)
   at: exit_function (modules/gdscript/gdscript.h:529)
ERROR: Stack underflow! (Engine Bug)
   at: exit_function (modules/gdscript/gdscript.h:529)
ERROR: Stack underflow! (Engine Bug)
   at: exit_function (modules/gdscript/gdscript.h:529)
ERROR: Stack underflow! (Engine Bug)
   at: exit_function (modules/gdscript/gdscript.h:529)
ERROR: Stack underflow! (Engine Bug)
   at: exit_function (modules/gdscript/gdscript.h:529)
ERROR: Stack underflow! (Engine Bug)
   at: exit_function (modules/gdscript/gdscript.h:529)
ERROR: Stack underflow! (Engine Bug)
   at: exit_function (modules/gdscript/gdscript.h:529)
ERROR: Stack underflow! (Engine Bug)
   at: exit_function (modules/gdscript/gdscript.h:529)
ERROR: Stack underflow! (Engine Bug)
   at: exit_function (modules/gdscript/gdscript.h:529)
ERROR: Stack underflow! (Engine Bug)
   at: exit_function (modules/gdscript/gdscript.h:529)
ERROR: Stack underflow! (Engine Bug)
   at: exit_function (modules/gdscript/gdscript.h:529)
ERROR: Stack underflow! (Engine Bug)
   at: exit_function (modules/gdscript/gdscript.h:529)
ERROR: Stack underflow! (Engine Bug)
   at: exit_function (modules/gdscript/gdscript.h:529)
ERROR: Stack underflow! (Engine Bug)
   at: exit_function (modules/gdscript/gdscript.h:529)
ERROR: Stack underflow! (Engine Bug)
   at: exit_function (modules/gdscript/gdscript.h:529)
ERROR: Stack underflow! (Engine Bug)
   at: exit_function (modules/gdscript/gdscript.h:529)
ERROR: Stack underflow! (Engine Bug)
   at: exit_function (modules/gdscript/gdscript.h:529)
ERROR: Stack underflow! (Engine Bug)
   at: exit_function (modules/gdscript/gdscript.h:529)
ERROR: Stack underflow! (Engine Bug)
   at: exit_function (modules/gdscript/gdscript.h:529)
ERROR: Stack underflow! (Engine Bug)
   at: exit_function (modules/gdscript/gdscript.h:529)
ERROR: Stack underflow! (Engine Bug)
   at: exit_function (modules/gdscript/gdscript.h:529)
ERROR: Stack underflow! (Engine Bug)
   at: exit_function (modules/gdscript/gdscript.h:529)
ERROR: Stack underflow! (Engine Bug)
   at: exit_function (modules/gdscript/gdscript.h:529)
ERROR: Stack underflow! (Engine Bug)
   at: exit_function (modules/gdscript/gdscript.h:529)
ERROR: Stack underflow! (Engine Bug)
   at: exit_function (modules/gdscript/gdscript.h:529)
ERROR: Stack underflow! (Engine Bug)
   at: exit_function (modules/gdscript/gdscript.h:529)
ERROR: Stack underflow! (Engine Bug)
   at: exit_function (modules/gdscript/gdscript.h:529)
ERROR: Stack underflow! (Engine Bug)
   at: exit_function (modules/gdscript/gdscript.h:529)
ERROR: Stack underflow! (Engine Bug)
   at: exit_function (modules/gdscript/gdscript.h:529)
ERROR: Stack underflow! (Engine Bug)
   at: exit_function (modules/gdscript/gdscript.h:529)
ERROR: Stack underflow! (Engine Bug)
   at: exit_function (modules/gdscript/gdscript.h:529)
ERROR: Stack underflow! (Engine Bug)
   at: exit_function (modules/gdscript/gdscript.h:529)
ERROR: Stack underflow! (Engine Bug)
   at: exit_function (modules/gdscript/gdscript.h:529)
ERROR: Stack underflow! (Engine Bug)
   at: exit_function (modules/gdscript/gdscript.h:529)
ERROR: Stack underflow! (Engine Bug)
   at: exit_function (modules/gdscript/gdscript.h:529)
ERROR: Stack underflow! (Engine Bug)
   at: exit_function (modules/gdscript/gdscript.h:529)
ERROR: Stack underflow! (Engine Bug)
   at: exit_function (modules/gdscript/gdscript.h:529)
ERROR: Stack underflow! (Engine Bug)
   at: exit_function (modules/gdscript/gdscript.h:529)
ERROR: Stack underflow! (Engine Bug)
   at: exit_function (modules/gdscript/gdscript.h:529)
ERROR: Stack underflow! (Engine Bug)
   at: exit_function (modules/gdscript/gdscript.h:529)
ERROR: Stack underflow! (Engine Bug)
   at: exit_function (modules/gdscript/gdscript.h:529)
ERROR: Stack underflow! (Engine Bug)
   at: exit_function (modules/gdscript/gdscript.h:529)
ERROR: Stack underflow! (Engine Bug)
   at: exit_function (modules/gdscript/gdscript.h:529)
ERROR: Stack underflow! (Engine Bug)
   at: exit_function (modules/gdscript/gdscript.h:529)
ERROR: Stack underflow! (Engine Bug)
   at: exit_function (modules/gdscript/gdscript.h:529)
ERROR: Stack underflow! (Engine Bug)
   at: exit_function (modules/gdscript/gdscript.h:529)
ERROR: Stack underflow! (Engine Bug)
   at: exit_function (modules/gdscript/gdscript.h:529)
ERROR: Stack underflow! (Engine Bug)
   at: exit_function (modules/gdscript/gdscript.h:529)
ERROR: Stack underflow! (Engine Bug)
   at: exit_function (modules/gdscript/gdscript.h:529)
ERROR: Stack underflow! (Engine Bug)
   at: exit_function (modules/gdscript/gdscript.h:529)
ERROR: Stack underflow! (Engine Bug)
   at: exit_function (modules/gdscript/gdscript.h:529)
ERROR: Stack underflow! (Engine Bug)
   at: exit_function (modules/gdscript/gdscript.h:529)
ERROR: Stack underflow! (Engine Bug)
   at: exit_function (modules/gdscript/gdscript.h:529)
ERROR: Stack underflow! (Engine Bug)
   at: exit_function (modules/gdscript/gdscript.h:529)
ERROR: Stack underflow! (Engine Bug)
   at: exit_function (modules/gdscript/gdscript.h:529)
ERROR: Stack underflow! (Engine Bug)
   at: exit_function (modules/gdscript/gdscript.h:529)
ERROR: Stack underflow! (Engine Bug)
   at: exit_function (modules/gdscript/gdscript.h:529)
ERROR: Stack underflow! (Engine Bug)
   at: exit_function (modules/gdscript/gdscript.h:529)
ERROR: Stack underflow! (Engine Bug)
   at: exit_function (modules/gdscript/gdscript.h:529)
ERROR: Stack underflow! (Engine Bug)
   at: exit_function (modules/gdscript/gdscript.h:529)
ERROR: Stack underflow! (Engine Bug)
   at: exit_function (modules/gdscript/gdscript.h:529)
ERROR: Stack underflow! (Engine Bug)
   at: exit_function (modules/gdscript/gdscript.h:529)
ERROR: Stack underflow! (Engine Bug)
   at: exit_function (modules/gdscript/gdscript.h:529)
ERROR: Stack underflow! (Engine Bug)
   at: exit_function (modules/gdscript/gdscript.h:529)
ERROR: Stack underflow! (Engine Bug)
   at: exit_function (modules/gdscript/gdscript.h:529)
ERROR: Stack underflow! (Engine Bug)
   at: exit_function (modules/gdscript/gdscript.h:529)
ERROR: Stack underflow! (Engine Bug)
   at: exit_function (modules/gdscript/gdscript.h:529)
ERROR: Stack underflow! (Engine Bug)
   at: exit_function (modules/gdscript/gdscript.h:529)
ERROR: Stack underflow! (Engine Bug)
   at: exit_function (modules/gdscript/gdscript.h:529)
ERROR: Stack underflow! (Engine Bug)
   at: exit_function (modules/gdscript/gdscript.h:529)
ERROR: Stack underflow! (Engine Bug)
   at: exit_function (modules/gdscript/gdscript.h:529)
ERROR: Stack underflow! (Engine Bug)
   at: exit_function (modules/gdscript/gdscript.h:529)
ERROR: Stack underflow! (Engine Bug)
   at: exit_function (modules/gdscript/gdscript.h:529)
ERROR: Stack underflow! (Engine Bug)
   at: exit_function (modules/gdscript/gdscript.h:529)
ERROR: Stack underflow! (Engine Bug)
   at: exit_function (modules/gdscript/gdscript.h:529)
ERROR: Stack underflow! (Engine Bug)
   at: exit_function (modules/gdscript/gdscript.h:529)
ERROR: Stack underflow! (Engine Bug)
   at: exit_function (modules/gdscript/gdscript.h:529)
ERROR: Stack underflow! (Engine Bug)
   at: exit_function (modules/gdscript/gdscript.h:529)
ERROR: Stack underflow! (Engine Bug)
   at: exit_function (modules/gdscript/gdscript.h:529)
ERROR: Stack underflow! (Engine Bug)
   at: exit_function (modules/gdscript/gdscript.h:529)
ERROR: Stack underflow! (Engine Bug)
   at: exit_function (modules/gdscript/gdscript.h:529)
ERROR: Stack underflow! (Engine Bug)
   at: exit_function (modules/gdscript/gdscript.h:529)
ERROR: Stack underflow! (Engine Bug)
   at: exit_function (modules/gdscript/gdscript.h:529)
ERROR: Stack underflow! (Engine Bug)
   at: exit_function (modules/gdscript/gdscript.h:529)
ERROR: Stack underflow! (Engine Bug)
   at: exit_function (modules/gdscript/gdscript.h:529)
ERROR: Stack underflow! (Engine Bug)
   at: exit_function (modules/gdscript/gdscript.h:529)
ERROR: Stack underflow! (Engine Bug)
   at: exit_function (modules/gdscript/gdscript.h:529)
ERROR: Stack underflow! (Engine Bug)
   at: exit_function (modules/gdscript/gdscript.h:529)
ERROR: Stack underflow! (Engine Bug)
   at: exit_function (modules/gdscript/gdscript.h:529)
ERROR: Stack underflow! (Engine Bug)
   at: exit_function (modules/gdscript/gdscript.h:529)
ERROR: Stack underflow! (Engine Bug)
   at: exit_function (modules/gdscript/gdscript.h:529)
ERROR: Stack underflow! (Engine Bug)
   at: exit_function (modules/gdscript/gdscript.h:529)
ERROR: Stack underflow! (Engine Bug)
   at: exit_function (modules/gdscript/gdscript.h:529)
ERROR: Stack underflow! (Engine Bug)
   at: exit_function (modules/gdscript/gdscript.h:529)
ERROR: Stack underflow! (Engine Bug)
   at: exit_function (modules/gdscript/gdscript.h:529)
ERROR: Stack underflow! (Engine Bug)
   at: exit_function (modules/gdscript/gdscript.h:529)
ERROR: Stack underflow! (Engine Bug)
   at: exit_function (modules/gdscript/gdscript.h:529)
ERROR: Stack underflow! (Engine Bug)
   at: exit_function (modules/gdscript/gdscript.h:529)
ERROR: Stack underflow! (Engine Bug)
   at: exit_function (modules/gdscript/gdscript.h:529)
ERROR: Stack underflow! (Engine Bug)
   at: exit_function (modules/gdscript/gdscript.h:529)
ERROR: Stack underflow! (Engine Bug)
   at: exit_function (modules/gdscript/gdscript.h:529)
ERROR: Stack underflow! (Engine Bug)
   at: exit_function (modules/gdscript/gdscript.h:529)
ERROR: Stack underflow! (Engine Bug)
   at: exit_function (modules/gdscript/gdscript.h:529)
ERROR: Stack underflow! (Engine Bug)
   at: exit_function (modules/gdscript/gdscript.h:529)
ERROR: Stack underflow! (Engine Bug)
   at: exit_function (modules/gdscript/gdscript.h:529)
ERROR: Stack underflow! (Engine Bug)
   at: exit_function (modules/gdscript/gdscript.h:529)
ERROR: Stack underflow! (Engine Bug)
   at: exit_function (modules/gdscript/gdscript.h:529)
ERROR: Stack underflow! (Engine Bug)
   at: exit_function (modules/gdscript/gdscript.h:529)
ERROR: Stack underflow! (Engine Bug)
   at: exit_function (modules/gdscript/gdscript.h:529)
ERROR: Stack underflow! (Engine Bug)
   at: exit_function (modules/gdscript/gdscript.h:529)
ERROR: Stack underflow! (Engine Bug)
   at: exit_function (modules/gdscript/gdscript.h:529)
ERROR: Stack underflow! (Engine Bug)
   at: exit_function (modules/gdscript/gdscript.h:529)
ERROR: Stack underflow! (Engine Bug)
   at: exit_function (modules/gdscript/gdscript.h:529)
ERROR: Stack underflow! (Engine Bug)
   at: exit_function (modules/gdscript/gdscript.h:529)
ERROR: Stack underflow! (Engine Bug)
   at: exit_function (modules/gdscript/gdscript.h:529)
ERROR: Stack underflow! (Engine Bug)
   at: exit_function (modules/gdscript/gdscript.h:529)
ERROR: Stack underflow! (Engine Bug)
   at: exit_function (modules/gdscript/gdscript.h:529)
ERROR: Stack underflow! (Engine Bug)
   at: exit_function (modules/gdscript/gdscript.h:529)
ERROR: Stack underflow! (Engine Bug)
   at: exit_function (modules/gdscript/gdscript.h:529)
ERROR: Stack underflow! (Engine Bug)
   at: exit_function (modules/gdscript/gdscript.h:529)
ERROR: Stack underflow! (Engine Bug)
   at: exit_function (modules/gdscript/gdscript.h:529)
ERROR: Stack underflow! (Engine Bug)
   at: exit_function (modules/gdscript/gdscript.h:529)
ERROR: Stack underflow! (Engine Bug)
   at: exit_function (modules/gdscript/gdscript.h:529)
ERROR: Stack underflow! (Engine Bug)
   at: exit_function (modules/gdscript/gdscript.h:529)
ERROR: Stack underflow! (Engine Bug)
   at: exit_function (modules/gdscript/gdscript.h:529)
ERROR: Stack underflow! (Engine Bug)
   at: exit_function (modules/gdscript/gdscript.h:529)
ERROR: Stack underflow! (Engine Bug)
   at: exit_function (modules/gdscript/gdscript.h:529)
ERROR: Stack underflow! (Engine Bug)
   at: exit_function (modules/gdscript/gdscript.h:529)
ERROR: Stack underflow! (Engine Bug)
   at: exit_function (modules/gdscript/gdscript.h:529)
ERROR: Stack underflow! (Engine Bug)
   at: exit_function (modules/gdscript/gdscript.h:529)
ERROR: Stack underflow! (Engine Bug)
   at: exit_function (modules/gdscript/gdscript.h:529)
ERROR: Stack underflow! (Engine Bug)
   at: exit_function (modules/gdscript/gdscript.h:529)
ERROR: Stack underflow! (Engine Bug)
   at: exit_function (modules/gdscript/gdscript.h:529)
ERROR: Stack underflow! (Engine Bug)
   at: exit_function (modules/gdscript/gdscript.h:529)
ERROR: Stack underflow! (Engine Bug)
   at: exit_function (modules/gdscript/gdscript.h:529)
ERROR: Stack underflow! (Engine Bug)
   at: exit_function (modules/gdscript/gdscript.h:529)
ERROR: Stack underflow! (Engine Bug)
   at: exit_function (modules/gdscript/gdscript.h:529)
ERROR: Stack underflow! (Engine Bug)
   at: exit_function (modules/gdscript/gdscript.h:529)
ERROR: Stack underflow! (Engine Bug)
   at: exit_function (modules/gdscript/gdscript.h:529)
ERROR: Stack underflow! (Engine Bug)
   at: exit_function (modules/gdscript/gdscript.h:529)
ERROR: Stack underflow! (Engine Bug)
   at: exit_function (modules/gdscript/gdscript.h:529)
ERROR: Stack underflow! (Engine Bug)
   at: exit_function (modules/gdscript/gdscript.h:529)
ERROR: Stack underflow! (Engine Bug)
   at: exit_function (modules/gdscript/gdscript.h:529)
ERROR: Stack underflow! (Engine Bug)
   at: exit_function (modules/gdscript/gdscript.h:529)
ERROR: Stack underflow! (Engine Bug)
   at: exit_function (modules/gdscript/gdscript.h:529)
ERROR: Stack underflow! (Engine Bug)
   at: exit_function (modules/gdscript/gdscript.h:529)
ERROR: Stack underflow! (Engine Bug)
   at: exit_function (modules/gdscript/gdscript.h:529)
ERROR: Stack underflow! (Engine Bug)
   at: exit_function (modules/gdscript/gdscript.h:529)
ERROR: Stack underflow! (Engine Bug)
   at: exit_function (modules/gdscript/gdscript.h:529)
ERROR: Stack underflow! (Engine Bug)
   at: exit_function (modules/gdscript/gdscript.h:529)
ERROR: Stack underflow! (Engine Bug)
   at: exit_function (modules/gdscript/gdscript.h:529)
ERROR: Stack underflow! (Engine Bug)
   at: exit_function (modules/gdscript/gdscript.h:529)
ERROR: Stack underflow! (Engine Bug)
   at: exit_function (modules/gdscript/gdscript.h:529)
ERROR: Stack underflow! (Engine Bug)
   at: exit_function (modules/gdscript/gdscript.h:529)
ERROR: Stack underflow! (Engine Bug)
   at: exit_function (modules/gdscript/gdscript.h:529)
ERROR: Stack underflow! (Engine Bug)
   at: exit_function (modules/gdscript/gdscript.h:529)
ERROR: Stack underflow! (Engine Bug)
   at: exit_function (modules/gdscript/gdscript.h:529)
ERROR: Stack underflow! (Engine Bug)
   at: exit_function (modules/gdscript/gdscript.h:529)
ERROR: Stack underflow! (Engine Bug)
   at: exit_function (modules/gdscript/gdscript.h:529)
ERROR: Stack underflow! (Engine Bug)
   at: exit_function (modules/gdscript/gdscript.h:529)
ERROR: Stack underflow! (Engine Bug)
   at: exit_function (modules/gdscript/gdscript.h:529)
ERROR: Stack underflow! (Engine Bug)
   at: exit_function (modules/gdscript/gdscript.h:529)
ERROR: Stack underflow! (Engine Bug)
   at: exit_function (modules/gdscript/gdscript.h:529)
ERROR: Stack underflow! (Engine Bug)
   at: exit_function (modules/gdscript/gdscript.h:529)
ERROR: Stack underflow! (Engine Bug)
   at: exit_function (modules/gdscript/gdscript.h:529)
ERROR: Stack underflow! (Engine Bug)
   at: exit_function (modules/gdscript/gdscript.h:529)
ERROR: Stack underflow! (Engine Bug)
   at: exit_function (modules/gdscript/gdscript.h:529)
ERROR: Stack underflow! (Engine Bug)
   at: exit_function (modules/gdscript/gdscript.h:529)
ERROR: Stack underflow! (Engine Bug)
   at: exit_function (modules/gdscript/gdscript.h:529)
ERROR: Stack underflow! (Engine Bug)
   at: exit_function (modules/gdscript/gdscript.h:529)
ERROR: Stack underflow! (Engine Bug)
   at: exit_function (modules/gdscript/gdscript.h:529)
ERROR: Stack underflow! (Engine Bug)
   at: exit_function (modules/gdscript/gdscript.h:529)
ERROR: Stack underflow! (Engine Bug)
   at: exit_function (modules/gdscript/gdscript.h:529)
ERROR: Stack underflow! (Engine Bug)
   at: exit_function (modules/gdscript/gdscript.h:529)
ERROR: Stack underflow! (Engine Bug)
   at: exit_function (modules/gdscript/gdscript.h:529)
ERROR: Stack underflow! (Engine Bug)
   at: exit_function (modules/gdscript/gdscript.h:529)
ERROR: Stack underflow! (Engine Bug)
   at: exit_function (modules/gdscript/gdscript.h:529)
ERROR: Stack underflow! (Engine Bug)
   at: exit_function (modules/gdscript/gdscript.h:529)
ERROR: Stack underflow! (Engine Bug)
   at: exit_function (modules/gdscript/gdscript.h:529)
ERROR: Stack underflow! (Engine Bug)
   at: exit_function (modules/gdscript/gdscript.h:529)
ERROR: Stack underflow! (Engine Bug)
   at: exit_function (modules/gdscript/gdscript.h:529)
ERROR: Stack underflow! (Engine Bug)
   at: exit_function (modules/gdscript/gdscript.h:529)
ERROR: Stack underflow! (Engine Bug)
   at: exit_function (modules/gdscript/gdscript.h:529)
ERROR: Stack underflow! (Engine Bug)
   at: exit_function (modules/gdscript/gdscript.h:529)
ERROR: Stack underflow! (Engine Bug)
   at: exit_function (modules/gdscript/gdscript.h:529)
ERROR: Stack underflow! (Engine Bug)
   at: exit_function (modules/gdscript/gdscript.h:529)
ERROR: Stack underflow! (Engine Bug)
   at: exit_function (modules/gdscript/gdscript.h:529)
ERROR: Stack underflow! (Engine Bug)
   at: exit_function (modules/gdscript/gdscript.h:529)
ERROR: Stack underflow! (Engine Bug)
   at: exit_function (modules/gdscript/gdscript.h:529)
ERROR: Stack underflow! (Engine Bug)
   at: exit_function (modules/gdscript/gdscript.h:529)
ERROR: Stack underflow! (Engine Bug)
   at: exit_function (modules/gdscript/gdscript.h:529)
ERROR: Stack underflow! (Engine Bug)
   at: exit_function (modules/gdscript/gdscript.h:529)
ERROR: Stack underflow! (Engine Bug)
   at: exit_function (modules/gdscript/gdscript.h:529)
ERROR: Stack underflow! (Engine Bug)
   at: exit_function (modules/gdscript/gdscript.h:529)
ERROR: Stack underflow! (Engine Bug)
   at: exit_function (modules/gdscript/gdscript.h:529)
ERROR: Stack underflow! (Engine Bug)
   at: exit_function (modules/gdscript/gdscript.h:529)
ERROR: Stack underflow! (Engine Bug)
   at: exit_function (modules/gdscript/gdscript.h:529)
ERROR: Stack underflow! (Engine Bug)
   at: exit_function (modules/gdscript/gdscript.h:529)
ERROR: Stack underflow! (Engine Bug)
   at: exit_function (modules/gdscript/gdscript.h:529)
ERROR: Stack underflow! (Engine Bug)
   at: exit_function (modules/gdscript/gdscript.h:529)
ERROR: Stack underflow! (Engine Bug)
   at: exit_function (modules/gdscript/gdscript.h:529)
ERROR: Stack underflow! (Engine Bug)
   at: exit_function (modules/gdscript/gdscript.h:529)
ERROR: Stack underflow! (Engine Bug)
   at: exit_function (modules/gdscript/gdscript.h:529)
ERROR: Stack underflow! (Engine Bug)
   at: exit_function (modules/gdscript/gdscript.h:529)
ERROR: Stack underflow! (Engine Bug)
   at: exit_function (modules/gdscript/gdscript.h:529)
ERROR: Stack underflow! (Engine Bug)
   at: exit_function (modules/gdscript/gdscript.h:529)
POC471_UNREACHABLE_FAIL {"failures":["Unreachable route recursively claims replacement tasks","Unreachable retry is unbounded or moves citizen"],"state":"IDLE","tasks":{"active":0,"available":0,"cancelled":0,"cancelled_total":0,"complete":0,"completed_total":0,"created_total":1022,"failed":500,"failed_total":1022,"reserved":0,"retained_tasks":500}}
ERROR: Stack underflow! (Engine Bug)
   at: exit_function (modules/gdscript/gdscript.h:529)
