Godot Engine v4.7.2.stable.official.ed1daf0bf - https://godotengine.org

ROOMSCALE_VISUAL_ASSET object=desk source=res://assets/generated/writing_desk.glb normalization={ "source_bounds": [P: (-34.0, 0.0, -17.0), S: (68.0, 30.0, 34.0)], "fitted_dimensions": (68.0, 30.0, 34.0) }
ROOMSCALE_VISUAL_ASSET object=side_table source=res://assets/generated/writing_desk.glb normalization={ "source_bounds": [P: (-34.0, 0.0, -17.0), S: (68.0, 30.0, 34.0)], "fitted_dimensions": (20.0, 20.0, 17.0) }
ROOMSCALE_FLOOR_NAV_READY room=room_poc45 grid=60x45 cell=4in obstacles=13
ROOMSCALE_CITIZEN_SPAWN count=50 separate_nodes=true height=0.5in
ROOMSCALE_M2_READY Godot=4.7.2-stable (official) room=room_poc45 size=240x180 in citizens=50
POC4_RESOURCE_REACH resource=water source=water_cup region=STUDY_SURFACE
POC45_DAY {"days":0.0166666666666666,"drinks":0,"economy":{"food":{"available":300.0,"consumed":0.0,"delivered":0.0,"in_transit":0.0,"received":0.0,"reserved":0.0},"metal":{"available":0.0,"consumed":0.0,"delivered":0.0,"in_transit":0.0,"received":0.0,"reserved":0.0},"water":{"available":100.0,"consumed":0.0,"delivered":0.0,"in_transit":0.0,"received":0.0,"reserved":0.0},"wood":{"available":0.0,"consumed":0.0,"delivered":0.0,"in_transit":0.0,"received":0.0,"reserved":0.0}},"food_days":3.0,"meals":0,"population":50,"resting":0,"rests":0,"shelter":50,"urgent":0,"water_days":0.666666666666667} projects=[] growth=Insufficient shelter for entire cohort
ROOMSCALE_FLOOR_NAV_READY room=room_poc45 grid=60x45 cell=4in obstacles=13
ROOMSCALE_FLOOR_NAV_READY room=room_poc45 grid=60x45 cell=4in obstacles=13
ROOMSCALE_FLOOR_NAV_READY room=room_poc45 grid=60x45 cell=4in obstacles=13
ROOMSCALE_FLOOR_NAV_READY room=room_poc45 grid=60x45 cell=4in obstacles=13
ROOMSCALE_FLOOR_NAV_READY room=room_poc45 grid=60x45 cell=4in obstacles=13
ROOMSCALE_FLOOR_NAV_READY room=room_poc45 grid=60x45 cell=4in obstacles=13
ROOMSCALE_FLOOR_NAV_READY room=room_poc45 grid=60x45 cell=4in obstacles=13
ROOMSCALE_FLOOR_NAV_READY room=room_poc45 grid=60x45 cell=4in obstacles=13
POC4_SALVAGE_STAGE object=bookcase state=STRIPPED work=8.0 yields={ "metal": 2.0 }
POC4_SALVAGE_STAGE object=bookcase state=PARTIAL work=20.1 yields={ "wood": 16.0, "metal": 2.0 }
ROOMSCALE_FLOOR_NAV_READY room=room_poc45 grid=60x45 cell=4in obstacles=13
POC4_SALVAGE_STAGE object=bookcase state=FRAME work=32.1 yields={ "wood": 12.0 }
ROOMSCALE_FLOOR_NAV_READY room=room_poc45 grid=60x45 cell=4in obstacles=12
POC4_SALVAGE_STAGE object=bookcase state=DEPLETED work=42.1 yields={ "wood": 14.0 }
POC45_DAY {"days":1.00000000000011,"drinks":150,"economy":{"food":{"available":288.0,"consumed":99.0,"delivered":0.0,"in_transit":0.0,"received":88.0,"reserved":1.0},"metal":{"available":0.0,"consumed":4.0,"delivered":0.0,"in_transit":0.0,"received":4.0,"reserved":0.0},"water":{"available":142.0,"consumed":150.0,"delivered":0.0,"in_transit":0.0,"received":192.0,"reserved":0.0},"wood":{"available":38.0,"consumed":4.0,"delivered":0.0,"in_transit":0.0,"received":42.0,"reserved":0.0}},"food_days":2.88,"meals":99,"population":50,"resting":1,"rests":50,"shelter":50,"urgent":1,"water_days":0.946666666666667} projects=[] growth=Insufficient shelter for entire cohort
ROOMSCALE_FLOOR_NAV_READY room=room_poc45 grid=60x45 cell=4in obstacles=12
ROOMSCALE_FLOOR_NAV_READY room=room_poc45 grid=60x45 cell=4in obstacles=12
ROOMSCALE_FLOOR_NAV_READY room=room_poc45 grid=60x45 cell=4in obstacles=12
ROOMSCALE_FLOOR_NAV_READY room=room_poc45 grid=60x45 cell=4in obstacles=12
ROOMSCALE_FLOOR_NAV_READY room=room_poc45 grid=60x45 cell=4in obstacles=12
ROOMSCALE_FLOOR_NAV_READY room=room_poc45 grid=60x45 cell=4in obstacles=13
ROOMSCALE_FLOOR_NAV_READY room=room_poc45 grid=60x45 cell=4in obstacles=13
ROOMSCALE_FLOOR_NAV_READY room=room_poc45 grid=60x45 cell=4in obstacles=13
ROOMSCALE_FLOOR_NAV_READY room=room_poc45 grid=60x45 cell=4in obstacles=13
ROOMSCALE_FLOOR_NAV_READY room=room_poc45 grid=60x45 cell=4in obstacles=13
ROOMSCALE_FLOOR_NAV_READY room=room_poc45 grid=60x45 cell=4in obstacles=12
ROOMSCALE_FLOOR_NAV_READY room=room_poc45 grid=60x45 cell=4in obstacles=12
ROOMSCALE_FLOOR_NAV_READY room=room_poc45 grid=60x45 cell=4in obstacles=12
ROOMSCALE_FLOOR_NAV_READY room=room_poc45 grid=60x45 cell=4in obstacles=12
ROOMSCALE_FLOOR_NAV_READY room=room_poc45 grid=60x45 cell=4in obstacles=12
ROOMSCALE_FLOOR_NAV_READY room=room_poc45 grid=60x45 cell=4in obstacles=12
ROOMSCALE_FLOOR_NAV_READY room=room_poc45 grid=60x45 cell=4in obstacles=12
POC4_SALVAGE_STAGE object=storage_box state=STRIPPED work=8.0 yields={ "metal": 2.0 }
POC4_SALVAGE_STAGE object=storage_box state=PARTIAL work=20.0 yields={ "wood": 3.0, "metal": 2.0 }
ROOMSCALE_FLOOR_NAV_READY room=room_poc45 grid=60x45 cell=4in obstacles=12
POC4_SALVAGE_STAGE object=storage_box state=FRAME work=32.0 yields={ "wood": 2.0 }
ROOMSCALE_FLOOR_NAV_READY room=room_poc45 grid=60x45 cell=4in obstacles=11
POC4_SALVAGE_STAGE object=storage_box state=DEPLETED work=42.0 yields={ "wood": 3.0 }
ROOMSCALE_FLOOR_NAV_READY room=room_poc45 grid=60x45 cell=4in obstacles=12
ROOMSCALE_FLOOR_NAV_READY room=room_poc45 grid=60x45 cell=4in obstacles=12
ROOMSCALE_FLOOR_NAV_READY room=room_poc45 grid=60x45 cell=4in obstacles=12
ROOMSCALE_FLOOR_NAV_READY room=room_poc45 grid=60x45 cell=4in obstacles=12
ROOMSCALE_FLOOR_NAV_READY room=room_poc45 grid=60x45 cell=4in obstacles=12
ROOMSCALE_FLOOR_NAV_READY room=room_poc45 grid=60x45 cell=4in obstacles=13
ROOMSCALE_FLOOR_NAV_READY room=room_poc45 grid=60x45 cell=4in obstacles=13
ROOMSCALE_FLOOR_NAV_READY room=room_poc45 grid=60x45 cell=4in obstacles=13
ROOMSCALE_FLOOR_NAV_READY room=room_poc45 grid=60x45 cell=4in obstacles=13
ROOMSCALE_FLOOR_NAV_READY room=room_poc45 grid=60x45 cell=4in obstacles=13
ROOMSCALE_FLOOR_NAV_READY room=room_poc45 grid=60x45 cell=4in obstacles=13
ROOMSCALE_FLOOR_NAV_READY room=room_poc45 grid=60x45 cell=4in obstacles=12
ROOMSCALE_FLOOR_NAV_READY room=room_poc45 grid=60x45 cell=4in obstacles=12
ROOMSCALE_FLOOR_NAV_READY room=room_poc45 grid=60x45 cell=4in obstacles=12
ROOMSCALE_FLOOR_NAV_READY room=room_poc45 grid=60x45 cell=4in obstacles=12
ROOMSCALE_FLOOR_NAV_READY room=room_poc45 grid=60x45 cell=4in obstacles=12
ROOMSCALE_FLOOR_NAV_READY room=room_poc45 grid=60x45 cell=4in obstacles=12
POC4_SALVAGE_STAGE object=side_table state=STRIPPED work=8.0 yields={ "metal": 2.0 }
POC4_SALVAGE_STAGE object=side_table state=PARTIAL work=20.0 yields={ "wood": 3.0, "metal": 2.0 }
ROOMSCALE_FLOOR_NAV_READY room=room_poc45 grid=60x45 cell=4in obstacles=12
POC4_SALVAGE_STAGE object=side_table state=FRAME work=32.0 yields={ "wood": 2.0 }
ROOMSCALE_FLOOR_NAV_READY room=room_poc45 grid=60x45 cell=4in obstacles=11
POC4_SALVAGE_STAGE object=side_table state=DEPLETED work=42.0 yields={ "wood": 3.0 }
POC45_DAY {"days":2.00000000000001,"drinks":299,"economy":{"food":{"available":293.0,"consumed":198.0,"delivered":0.0,"in_transit":0.0,"received":192.0,"reserved":1.0},"metal":{"available":2.0,"consumed":6.0,"delivered":3.0,"in_transit":1.0,"received":12.0,"reserved":0.0},"water":{"available":385.0,"consumed":299.0,"delivered":0.0,"in_transit":0.0,"received":584.0,"reserved":0.0},"wood":{"available":33.0,"consumed":14.0,"delivered":8.0,"in_transit":0.0,"received":55.0,"reserved":0.0}},"food_days":2.93,"meals":198,"population":50,"resting":9,"rests":128,"shelter":60,"urgent":2,"water_days":2.56666666666667} projects=[{"completed":1097.4000000001,"created":950.000000000147,"delivered":{"metal":2.0,"wood":10.0},"delivery_distance":1146.24355423389,"effect_applied":true,"id":"development_001","kind":"housing","required":{"metal":2,"wood":10},"required_work":90.0,"site":"(-4.0, 0.0, 6.0)","stage":"COMPLETE","state":"COMPLETE","target":"(-4.0, 0.0, 15.0)","work":90.0999999999992,"work_by_citizen":{"21":57.0000000000005,"30":33.1000000000002}},{"completed":-1.0,"created":1100.0000000001,"delivered":{"metal":3.0,"wood":8.0},"delivery_distance":1542.27241928494,"effect_applied":false,"id":"development_002","kind":"workshop","required":{"metal":4,"wood":8},"required_work":100.0,"site":"(-52.0, 0.0, 38.0)","stage":"FOUNDATION","state":"WAITING_FOR_MATERIALS","target":"(-52.0, 0.0, 47.0)","work":0.0,"work_by_citizen":{}}] growth=Healthy stability window 30/300 seconds
ROOMSCALE_FLOOR_NAV_READY room=room_poc45 grid=60x45 cell=4in obstacles=12
ROOMSCALE_FLOOR_NAV_READY room=room_poc45 grid=60x45 cell=4in obstacles=12
ROOMSCALE_FLOOR_NAV_READY room=room_poc45 grid=60x45 cell=4in obstacles=12
ROOMSCALE_FLOOR_NAV_READY room=room_poc45 grid=60x45 cell=4in obstacles=12
ROOMSCALE_FLOOR_NAV_READY room=room_poc45 grid=60x45 cell=4in obstacles=13
ROOMSCALE_FLOOR_NAV_READY room=room_poc45 grid=60x45 cell=4in obstacles=13
ROOMSCALE_FLOOR_NAV_READY room=room_poc45 grid=60x45 cell=4in obstacles=13
ROOMSCALE_FLOOR_NAV_READY room=room_poc45 grid=60x45 cell=4in obstacles=13
ROOMSCALE_FLOOR_NAV_READY room=room_poc45 grid=60x45 cell=4in obstacles=13
ROOMSCALE_FLOOR_NAV_READY room=room_poc45 grid=60x45 cell=4in obstacles=13
ROOMSCALE_FLOOR_NAV_READY room=room_poc45 grid=60x45 cell=4in obstacles=13
POC45_DAY {"days":3.01666666666575,"drinks":454,"economy":{"food":{"available":332.0,"consumed":304.0,"delivered":0.0,"in_transit":0.0,"received":336.0,"reserved":0.0},"metal":{"available":0.0,"consumed":12.0,"delivered":0.0,"in_transit":0.0,"received":12.0,"reserved":0.0},"water":{"available":462.0,"consumed":454.0,"delivered":0.0,"in_transit":0.0,"received":816.0,"reserved":0.0},"wood":{"available":26.0,"consumed":32.0,"delivered":0.0,"in_transit":0.0,"received":58.0,"reserved":0.0}},"food_days":3.01818181818182,"meals":304,"population":55,"resting":7,"rests":201,"shelter":70,"urgent":1,"water_days":2.8} projects=[{"completed":1097.4000000001,"created":950.000000000147,"delivered":{"metal":2.0,"wood":10.0},"delivery_distance":1146.24355423389,"effect_applied":true,"id":"development_001","kind":"housing","required":{"metal":2,"wood":10},"required_work":90.0,"site":"(-4.0, 0.0, 6.0)","stage":"COMPLETE","state":"COMPLETE","target":"(-4.0, 0.0, 15.0)","work":90.0999999999992,"work_by_citizen":{"21":57.0000000000005,"30":33.1000000000002}},{"completed":1286.59999999993,"created":1100.0000000001,"delivered":{"metal":4.0,"wood":8.0},"delivery_distance":1682.4790028563,"effect_applied":true,"id":"development_002","kind":"workshop","required":{"metal":4,"wood":8},"required_work":100.0,"site":"(-52.0, 0.0, 38.0)","stage":"COMPLETE","state":"COMPLETE","target":"(-52.0, 0.0, 47.0)","work":100.099999999999,"work_by_citizen":{"10":49.9000000000004,"47":50.2000000000004}},{"completed":1583.99999999965,"created":1479.99999999975,"delivered":{"metal":2.0,"wood":10.0},"delivery_distance":1354.71447422431,"effect_applied":true,"id":"development_003","kind":"housing","required":{"metal":2,"wood":10},"required_work":76.5,"site":"(-52.0, 0.0, 70.0)","stage":"COMPLETE","state":"COMPLETE","target":"(-52.0, 0.0, 79.0)","work":79.2999999999998,"work_by_citizen":{"27":38.9000000000003,"28":40.4000000000003}}] growth=Cohort cooldown
POC45_DAY {"days":4.01666666666484,"drinks":630,"economy":{"food":{"available":353.0,"consumed":419.0,"delivered":0.0,"in_transit":0.0,"received":472.0,"reserved":0.0},"metal":{"available":0.0,"consumed":12.0,"delivered":0.0,"in_transit":0.0,"received":12.0,"reserved":0.0},"water":{"available":509.0,"consumed":630.0,"delivered":0.0,"in_transit":0.0,"received":1040.0,"reserved":1.0},"wood":{"available":26.0,"consumed":32.0,"delivered":0.0,"in_transit":0.0,"received":58.0,"reserved":0.0}},"food_days":2.94166666666667,"meals":419,"population":60,"resting":12,"rests":294,"shelter":70,"urgent":1,"water_days":2.82777777777778} projects=[{"completed":1097.4000000001,"created":950.000000000147,"delivered":{"metal":2.0,"wood":10.0},"delivery_distance":1146.24355423389,"effect_applied":true,"id":"development_001","kind":"housing","required":{"metal":2,"wood":10},"required_work":90.0,"site":"(-4.0, 0.0, 6.0)","stage":"COMPLETE","state":"COMPLETE","target":"(-4.0, 0.0, 15.0)","work":90.0999999999992,"work_by_citizen":{"21":57.0000000000005,"30":33.1000000000002}},{"completed":1286.59999999993,"created":1100.0000000001,"delivered":{"metal":4.0,"wood":8.0},"delivery_distance":1682.4790028563,"effect_applied":true,"id":"development_002","kind":"workshop","required":{"metal":4,"wood":8},"required_work":100.0,"site":"(-52.0, 0.0, 38.0)","stage":"COMPLETE","state":"COMPLETE","target":"(-52.0, 0.0, 47.0)","work":100.099999999999,"work_by_citizen":{"10":49.9000000000004,"47":50.2000000000004}},{"completed":1583.99999999965,"created":1479.99999999975,"delivered":{"metal":2.0,"wood":10.0},"delivery_distance":1354.71447422431,"effect_applied":true,"id":"development_003","kind":"housing","required":{"metal":2,"wood":10},"required_work":76.5,"site":"(-52.0, 0.0, 70.0)","stage":"COMPLETE","state":"COMPLETE","target":"(-52.0, 0.0, 79.0)","work":79.2999999999998,"work_by_citizen":{"27":38.9000000000003,"28":40.4000000000003}}] growth=Cohort cooldown
ROOMSCALE_FLOOR_NAV_READY room=room_poc45 grid=60x45 cell=4in obstacles=13
ROOMSCALE_FLOOR_NAV_READY room=room_poc45 grid=60x45 cell=4in obstacles=13
ROOMSCALE_FLOOR_NAV_READY room=room_poc45 grid=60x45 cell=4in obstacles=13
ROOMSCALE_FLOOR_NAV_READY room=room_poc45 grid=60x45 cell=4in obstacles=14
ROOMSCALE_FLOOR_NAV_READY room=room_poc45 grid=60x45 cell=4in obstacles=14
ROOMSCALE_FLOOR_NAV_READY room=room_poc45 grid=60x45 cell=4in obstacles=14
ROOMSCALE_FLOOR_NAV_READY room=room_poc45 grid=60x45 cell=4in obstacles=14
ROOMSCALE_FLOOR_NAV_READY room=room_poc45 grid=60x45 cell=4in obstacles=14
ROOMSCALE_FLOOR_NAV_READY room=room_poc45 grid=60x45 cell=4in obstacles=14
ROOMSCALE_FLOOR_NAV_READY room=room_poc45 grid=60x45 cell=4in obstacles=13
ROOMSCALE_FLOOR_NAV_READY room=room_poc45 grid=60x45 cell=4in obstacles=13
ROOMSCALE_FLOOR_NAV_READY room=room_poc45 grid=60x45 cell=4in obstacles=13
ROOMSCALE_FLOOR_NAV_READY room=room_poc45 grid=60x45 cell=4in obstacles=13
ROOMSCALE_FLOOR_NAV_READY room=room_poc45 grid=60x45 cell=4in obstacles=13
POC4_SALVAGE_STAGE object=spare_crate state=STRIPPED work=8.0 yields={ "metal": 2.0 }
POC4_SALVAGE_STAGE object=spare_crate state=PARTIAL work=20.0 yields={ "wood": 4.0, "metal": 2.0 }
ROOMSCALE_FLOOR_NAV_READY room=room_poc45 grid=60x45 cell=4in obstacles=13
POC4_SALVAGE_STAGE object=spare_crate state=FRAME work=32.0 yields={ "wood": 3.0 }
ROOMSCALE_FLOOR_NAV_READY room=room_poc45 grid=60x45 cell=4in obstacles=12
POC4_SALVAGE_STAGE object=spare_crate state=DEPLETED work=42.0 yields={ "wood": 3.0 }
ROOMSCALE_FLOOR_NAV_READY room=room_poc45 grid=60x45 cell=4in obstacles=13
POC45_DAY {"days":5.01666666666393,"drinks":815,"economy":{"food":{"available":388.0,"consumed":544.0,"delivered":0.0,"in_transit":0.0,"received":632.0,"reserved":0.0},"metal":{"available":2.0,"consumed":14.0,"delivered":0.0,"in_transit":0.0,"received":16.0,"reserved":0.0},"water":{"available":549.0,"consumed":815.0,"delivered":0.0,"in_transit":0.0,"received":1264.0,"reserved":0.0},"wood":{"available":26.0,"consumed":42.0,"delivered":0.0,"in_transit":0.0,"received":68.0,"reserved":0.0}},"food_days":2.98461538461538,"meals":544,"population":65,"resting":13,"rests":382,"shelter":80,"urgent":1,"water_days":2.81538461538462} projects=[{"completed":1097.4000000001,"created":950.000000000147,"delivered":{"metal":2.0,"wood":10.0},"delivery_distance":1146.24355423389,"effect_applied":true,"id":"development_001","kind":"housing","required":{"metal":2,"wood":10},"required_work":90.0,"site":"(-4.0, 0.0, 6.0)","stage":"COMPLETE","state":"COMPLETE","target":"(-4.0, 0.0, 15.0)","work":90.0999999999992,"work_by_citizen":{"21":57.0000000000005,"30":33.1000000000002}},{"completed":1286.59999999993,"created":1100.0000000001,"delivered":{"metal":4.0,"wood":8.0},"delivery_distance":1682.4790028563,"effect_applied":true,"id":"development_002","kind":"workshop","required":{"metal":4,"wood":8},"required_work":100.0,"site":"(-52.0, 0.0, 38.0)","stage":"COMPLETE","state":"COMPLETE","target":"(-52.0, 0.0, 47.0)","work":100.099999999999,"work_by_citizen":{"10":49.9000000000004,"47":50.2000000000004}},{"completed":1583.99999999965,"created":1479.99999999975,"delivered":{"metal":2.0,"wood":10.0},"delivery_distance":1354.71447422431,"effect_applied":true,"id":"development_003","kind":"housing","required":{"metal":2,"wood":10},"required_work":76.5,"site":"(-52.0, 0.0, 70.0)","stage":"COMPLETE","state":"COMPLETE","target":"(-52.0, 0.0, 79.0)","work":79.2999999999998,"work_by_citizen":{"27":38.9000000000003,"28":40.4000000000003}},{"completed":2828.69999999852,"created":2689.99999999865,"delivered":{"metal":2.0,"wood":10.0},"delivery_distance":1530.24358334468,"effect_applied":true,"id":"development_004","kind":"housing","required":{"metal":2,"wood":10},"required_work":76.5,"site":"(-36.0, 0.0, 6.0)","stage":"COMPLETE","state":"COMPLETE","target":"(-36.0, 0.0, 15.0)","work":76.5999999999999,"work_by_citizen":{"36":50.4000000000004,"49":26.2000000000001}}] growth=Healthy stability window 270/300 seconds
POC45_DAY {"days":6.01666666666302,"drinks":1019,"economy":{"food":{"available":420.0,"consumed":679.0,"delivered":0.0,"in_transit":0.0,"received":800.0,"reserved":1.0},"metal":{"available":2.0,"consumed":14.0,"delivered":0.0,"in_transit":0.0,"received":16.0,"reserved":0.0},"water":{"available":589.0,"consumed":1019.0,"delivered":0.0,"in_transit":0.0,"received":1512.0,"reserved":4.0},"wood":{"available":26.0,"consumed":42.0,"delivered":0.0,"in_transit":0.0,"received":68.0,"reserved":0.0}},"food_days":3.0,"meals":679,"population":70,"resting":12,"rests":494,"shelter":80,"urgent":2,"water_days":2.8047619047619} projects=[{"completed":1097.4000000001,"created":950.000000000147,"delivered":{"metal":2.0,"wood":10.0},"delivery_distance":1146.24355423389,"effect_applied":true,"id":"development_001","kind":"housing","required":{"metal":2,"wood":10},"required_work":90.0,"site":"(-4.0, 0.0, 6.0)","stage":"COMPLETE","state":"COMPLETE","target":"(-4.0, 0.0, 15.0)","work":90.0999999999992,"work_by_citizen":{"21":57.0000000000005,"30":33.1000000000002}},{"completed":1286.59999999993,"created":1100.0000000001,"delivered":{"metal":4.0,"wood":8.0},"delivery_distance":1682.4790028563,"effect_applied":true,"id":"development_002","kind":"workshop","required":{"metal":4,"wood":8},"required_work":100.0,"site":"(-52.0, 0.0, 38.0)","stage":"COMPLETE","state":"COMPLETE","target":"(-52.0, 0.0, 47.0)","work":100.099999999999,"work_by_citizen":{"10":49.9000000000004,"47":50.2000000000004}},{"completed":1583.99999999965,"created":1479.99999999975,"delivered":{"metal":2.0,"wood":10.0},"delivery_distance":1354.71447422431,"effect_applied":true,"id":"development_003","kind":"housing","required":{"metal":2,"wood":10},"required_work":76.5,"site":"(-52.0, 0.0, 70.0)","stage":"COMPLETE","state":"COMPLETE","target":"(-52.0, 0.0, 79.0)","work":79.2999999999998,"work_by_citizen":{"27":38.9000000000003,"28":40.4000000000003}},{"completed":2828.69999999852,"created":2689.99999999865,"delivered":{"metal":2.0,"wood":10.0},"delivery_distance":1530.24358334468,"effect_applied":true,"id":"development_004","kind":"housing","required":{"metal":2,"wood":10},"required_work":76.5,"site":"(-36.0, 0.0, 6.0)","stage":"COMPLETE","state":"COMPLETE","target":"(-36.0, 0.0, 15.0)","work":76.5999999999999,"work_by_citizen":{"36":50.4000000000004,"49":26.2000000000001}}] growth=Cohort cooldown
ROOMSCALE_FLOOR_NAV_READY room=room_poc45 grid=60x45 cell=4in obstacles=13
ROOMSCALE_FLOOR_NAV_READY room=room_poc45 grid=60x45 cell=4in obstacles=13
ROOMSCALE_FLOOR_NAV_READY room=room_poc45 grid=60x45 cell=4in obstacles=14
ROOMSCALE_FLOOR_NAV_READY room=room_poc45 grid=60x45 cell=4in obstacles=14
ROOMSCALE_FLOOR_NAV_READY room=room_poc45 grid=60x45 cell=4in obstacles=14
ROOMSCALE_FLOOR_NAV_READY room=room_poc45 grid=60x45 cell=4in obstacles=14
ROOMSCALE_FLOOR_NAV_READY room=room_poc45 grid=60x45 cell=4in obstacles=14
ROOMSCALE_FLOOR_NAV_READY room=room_poc45 grid=60x45 cell=4in obstacles=14
ROOMSCALE_FLOOR_NAV_READY room=room_poc45 grid=60x45 cell=4in obstacles=14
ROOMSCALE_FLOOR_NAV_READY room=room_poc45 grid=60x45 cell=4in obstacles=14
POC45_DAY {"days":7.01666666666297,"drinks":1233,"economy":{"food":{"available":443.0,"consumed":825.0,"delivered":0.0,"in_transit":0.0,"received":968.0,"reserved":0.0},"metal":{"available":0.0,"consumed":16.0,"delivered":0.0,"in_transit":0.0,"received":16.0,"reserved":0.0},"water":{"available":639.0,"consumed":1233.0,"delivered":0.0,"in_transit":0.0,"received":1776.0,"reserved":4.0},"wood":{"available":16.0,"consumed":52.0,"delivered":0.0,"in_transit":0.0,"received":68.0,"reserved":0.0}},"food_days":2.95333333333333,"meals":825,"population":75,"resting":7,"rests":594,"shelter":90,"urgent":1,"water_days":2.84} projects=[{"completed":1097.4000000001,"created":950.000000000147,"delivered":{"metal":2.0,"wood":10.0},"delivery_distance":1146.24355423389,"effect_applied":true,"id":"development_001","kind":"housing","required":{"metal":2,"wood":10},"required_work":90.0,"site":"(-4.0, 0.0, 6.0)","stage":"COMPLETE","state":"COMPLETE","target":"(-4.0, 0.0, 15.0)","work":90.0999999999992,"work_by_citizen":{"21":57.0000000000005,"30":33.1000000000002}},{"completed":1286.59999999993,"created":1100.0000000001,"delivered":{"metal":4.0,"wood":8.0},"delivery_distance":1682.4790028563,"effect_applied":true,"id":"development_002","kind":"workshop","required":{"metal":4,"wood":8},"required_work":100.0,"site":"(-52.0, 0.0, 38.0)","stage":"COMPLETE","state":"COMPLETE","target":"(-52.0, 0.0, 47.0)","work":100.099999999999,"work_by_citizen":{"10":49.9000000000004,"47":50.2000000000004}},{"completed":1583.99999999965,"created":1479.99999999975,"delivered":{"metal":2.0,"wood":10.0},"delivery_distance":1354.71447422431,"effect_applied":true,"id":"development_003","kind":"housing","required":{"metal":2,"wood":10},"required_work":76.5,"site":"(-52.0, 0.0, 70.0)","stage":"COMPLETE","state":"COMPLETE","target":"(-52.0, 0.0, 79.0)","work":79.2999999999998,"work_by_citizen":{"27":38.9000000000003,"28":40.4000000000003}},{"completed":2828.69999999852,"created":2689.99999999865,"delivered":{"metal":2.0,"wood":10.0},"delivery_distance":1530.24358334468,"effect_applied":true,"id":"development_004","kind":"housing","required":{"metal":2,"wood":10},"required_work":76.5,"site":"(-36.0, 0.0, 6.0)","stage":"COMPLETE","state":"COMPLETE","target":"(-36.0, 0.0, 15.0)","work":76.5999999999999,"work_by_citizen":{"36":50.4000000000004,"49":26.2000000000001}},{"completed":4017.79999999744,"created":3899.99999999755,"delivered":{"metal":2.0,"wood":10.0},"delivery_distance":1682.47910514137,"effect_applied":true,"id":"development_005","kind":"housing","required":{"metal":2,"wood":10},"required_work":76.5,"site":"(-68.0, 0.0, 54.0)","stage":"COMPLETE","state":"COMPLETE","target":"(-68.0, 0.0, 63.0)","work":76.5000000000005,"work_by_citizen":{"60":40.8000000000003,"66":35.7000000000002}}] growth=Cohort cooldown
POC45_DAY {"days":8.01666666666661,"drinks":1466,"economy":{"food":{"available":473.0,"consumed":979.0,"delivered":0.0,"in_transit":0.0,"received":1152.0,"reserved":0.0},"metal":{"available":0.0,"consumed":16.0,"delivered":0.0,"in_transit":0.0,"received":16.0,"reserved":0.0},"water":{"available":687.0,"consumed":1466.0,"delivered":0.0,"in_transit":0.0,"received":2056.0,"reserved":3.0},"wood":{"available":16.0,"consumed":52.0,"delivered":0.0,"in_transit":0.0,"received":68.0,"reserved":0.0}},"food_days":2.95625,"meals":979,"population":80,"resting":7,"rests":720,"shelter":90,"urgent":4,"water_days":2.8625} projects=[{"completed":1097.4000000001,"created":950.000000000147,"delivered":{"metal":2.0,"wood":10.0},"delivery_distance":1146.24355423389,"effect_applied":true,"id":"development_001","kind":"housing","required":{"metal":2,"wood":10},"required_work":90.0,"site":"(-4.0, 0.0, 6.0)","stage":"COMPLETE","state":"COMPLETE","target":"(-4.0, 0.0, 15.0)","work":90.0999999999992,"work_by_citizen":{"21":57.0000000000005,"30":33.1000000000002}},{"completed":1286.59999999993,"created":1100.0000000001,"delivered":{"metal":4.0,"wood":8.0},"delivery_distance":1682.4790028563,"effect_applied":true,"id":"development_002","kind":"workshop","required":{"metal":4,"wood":8},"required_work":100.0,"site":"(-52.0, 0.0, 38.0)","stage":"COMPLETE","state":"COMPLETE","target":"(-52.0, 0.0, 47.0)","work":100.099999999999,"work_by_citizen":{"10":49.9000000000004,"47":50.2000000000004}},{"completed":1583.99999999965,"created":1479.99999999975,"delivered":{"metal":2.0,"wood":10.0},"delivery_distance":1354.71447422431,"effect_applied":true,"id":"development_003","kind":"housing","required":{"metal":2,"wood":10},"required_work":76.5,"site":"(-52.0, 0.0, 70.0)","stage":"COMPLETE","state":"COMPLETE","target":"(-52.0, 0.0, 79.0)","work":79.2999999999998,"work_by_citizen":{"27":38.9000000000003,"28":40.4000000000003}},{"completed":2828.69999999852,"created":2689.99999999865,"delivered":{"metal":2.0,"wood":10.0},"delivery_distance":1530.24358334468,"effect_applied":true,"id":"development_004","kind":"housing","required":{"metal":2,"wood":10},"required_work":76.5,"site":"(-36.0, 0.0, 6.0)","stage":"COMPLETE","state":"COMPLETE","target":"(-36.0, 0.0, 15.0)","work":76.5999999999999,"work_by_citizen":{"36":50.4000000000004,"49":26.2000000000001}},{"completed":4017.79999999744,"created":3899.99999999755,"delivered":{"metal":2.0,"wood":10.0},"delivery_distance":1682.47910514137,"effect_applied":true,"id":"development_005","kind":"housing","required":{"metal":2,"wood":10},"required_work":76.5,"site":"(-68.0, 0.0, 54.0)","stage":"COMPLETE","state":"COMPLETE","target":"(-68.0, 0.0, 63.0)","work":76.5000000000005,"work_by_citizen":{"60":40.8000000000003,"66":35.7000000000002}}] growth=Cohort cooldown
ROOMSCALE_FLOOR_NAV_READY room=room_poc45 grid=60x45 cell=4in obstacles=14
ROOMSCALE_FLOOR_NAV_READY room=room_poc45 grid=60x45 cell=4in obstacles=14
ROOMSCALE_FLOOR_NAV_READY room=room_poc45 grid=60x45 cell=4in obstacles=15
ROOMSCALE_FLOOR_NAV_READY room=room_poc45 grid=60x45 cell=4in obstacles=15
ROOMSCALE_FLOOR_NAV_READY room=room_poc45 grid=60x45 cell=4in obstacles=15
ROOMSCALE_FLOOR_NAV_READY room=room_poc45 grid=60x45 cell=4in obstacles=15
ROOMSCALE_FLOOR_NAV_READY room=room_poc45 grid=60x45 cell=4in obstacles=15
ROOMSCALE_FLOOR_NAV_READY room=room_poc45 grid=60x45 cell=4in obstacles=15
ROOMSCALE_FLOOR_NAV_READY room=room_poc45 grid=60x45 cell=4in obstacles=15
ROOMSCALE_FLOOR_NAV_READY room=room_poc45 grid=60x45 cell=4in obstacles=14
ROOMSCALE_FLOOR_NAV_READY room=room_poc45 grid=60x45 cell=4in obstacles=14
ROOMSCALE_FLOOR_NAV_READY room=room_poc45 grid=60x45 cell=4in obstacles=14
ROOMSCALE_FLOOR_NAV_READY room=room_poc45 grid=60x45 cell=4in obstacles=14
POC4_SALVAGE_STAGE object=packing_crate state=STRIPPED work=8.0 yields={ "metal": 2.0 }
POC4_SALVAGE_STAGE object=packing_crate state=PARTIAL work=20.0 yields={ "wood": 4.0, "metal": 2.0 }
ROOMSCALE_FLOOR_NAV_READY room=room_poc45 grid=60x45 cell=4in obstacles=14
POC4_SALVAGE_STAGE object=packing_crate state=FRAME work=32.0 yields={ "wood": 3.0 }
ROOMSCALE_FLOOR_NAV_READY room=room_poc45 grid=60x45 cell=4in obstacles=13
POC4_SALVAGE_STAGE object=packing_crate state=DEPLETED work=42.0 yields={ "wood": 3.0 }
ROOMSCALE_FLOOR_NAV_READY room=room_poc45 grid=60x45 cell=4in obstacles=14
POC45_DAY {"days":9.00000000000352,"drinks":1707,"economy":{"food":{"available":499.0,"consumed":1142.0,"delivered":0.0,"in_transit":0.0,"received":1344.0,"reserved":3.0},"metal":{"available":2.0,"consumed":18.0,"delivered":0.0,"in_transit":0.0,"received":20.0,"reserved":0.0},"water":{"available":720.0,"consumed":1707.0,"delivered":0.0,"in_transit":0.0,"received":2336.0,"reserved":9.0},"wood":{"available":16.0,"consumed":62.0,"delivered":0.0,"in_transit":0.0,"received":78.0,"reserved":0.0}},"food_days":2.93529411764706,"meals":1142,"population":85,"resting":9,"rests":830,"shelter":100,"urgent":7,"water_days":2.82352941176471} projects=[{"completed":1097.4000000001,"created":950.000000000147,"delivered":{"metal":2.0,"wood":10.0},"delivery_distance":1146.24355423389,"effect_applied":true,"id":"development_001","kind":"housing","required":{"metal":2,"wood":10},"required_work":90.0,"site":"(-4.0, 0.0, 6.0)","stage":"COMPLETE","state":"COMPLETE","target":"(-4.0, 0.0, 15.0)","work":90.0999999999992,"work_by_citizen":{"21":57.0000000000005,"30":33.1000000000002}},{"completed":1286.59999999993,"created":1100.0000000001,"delivered":{"metal":4.0,"wood":8.0},"delivery_distance":1682.4790028563,"effect_applied":true,"id":"development_002","kind":"workshop","required":{"metal":4,"wood":8},"required_work":100.0,"site":"(-52.0, 0.0, 38.0)","stage":"COMPLETE","state":"COMPLETE","target":"(-52.0, 0.0, 47.0)","work":100.099999999999,"work_by_citizen":{"10":49.9000000000004,"47":50.2000000000004}},{"completed":1583.99999999965,"created":1479.99999999975,"delivered":{"metal":2.0,"wood":10.0},"delivery_distance":1354.71447422431,"effect_applied":true,"id":"development_003","kind":"housing","required":{"metal":2,"wood":10},"required_work":76.5,"site":"(-52.0, 0.0, 70.0)","stage":"COMPLETE","state":"COMPLETE","target":"(-52.0, 0.0, 79.0)","work":79.2999999999998,"work_by_citizen":{"27":38.9000000000003,"28":40.4000000000003}},{"completed":2828.69999999852,"created":2689.99999999865,"delivered":{"metal":2.0,"wood":10.0},"delivery_distance":1530.24358334468,"effect_applied":true,"id":"development_004","kind":"housing","required":{"metal":2,"wood":10},"required_work":76.5,"site":"(-36.0, 0.0, 6.0)","stage":"COMPLETE","state":"COMPLETE","target":"(-36.0, 0.0, 15.0)","work":76.5999999999999,"work_by_citizen":{"36":50.4000000000004,"49":26.2000000000001}},{"completed":4017.79999999744,"created":3899.99999999755,"delivered":{"metal":2.0,"wood":10.0},"delivery_distance":1682.47910514137,"effect_applied":true,"id":"development_005","kind":"housing","required":{"metal":2,"wood":10},"required_work":76.5,"site":"(-68.0, 0.0, 54.0)","stage":"COMPLETE","state":"COMPLETE","target":"(-68.0, 0.0, 63.0)","work":76.5000000000005,"work_by_citizen":{"60":40.8000000000003,"66":35.7000000000002}},{"completed":5243.70000000155,"created":5100.00000000102,"delivered":{"metal":2.0,"wood":10.0},"delivery_distance":586.714552618003,"effect_applied":true,"id":"development_006","kind":"housing","required":{"metal":2,"wood":10},"required_work":76.5,"site":"(60.0, 0.0, 54.0)","stage":"COMPLETE","state":"COMPLETE","target":"(60.0, 0.0, 63.0)","work":76.54,"work_by_citizen":{"50":52.6000000000005,"62":23.94}}] growth=Healthy stability window 245/300 seconds
POC45_DAY {"days":10.0000000000072,"drinks":1969,"economy":{"food":{"available":533.0,"consumed":1319.0,"delivered":0.0,"in_transit":0.0,"received":1552.0,"reserved":0.0},"metal":{"available":2.0,"consumed":18.0,"delivered":0.0,"in_transit":0.0,"received":20.0,"reserved":0.0},"water":{"available":764.0,"consumed":1969.0,"delivered":0.0,"in_transit":0.0,"received":2640.0,"reserved":7.0},"wood":{"available":16.0,"consumed":62.0,"delivered":0.0,"in_transit":0.0,"received":78.0,"reserved":0.0}},"food_days":2.96111111111111,"meals":1319,"population":90,"resting":12,"rests":968,"shelter":100,"urgent":4,"water_days":2.82962962962963} projects=[{"completed":1097.4000000001,"created":950.000000000147,"delivered":{"metal":2.0,"wood":10.0},"delivery_distance":1146.24355423389,"effect_applied":true,"id":"development_001","kind":"housing","required":{"metal":2,"wood":10},"required_work":90.0,"site":"(-4.0, 0.0, 6.0)","stage":"COMPLETE","state":"COMPLETE","target":"(-4.0, 0.0, 15.0)","work":90.0999999999992,"work_by_citizen":{"21":57.0000000000005,"30":33.1000000000002}},{"completed":1286.59999999993,"created":1100.0000000001,"delivered":{"metal":4.0,"wood":8.0},"delivery_distance":1682.4790028563,"effect_applied":true,"id":"development_002","kind":"workshop","required":{"metal":4,"wood":8},"required_work":100.0,"site":"(-52.0, 0.0, 38.0)","stage":"COMPLETE","state":"COMPLETE","target":"(-52.0, 0.0, 47.0)","work":100.099999999999,"work_by_citizen":{"10":49.9000000000004,"47":50.2000000000004}},{"completed":1583.99999999965,"created":1479.99999999975,"delivered":{"metal":2.0,"wood":10.0},"delivery_distance":1354.71447422431,"effect_applied":true,"id":"development_003","kind":"housing","required":{"metal":2,"wood":10},"required_work":76.5,"site":"(-52.0, 0.0, 70.0)","stage":"COMPLETE","state":"COMPLETE","target":"(-52.0, 0.0, 79.0)","work":79.2999999999998,"work_by_citizen":{"27":38.9000000000003,"28":40.4000000000003}},{"completed":2828.69999999852,"created":2689.99999999865,"delivered":{"metal":2.0,"wood":10.0},"delivery_distance":1530.24358334468,"effect_applied":true,"id":"development_004","kind":"housing","required":{"metal":2,"wood":10},"required_work":76.5,"site":"(-36.0, 0.0, 6.0)","stage":"COMPLETE","state":"COMPLETE","target":"(-36.0, 0.0, 15.0)","work":76.5999999999999,"work_by_citizen":{"36":50.4000000000004,"49":26.2000000000001}},{"completed":4017.79999999744,"created":3899.99999999755,"delivered":{"metal":2.0,"wood":10.0},"delivery_distance":1682.47910514137,"effect_applied":true,"id":"development_005","kind":"housing","required":{"metal":2,"wood":10},"required_work":76.5,"site":"(-68.0, 0.0, 54.0)","stage":"COMPLETE","state":"COMPLETE","target":"(-68.0, 0.0, 63.0)","work":76.5000000000005,"work_by_citizen":{"60":40.8000000000003,"66":35.7000000000002}},{"completed":5243.70000000155,"created":5100.00000000102,"delivered":{"metal":2.0,"wood":10.0},"delivery_distance":586.714552618003,"effect_applied":true,"id":"development_006","kind":"housing","required":{"metal":2,"wood":10},"required_work":76.5,"site":"(60.0, 0.0, 54.0)","stage":"COMPLETE","state":"COMPLETE","target":"(60.0, 0.0, 63.0)","work":76.54,"work_by_citizen":{"50":52.6000000000005,"62":23.94}}] growth=Cohort cooldown
ROOMSCALE_FLOOR_NAV_READY room=room_poc45 grid=60x45 cell=4in obstacles=14
ROOMSCALE_FLOOR_NAV_READY room=room_poc45 grid=60x45 cell=4in obstacles=15
ROOMSCALE_FLOOR_NAV_READY room=room_poc45 grid=60x45 cell=4in obstacles=15
ROOMSCALE_FLOOR_NAV_READY room=room_poc45 grid=60x45 cell=4in obstacles=15
ROOMSCALE_FLOOR_NAV_READY room=room_poc45 grid=60x45 cell=4in obstacles=15
ROOMSCALE_FLOOR_NAV_READY room=room_poc45 grid=60x45 cell=4in obstacles=15
ROOMSCALE_FLOOR_NAV_READY room=room_poc45 grid=60x45 cell=4in obstacles=15
ROOMSCALE_FLOOR_NAV_READY room=room_poc45 grid=60x45 cell=4in obstacles=15
POC45_DAY {"days":11.0000000000108,"drinks":2243,"economy":{"food":{"available":555.0,"consumed":1503.0,"delivered":0.0,"in_transit":0.0,"received":1760.0,"reserved":2.0},"metal":{"available":0.0,"consumed":20.0,"delivered":0.0,"in_transit":0.0,"received":20.0,"reserved":0.0},"water":{"available":816.0,"consumed":2243.0,"delivered":0.0,"in_transit":0.0,"received":2968.0,"reserved":9.0},"wood":{"available":6.0,"consumed":72.0,"delivered":0.0,"in_transit":0.0,"received":78.0,"reserved":0.0}},"food_days":2.92105263157895,"meals":1503,"population":95,"resting":7,"rests":1102,"shelter":110,"urgent":7,"water_days":2.86315789473684} projects=[{"completed":1097.4000000001,"created":950.000000000147,"delivered":{"metal":2.0,"wood":10.0},"delivery_distance":1146.24355423389,"effect_applied":true,"id":"development_001","kind":"housing","required":{"metal":2,"wood":10},"required_work":90.0,"site":"(-4.0, 0.0, 6.0)","stage":"COMPLETE","state":"COMPLETE","target":"(-4.0, 0.0, 15.0)","work":90.0999999999992,"work_by_citizen":{"21":57.0000000000005,"30":33.1000000000002}},{"completed":1286.59999999993,"created":1100.0000000001,"delivered":{"metal":4.0,"wood":8.0},"delivery_distance":1682.4790028563,"effect_applied":true,"id":"development_002","kind":"workshop","required":{"metal":4,"wood":8},"required_work":100.0,"site":"(-52.0, 0.0, 38.0)","stage":"COMPLETE","state":"COMPLETE","target":"(-52.0, 0.0, 47.0)","work":100.099999999999,"work_by_citizen":{"10":49.9000000000004,"47":50.2000000000004}},{"completed":1583.99999999965,"created":1479.99999999975,"delivered":{"metal":2.0,"wood":10.0},"delivery_distance":1354.71447422431,"effect_applied":true,"id":"development_003","kind":"housing","required":{"metal":2,"wood":10},"required_work":76.5,"site":"(-52.0, 0.0, 70.0)","stage":"COMPLETE","state":"COMPLETE","target":"(-52.0, 0.0, 79.0)","work":79.2999999999998,"work_by_citizen":{"27":38.9000000000003,"28":40.4000000000003}},{"completed":2828.69999999852,"created":2689.99999999865,"delivered":{"metal":2.0,"wood":10.0},"delivery_distance":1530.24358334468,"effect_applied":true,"id":"development_004","kind":"housing","required":{"metal":2,"wood":10},"required_work":76.5,"site":"(-36.0, 0.0, 6.0)","stage":"COMPLETE","state":"COMPLETE","target":"(-36.0, 0.0, 15.0)","work":76.5999999999999,"work_by_citizen":{"36":50.4000000000004,"49":26.2000000000001}},{"completed":4017.79999999744,"created":3899.99999999755,"delivered":{"metal":2.0,"wood":10.0},"delivery_distance":1682.47910514137,"effect_applied":true,"id":"development_005","kind":"housing","required":{"metal":2,"wood":10},"required_work":76.5,"site":"(-68.0, 0.0, 54.0)","stage":"COMPLETE","state":"COMPLETE","target":"(-68.0, 0.0, 63.0)","work":76.5000000000005,"work_by_citizen":{"60":40.8000000000003,"66":35.7000000000002}},{"completed":5243.70000000155,"created":5100.00000000102,"delivered":{"metal":2.0,"wood":10.0},"delivery_distance":586.714552618003,"effect_applied":true,"id":"development_006","kind":"housing","required":{"metal":2,"wood":10},"required_work":76.5,"site":"(60.0, 0.0, 54.0)","stage":"COMPLETE","state":"COMPLETE","target":"(60.0, 0.0, 63.0)","work":76.54,"work_by_citizen":{"50":52.6000000000005,"62":23.94}},{"completed":6417.80000000582,"created":6300.00000000539,"delivered":{"metal":2.0,"wood":10.0},"delivery_distance":1457.53698377789,"effect_applied":true,"id":"development_007","kind":"housing","required":{"metal":2,"wood":10},"required_work":76.5,"site":"(-20.0, 0.0, -10.0)","stage":"COMPLETE","state":"COMPLETE","target":"(-20.0, 0.0, -1.0)","work":76.5999999999999,"work_by_citizen":{"5":47.5000000000004,"33":29.1000000000001}}] growth=Cohort cooldown
POC45_DAY {"days":12.0000000000144,"drinks":2535,"economy":{"food":{"available":593.0,"consumed":1699.0,"delivered":0.0,"in_transit":0.0,"received":1992.0,"reserved":0.0},"metal":{"available":0.0,"consumed":20.0,"delivered":0.0,"in_transit":0.0,"received":20.0,"reserved":0.0},"water":{"available":849.0,"consumed":2535.0,"delivered":0.0,"in_transit":0.0,"received":3296.0,"reserved":12.0},"wood":{"available":6.0,"consumed":72.0,"delivered":0.0,"in_transit":0.0,"received":78.0,"reserved":0.0}},"food_days":2.965,"meals":1699,"population":100,"resting":18,"rests":1250,"shelter":110,"urgent":7,"water_days":2.83} projects=[{"completed":1097.4000000001,"created":950.000000000147,"delivered":{"metal":2.0,"wood":10.0},"delivery_distance":1146.24355423389,"effect_applied":true,"id":"development_001","kind":"housing","required":{"metal":2,"wood":10},"required_work":90.0,"site":"(-4.0, 0.0, 6.0)","stage":"COMPLETE","state":"COMPLETE","target":"(-4.0, 0.0, 15.0)","work":90.0999999999992,"work_by_citizen":{"21":57.0000000000005,"30":33.1000000000002}},{"completed":1286.59999999993,"created":1100.0000000001,"delivered":{"metal":4.0,"wood":8.0},"delivery_distance":1682.4790028563,"effect_applied":true,"id":"development_002","kind":"workshop","required":{"metal":4,"wood":8},"required_work":100.0,"site":"(-52.0, 0.0, 38.0)","stage":"COMPLETE","state":"COMPLETE","target":"(-52.0, 0.0, 47.0)","work":100.099999999999,"work_by_citizen":{"10":49.9000000000004,"47":50.2000000000004}},{"completed":1583.99999999965,"created":1479.99999999975,"delivered":{"metal":2.0,"wood":10.0},"delivery_distance":1354.71447422431,"effect_applied":true,"id":"development_003","kind":"housing","required":{"metal":2,"wood":10},"required_work":76.5,"site":"(-52.0, 0.0, 70.0)","stage":"COMPLETE","state":"COMPLETE","target":"(-52.0, 0.0, 79.0)","work":79.2999999999998,"work_by_citizen":{"27":38.9000000000003,"28":40.4000000000003}},{"completed":2828.69999999852,"created":2689.99999999865,"delivered":{"metal":2.0,"wood":10.0},"delivery_distance":1530.24358334468,"effect_applied":true,"id":"development_004","kind":"housing","required":{"metal":2,"wood":10},"required_work":76.5,"site":"(-36.0, 0.0, 6.0)","stage":"COMPLETE","state":"COMPLETE","target":"(-36.0, 0.0, 15.0)","work":76.5999999999999,"work_by_citizen":{"36":50.4000000000004,"49":26.2000000000001}},{"completed":4017.79999999744,"created":3899.99999999755,"delivered":{"metal":2.0,"wood":10.0},"delivery_distance":1682.47910514137,"effect_applied":true,"id":"development_005","kind":"housing","required":{"metal":2,"wood":10},"required_work":76.5,"site":"(-68.0, 0.0, 54.0)","stage":"COMPLETE","state":"COMPLETE","target":"(-68.0, 0.0, 63.0)","work":76.5000000000005,"work_by_citizen":{"60":40.8000000000003,"66":35.7000000000002}},{"completed":5243.70000000155,"created":5100.00000000102,"delivered":{"metal":2.0,"wood":10.0},"delivery_distance":586.714552618003,"effect_applied":true,"id":"development_006","kind":"housing","required":{"metal":2,"wood":10},"required_work":76.5,"site":"(60.0, 0.0, 54.0)","stage":"COMPLETE","state":"COMPLETE","target":"(60.0, 0.0, 63.0)","work":76.54,"work_by_citizen":{"50":52.6000000000005,"62":23.94}},{"completed":6417.80000000582,"created":6300.00000000539,"delivered":{"metal":2.0,"wood":10.0},"delivery_distance":1457.53698377789,"effect_applied":true,"id":"development_007","kind":"housing","required":{"metal":2,"wood":10},"required_work":76.5,"site":"(-20.0, 0.0, -10.0)","stage":"COMPLETE","state":"COMPLETE","target":"(-20.0, 0.0, -1.0)","work":76.5999999999999,"work_by_citizen":{"5":47.5000000000004,"33":29.1000000000001}}] growth=Cohort cooldown
ROOMSCALE_FLOOR_NAV_READY room=room_poc45 grid=60x45 cell=4in obstacles=15
ROOMSCALE_FLOOR_NAV_READY room=room_poc45 grid=60x45 cell=4in obstacles=16
ROOMSCALE_FLOOR_NAV_READY room=room_poc45 grid=60x45 cell=4in obstacles=16
ROOMSCALE_FLOOR_NAV_READY room=room_poc45 grid=60x45 cell=4in obstacles=16
ROOMSCALE_FLOOR_NAV_READY room=room_poc45 grid=60x45 cell=4in obstacles=16
ROOMSCALE_FLOOR_NAV_READY room=room_poc45 grid=60x45 cell=4in obstacles=16
ROOMSCALE_FLOOR_NAV_READY room=room_poc45 grid=60x45 cell=4in obstacles=16
ROOMSCALE_FLOOR_NAV_READY room=room_poc45 grid=60x45 cell=4in obstacles=16
ROOMSCALE_FLOOR_NAV_READY room=room_poc45 grid=60x45 cell=4in obstacles=15
ROOMSCALE_FLOOR_NAV_READY room=room_poc45 grid=60x45 cell=4in obstacles=15
ROOMSCALE_FLOOR_NAV_READY room=room_poc45 grid=60x45 cell=4in obstacles=15
POC4_SALVAGE_STAGE object=chair state=STRIPPED work=8.0 yields={ "metal": 2.0 }
POC4_SALVAGE_STAGE object=chair state=PARTIAL work=20.0 yields={ "wood": 5.0, "metal": 2.0 }
ROOMSCALE_FLOOR_NAV_READY room=room_poc45 grid=60x45 cell=4in obstacles=15
POC4_SALVAGE_STAGE object=chair state=FRAME work=32.0 yields={ "wood": 3.0 }
ROOMSCALE_FLOOR_NAV_READY room=room_poc45 grid=60x45 cell=4in obstacles=14
POC4_SALVAGE_STAGE object=chair state=DEPLETED work=42.0 yields={ "wood": 5.0 }
ROOMSCALE_FLOOR_NAV_READY room=room_poc45 grid=60x45 cell=4in obstacles=15
POC45_DAY {"days":13.0000000000181,"drinks":2842,"economy":{"food":{"available":619.0,"consumed":1905.0,"delivered":0.0,"in_transit":0.0,"received":2224.0,"reserved":0.0},"metal":{"available":2.0,"consumed":22.0,"delivered":0.0,"in_transit":0.0,"received":24.0,"reserved":0.0},"water":{"available":886.0,"consumed":2842.0,"delivered":0.0,"in_transit":0.0,"received":3640.0,"reserved":12.0},"wood":{"available":9.0,"consumed":82.0,"delivered":0.0,"in_transit":0.0,"received":91.0,"reserved":0.0}},"food_days":2.94761904761905,"meals":1905,"population":105,"resting":7,"rests":1401,"shelter":120,"urgent":5,"water_days":2.81269841269841} projects=[{"completed":1097.4000000001,"created":950.000000000147,"delivered":{"metal":2.0,"wood":10.0},"delivery_distance":1146.24355423389,"effect_applied":true,"id":"development_001","kind":"housing","required":{"metal":2,"wood":10},"required_work":90.0,"site":"(-4.0, 0.0, 6.0)","stage":"COMPLETE","state":"COMPLETE","target":"(-4.0, 0.0, 15.0)","work":90.0999999999992,"work_by_citizen":{"21":57.0000000000005,"30":33.1000000000002}},{"completed":1286.59999999993,"created":1100.0000000001,"delivered":{"metal":4.0,"wood":8.0},"delivery_distance":1682.4790028563,"effect_applied":true,"id":"development_002","kind":"workshop","required":{"metal":4,"wood":8},"required_work":100.0,"site":"(-52.0, 0.0, 38.0)","stage":"COMPLETE","state":"COMPLETE","target":"(-52.0, 0.0, 47.0)","work":100.099999999999,"work_by_citizen":{"10":49.9000000000004,"47":50.2000000000004}},{"completed":1583.99999999965,"created":1479.99999999975,"delivered":{"metal":2.0,"wood":10.0},"delivery_distance":1354.71447422431,"effect_applied":true,"id":"development_003","kind":"housing","required":{"metal":2,"wood":10},"required_work":76.5,"site":"(-52.0, 0.0, 70.0)","stage":"COMPLETE","state":"COMPLETE","target":"(-52.0, 0.0, 79.0)","work":79.2999999999998,"work_by_citizen":{"27":38.9000000000003,"28":40.4000000000003}},{"completed":2828.69999999852,"created":2689.99999999865,"delivered":{"metal":2.0,"wood":10.0},"delivery_distance":1530.24358334468,"effect_applied":true,"id":"development_004","kind":"housing","required":{"metal":2,"wood":10},"required_work":76.5,"site":"(-36.0, 0.0, 6.0)","stage":"COMPLETE","state":"COMPLETE","target":"(-36.0, 0.0, 15.0)","work":76.5999999999999,"work_by_citizen":{"36":50.4000000000004,"49":26.2000000000001}},{"completed":4017.79999999744,"created":3899.99999999755,"delivered":{"metal":2.0,"wood":10.0},"delivery_distance":1682.47910514137,"effect_applied":true,"id":"development_005","kind":"housing","required":{"metal":2,"wood":10},"required_work":76.5,"site":"(-68.0, 0.0, 54.0)","stage":"COMPLETE","state":"COMPLETE","target":"(-68.0, 0.0, 63.0)","work":76.5000000000005,"work_by_citizen":{"60":40.8000000000003,"66":35.7000000000002}},{"completed":5243.70000000155,"created":5100.00000000102,"delivered":{"metal":2.0,"wood":10.0},"delivery_distance":586.714552618003,"effect_applied":true,"id":"development_006","kind":"housing","required":{"metal":2,"wood":10},"required_work":76.5,"site":"(60.0, 0.0, 54.0)","stage":"COMPLETE","state":"COMPLETE","target":"(60.0, 0.0, 63.0)","work":76.54,"work_by_citizen":{"50":52.6000000000005,"62":23.94}},{"completed":6417.80000000582,"created":6300.00000000539,"delivered":{"metal":2.0,"wood":10.0},"delivery_distance":1457.53698377789,"effect_applied":true,"id":"development_007","kind":"housing","required":{"metal":2,"wood":10},"required_work":76.5,"site":"(-20.0, 0.0, -10.0)","stage":"COMPLETE","state":"COMPLETE","target":"(-20.0, 0.0, -1.0)","work":76.5999999999999,"work_by_citizen":{"5":47.5000000000004,"33":29.1000000000001}},{"completed":7670.10000001037,"created":7500.00000000975,"delivered":{"metal":2.0,"wood":10.0},"delivery_distance":818.479032040331,"effect_applied":true,"id":"development_008","kind":"housing","required":{"metal":2,"wood":10},"required_work":76.5,"site":"(44.0, 0.0, 6.0)","stage":"COMPLETE","state":"COMPLETE","target":"(44.0, 0.0, 15.0)","work":76.5000000000004,"work_by_citizen":{"55":33.8000000000002,"81":42.7000000000004}}] growth=Healthy stability window 215/300 seconds
POC45_DAY {"days":14.0000000000217,"drinks":3164,"economy":{"food":{"available":655.0,"consumed":2115.0,"delivered":0.0,"in_transit":0.0,"received":2472.0,"reserved":2.0},"metal":{"available":2.0,"consumed":22.0,"delivered":0.0,"in_transit":0.0,"received":24.0,"reserved":0.0},"water":{"available":914.0,"consumed":3164.0,"delivered":0.0,"in_transit":0.0,"received":3992.0,"reserved":14.0},"wood":{"available":9.0,"consumed":82.0,"delivered":0.0,"in_transit":0.0,"received":91.0,"reserved":0.0}},"food_days":2.97727272727273,"meals":2115,"population":110,"resting":12,"rests":1568,"shelter":120,"urgent":11,"water_days":2.76969696969697} projects=[{"completed":1097.4000000001,"created":950.000000000147,"delivered":{"metal":2.0,"wood":10.0},"delivery_distance":1146.24355423389,"effect_applied":true,"id":"development_001","kind":"housing","required":{"metal":2,"wood":10},"required_work":90.0,"site":"(-4.0, 0.0, 6.0)","stage":"COMPLETE","state":"COMPLETE","target":"(-4.0, 0.0, 15.0)","work":90.0999999999992,"work_by_citizen":{"21":57.0000000000005,"30":33.1000000000002}},{"completed":1286.59999999993,"created":1100.0000000001,"delivered":{"metal":4.0,"wood":8.0},"delivery_distance":1682.4790028563,"effect_applied":true,"id":"development_002","kind":"workshop","required":{"metal":4,"wood":8},"required_work":100.0,"site":"(-52.0, 0.0, 38.0)","stage":"COMPLETE","state":"COMPLETE","target":"(-52.0, 0.0, 47.0)","work":100.099999999999,"work_by_citizen":{"10":49.9000000000004,"47":50.2000000000004}},{"completed":1583.99999999965,"created":1479.99999999975,"delivered":{"metal":2.0,"wood":10.0},"delivery_distance":1354.71447422431,"effect_applied":true,"id":"development_003","kind":"housing","required":{"metal":2,"wood":10},"required_work":76.5,"site":"(-52.0, 0.0, 70.0)","stage":"COMPLETE","state":"COMPLETE","target":"(-52.0, 0.0, 79.0)","work":79.2999999999998,"work_by_citizen":{"27":38.9000000000003,"28":40.4000000000003}},{"completed":2828.69999999852,"created":2689.99999999865,"delivered":{"metal":2.0,"wood":10.0},"delivery_distance":1530.24358334468,"effect_applied":true,"id":"development_004","kind":"housing","required":{"metal":2,"wood":10},"required_work":76.5,"site":"(-36.0, 0.0, 6.0)","stage":"COMPLETE","state":"COMPLETE","target":"(-36.0, 0.0, 15.0)","work":76.5999999999999,"work_by_citizen":{"36":50.4000000000004,"49":26.2000000000001}},{"completed":4017.79999999744,"created":3899.99999999755,"delivered":{"metal":2.0,"wood":10.0},"delivery_distance":1682.47910514137,"effect_applied":true,"id":"development_005","kind":"housing","required":{"metal":2,"wood":10},"required_work":76.5,"site":"(-68.0, 0.0, 54.0)","stage":"COMPLETE","state":"COMPLETE","target":"(-68.0, 0.0, 63.0)","work":76.5000000000005,"work_by_citizen":{"60":40.8000000000003,"66":35.7000000000002}},{"completed":5243.70000000155,"created":5100.00000000102,"delivered":{"metal":2.0,"wood":10.0},"delivery_distance":586.714552618003,"effect_applied":true,"id":"development_006","kind":"housing","required":{"metal":2,"wood":10},"required_work":76.5,"site":"(60.0, 0.0, 54.0)","stage":"COMPLETE","state":"COMPLETE","target":"(60.0, 0.0, 63.0)","work":76.54,"work_by_citizen":{"50":52.6000000000005,"62":23.94}},{"completed":6417.80000000582,"created":6300.00000000539,"delivered":{"metal":2.0,"wood":10.0},"delivery_distance":1457.53698377789,"effect_applied":true,"id":"development_007","kind":"housing","required":{"metal":2,"wood":10},"required_work":76.5,"site":"(-20.0, 0.0, -10.0)","stage":"COMPLETE","state":"COMPLETE","target":"(-20.0, 0.0, -1.0)","work":76.5999999999999,"work_by_citizen":{"5":47.5000000000004,"33":29.1000000000001}},{"completed":7670.10000001037,"created":7500.00000000975,"delivered":{"metal":2.0,"wood":10.0},"delivery_distance":818.479032040331,"effect_applied":true,"id":"development_008","kind":"housing","required":{"metal":2,"wood":10},"required_work":76.5,"site":"(44.0, 0.0, 6.0)","stage":"COMPLETE","state":"COMPLETE","target":"(44.0, 0.0, 15.0)","work":76.5000000000004,"work_by_citizen":{"55":33.8000000000002,"81":42.7000000000004}}] growth=Cohort cooldown
POC45_DAY {"days":15.0000000000254,"drinks":3498,"economy":{"food":{"available":683.0,"consumed":2345.0,"delivered":0.0,"in_transit":0.0,"received":2728.0,"reserved":0.0},"metal":{"available":2.0,"consumed":22.0,"delivered":0.0,"in_transit":0.0,"received":24.0,"reserved":0.0},"water":{"available":972.0,"consumed":3498.0,"delivered":0.0,"in_transit":0.0,"received":4384.0,"reserved":14.0},"wood":{"available":9.0,"consumed":82.0,"delivered":0.0,"in_transit":0.0,"received":91.0,"reserved":0.0}},"food_days":2.9695652173913,"meals":2345,"population":115,"resting":13,"rests":1731,"shelter":120,"urgent":7,"water_days":2.81739130434783} projects=[{"completed":1097.4000000001,"created":950.000000000147,"delivered":{"metal":2.0,"wood":10.0},"delivery_distance":1146.24355423389,"effect_applied":true,"id":"development_001","kind":"housing","required":{"metal":2,"wood":10},"required_work":90.0,"site":"(-4.0, 0.0, 6.0)","stage":"COMPLETE","state":"COMPLETE","target":"(-4.0, 0.0, 15.0)","work":90.0999999999992,"work_by_citizen":{"21":57.0000000000005,"30":33.1000000000002}},{"completed":1286.59999999993,"created":1100.0000000001,"delivered":{"metal":4.0,"wood":8.0},"delivery_distance":1682.4790028563,"effect_applied":true,"id":"development_002","kind":"workshop","required":{"metal":4,"wood":8},"required_work":100.0,"site":"(-52.0, 0.0, 38.0)","stage":"COMPLETE","state":"COMPLETE","target":"(-52.0, 0.0, 47.0)","work":100.099999999999,"work_by_citizen":{"10":49.9000000000004,"47":50.2000000000004}},{"completed":1583.99999999965,"created":1479.99999999975,"delivered":{"metal":2.0,"wood":10.0},"delivery_distance":1354.71447422431,"effect_applied":true,"id":"development_003","kind":"housing","required":{"metal":2,"wood":10},"required_work":76.5,"site":"(-52.0, 0.0, 70.0)","stage":"COMPLETE","state":"COMPLETE","target":"(-52.0, 0.0, 79.0)","work":79.2999999999998,"work_by_citizen":{"27":38.9000000000003,"28":40.4000000000003}},{"completed":2828.69999999852,"created":2689.99999999865,"delivered":{"metal":2.0,"wood":10.0},"delivery_distance":1530.24358334468,"effect_applied":true,"id":"development_004","kind":"housing","required":{"metal":2,"wood":10},"required_work":76.5,"site":"(-36.0, 0.0, 6.0)","stage":"COMPLETE","state":"COMPLETE","target":"(-36.0, 0.0, 15.0)","work":76.5999999999999,"work_by_citizen":{"36":50.4000000000004,"49":26.2000000000001}},{"completed":4017.79999999744,"created":3899.99999999755,"delivered":{"metal":2.0,"wood":10.0},"delivery_distance":1682.47910514137,"effect_applied":true,"id":"development_005","kind":"housing","required":{"metal":2,"wood":10},"required_work":76.5,"site":"(-68.0, 0.0, 54.0)","stage":"COMPLETE","state":"COMPLETE","target":"(-68.0, 0.0, 63.0)","work":76.5000000000005,"work_by_citizen":{"60":40.8000000000003,"66":35.7000000000002}},{"completed":5243.70000000155,"created":5100.00000000102,"delivered":{"metal":2.0,"wood":10.0},"delivery_distance":586.714552618003,"effect_applied":true,"id":"development_006","kind":"housing","required":{"metal":2,"wood":10},"required_work":76.5,"site":"(60.0, 0.0, 54.0)","stage":"COMPLETE","state":"COMPLETE","target":"(60.0, 0.0, 63.0)","work":76.54,"work_by_citizen":{"50":52.6000000000005,"62":23.94}},{"completed":6417.80000000582,"created":6300.00000000539,"delivered":{"metal":2.0,"wood":10.0},"delivery_distance":1457.53698377789,"effect_applied":true,"id":"development_007","kind":"housing","required":{"metal":2,"wood":10},"required_work":76.5,"site":"(-20.0, 0.0, -10.0)","stage":"COMPLETE","state":"COMPLETE","target":"(-20.0, 0.0, -1.0)","work":76.5999999999999,"work_by_citizen":{"5":47.5000000000004,"33":29.1000000000001}},{"completed":7670.10000001037,"created":7500.00000000975,"delivered":{"metal":2.0,"wood":10.0},"delivery_distance":818.479032040331,"effect_applied":true,"id":"development_008","kind":"housing","required":{"metal":2,"wood":10},"required_work":76.5,"site":"(44.0, 0.0, 6.0)","stage":"COMPLETE","state":"COMPLETE","target":"(44.0, 0.0, 15.0)","work":76.5000000000004,"work_by_citizen":{"55":33.8000000000002,"81":42.7000000000004}}] growth=Cohort cooldown
POC45_DAY {"days":16.000000000029,"drinks":3853,"economy":{"food":{"available":712.0,"consumed":2580.0,"delivered":0.0,"in_transit":0.0,"received":2992.0,"reserved":0.0},"metal":{"available":2.0,"consumed":22.0,"delivered":0.0,"in_transit":0.0,"received":24.0,"reserved":0.0},"water":{"available":1009.0,"consumed":3853.0,"delivered":0.0,"in_transit":0.0,"received":4776.0,"reserved":14.0},"wood":{"available":9.0,"consumed":82.0,"delivered":0.0,"in_transit":0.0,"received":91.0,"reserved":0.0}},"food_days":2.96666666666667,"meals":2580,"population":120,"resting":14,"rests":1912,"shelter":120,"urgent":5,"water_days":2.80277777777778} projects=[{"completed":1097.4000000001,"created":950.000000000147,"delivered":{"metal":2.0,"wood":10.0},"delivery_distance":1146.24355423389,"effect_applied":true,"id":"development_001","kind":"housing","required":{"metal":2,"wood":10},"required_work":90.0,"site":"(-4.0, 0.0, 6.0)","stage":"COMPLETE","state":"COMPLETE","target":"(-4.0, 0.0, 15.0)","work":90.0999999999992,"work_by_citizen":{"21":57.0000000000005,"30":33.1000000000002}},{"completed":1286.59999999993,"created":1100.0000000001,"delivered":{"metal":4.0,"wood":8.0},"delivery_distance":1682.4790028563,"effect_applied":true,"id":"development_002","kind":"workshop","required":{"metal":4,"wood":8},"required_work":100.0,"site":"(-52.0, 0.0, 38.0)","stage":"COMPLETE","state":"COMPLETE","target":"(-52.0, 0.0, 47.0)","work":100.099999999999,"work_by_citizen":{"10":49.9000000000004,"47":50.2000000000004}},{"completed":1583.99999999965,"created":1479.99999999975,"delivered":{"metal":2.0,"wood":10.0},"delivery_distance":1354.71447422431,"effect_applied":true,"id":"development_003","kind":"housing","required":{"metal":2,"wood":10},"required_work":76.5,"site":"(-52.0, 0.0, 70.0)","stage":"COMPLETE","state":"COMPLETE","target":"(-52.0, 0.0, 79.0)","work":79.2999999999998,"work_by_citizen":{"27":38.9000000000003,"28":40.4000000000003}},{"completed":2828.69999999852,"created":2689.99999999865,"delivered":{"metal":2.0,"wood":10.0},"delivery_distance":1530.24358334468,"effect_applied":true,"id":"development_004","kind":"housing","required":{"metal":2,"wood":10},"required_work":76.5,"site":"(-36.0, 0.0, 6.0)","stage":"COMPLETE","state":"COMPLETE","target":"(-36.0, 0.0, 15.0)","work":76.5999999999999,"work_by_citizen":{"36":50.4000000000004,"49":26.2000000000001}},{"completed":4017.79999999744,"created":3899.99999999755,"delivered":{"metal":2.0,"wood":10.0},"delivery_distance":1682.47910514137,"effect_applied":true,"id":"development_005","kind":"housing","required":{"metal":2,"wood":10},"required_work":76.5,"site":"(-68.0, 0.0, 54.0)","stage":"COMPLETE","state":"COMPLETE","target":"(-68.0, 0.0, 63.0)","work":76.5000000000005,"work_by_citizen":{"60":40.8000000000003,"66":35.7000000000002}},{"completed":5243.70000000155,"created":5100.00000000102,"delivered":{"metal":2.0,"wood":10.0},"delivery_distance":586.714552618003,"effect_applied":true,"id":"development_006","kind":"housing","required":{"metal":2,"wood":10},"required_work":76.5,"site":"(60.0, 0.0, 54.0)","stage":"COMPLETE","state":"COMPLETE","target":"(60.0, 0.0, 63.0)","work":76.54,"work_by_citizen":{"50":52.6000000000005,"62":23.94}},{"completed":6417.80000000582,"created":6300.00000000539,"delivered":{"metal":2.0,"wood":10.0},"delivery_distance":1457.53698377789,"effect_applied":true,"id":"development_007","kind":"housing","required":{"metal":2,"wood":10},"required_work":76.5,"site":"(-20.0, 0.0, -10.0)","stage":"COMPLETE","state":"COMPLETE","target":"(-20.0, 0.0, -1.0)","work":76.5999999999999,"work_by_citizen":{"5":47.5000000000004,"33":29.1000000000001}},{"completed":7670.10000001037,"created":7500.00000000975,"delivered":{"metal":2.0,"wood":10.0},"delivery_distance":818.479032040331,"effect_applied":true,"id":"development_008","kind":"housing","required":{"metal":2,"wood":10},"required_work":76.5,"site":"(44.0, 0.0, 6.0)","stage":"COMPLETE","state":"COMPLETE","target":"(44.0, 0.0, 15.0)","work":76.5000000000004,"work_by_citizen":{"55":33.8000000000002,"81":42.7000000000004}}] growth=Insufficient shelter for entire cohort
POC45_DAY {"days":17.0000000000326,"drinks":4212,"economy":{"food":{"available":712.0,"consumed":2819.0,"delivered":0.0,"in_transit":0.0,"received":3232.0,"reserved":1.0},"metal":{"available":2.0,"consumed":22.0,"delivered":0.0,"in_transit":0.0,"received":24.0,"reserved":0.0},"water":{"available":1018.0,"consumed":4212.0,"delivered":0.0,"in_transit":0.0,"received":5144.0,"reserved":14.0},"wood":{"available":9.0,"consumed":82.0,"delivered":0.0,"in_transit":0.0,"received":91.0,"reserved":0.0}},"food_days":2.96666666666667,"meals":2819,"population":120,"resting":8,"rests":2092,"shelter":120,"urgent":8,"water_days":2.82777777777778} projects=[{"completed":1097.4000000001,"created":950.000000000147,"delivered":{"metal":2.0,"wood":10.0},"delivery_distance":1146.24355423389,"effect_applied":true,"id":"development_001","kind":"housing","required":{"metal":2,"wood":10},"required_work":90.0,"site":"(-4.0, 0.0, 6.0)","stage":"COMPLETE","state":"COMPLETE","target":"(-4.0, 0.0, 15.0)","work":90.0999999999992,"work_by_citizen":{"21":57.0000000000005,"30":33.1000000000002}},{"completed":1286.59999999993,"created":1100.0000000001,"delivered":{"metal":4.0,"wood":8.0},"delivery_distance":1682.4790028563,"effect_applied":true,"id":"development_002","kind":"workshop","required":{"metal":4,"wood":8},"required_work":100.0,"site":"(-52.0, 0.0, 38.0)","stage":"COMPLETE","state":"COMPLETE","target":"(-52.0, 0.0, 47.0)","work":100.099999999999,"work_by_citizen":{"10":49.9000000000004,"47":50.2000000000004}},{"completed":1583.99999999965,"created":1479.99999999975,"delivered":{"metal":2.0,"wood":10.0},"delivery_distance":1354.71447422431,"effect_applied":true,"id":"development_003","kind":"housing","required":{"metal":2,"wood":10},"required_work":76.5,"site":"(-52.0, 0.0, 70.0)","stage":"COMPLETE","state":"COMPLETE","target":"(-52.0, 0.0, 79.0)","work":79.2999999999998,"work_by_citizen":{"27":38.9000000000003,"28":40.4000000000003}},{"completed":2828.69999999852,"created":2689.99999999865,"delivered":{"metal":2.0,"wood":10.0},"delivery_distance":1530.24358334468,"effect_applied":true,"id":"development_004","kind":"housing","required":{"metal":2,"wood":10},"required_work":76.5,"site":"(-36.0, 0.0, 6.0)","stage":"COMPLETE","state":"COMPLETE","target":"(-36.0, 0.0, 15.0)","work":76.5999999999999,"work_by_citizen":{"36":50.4000000000004,"49":26.2000000000001}},{"completed":4017.79999999744,"created":3899.99999999755,"delivered":{"metal":2.0,"wood":10.0},"delivery_distance":1682.47910514137,"effect_applied":true,"id":"development_005","kind":"housing","required":{"metal":2,"wood":10},"required_work":76.5,"site":"(-68.0, 0.0, 54.0)","stage":"COMPLETE","state":"COMPLETE","target":"(-68.0, 0.0, 63.0)","work":76.5000000000005,"work_by_citizen":{"60":40.8000000000003,"66":35.7000000000002}},{"completed":5243.70000000155,"created":5100.00000000102,"delivered":{"metal":2.0,"wood":10.0},"delivery_distance":586.714552618003,"effect_applied":true,"id":"development_006","kind":"housing","required":{"metal":2,"wood":10},"required_work":76.5,"site":"(60.0, 0.0, 54.0)","stage":"COMPLETE","state":"COMPLETE","target":"(60.0, 0.0, 63.0)","work":76.54,"work_by_citizen":{"50":52.6000000000005,"62":23.94}},{"completed":6417.80000000582,"created":6300.00000000539,"delivered":{"metal":2.0,"wood":10.0},"delivery_distance":1457.53698377789,"effect_applied":true,"id":"development_007","kind":"housing","required":{"metal":2,"wood":10},"required_work":76.5,"site":"(-20.0, 0.0, -10.0)","stage":"COMPLETE","state":"COMPLETE","target":"(-20.0, 0.0, -1.0)","work":76.5999999999999,"work_by_citizen":{"5":47.5000000000004,"33":29.1000000000001}},{"completed":7670.10000001037,"created":7500.00000000975,"delivered":{"metal":2.0,"wood":10.0},"delivery_distance":818.479032040331,"effect_applied":true,"id":"development_008","kind":"housing","required":{"metal":2,"wood":10},"required_work":76.5,"site":"(44.0, 0.0, 6.0)","stage":"COMPLETE","state":"COMPLETE","target":"(44.0, 0.0, 15.0)","work":76.5000000000004,"work_by_citizen":{"55":33.8000000000002,"81":42.7000000000004}}] growth=Insufficient shelter for entire cohort
POC45_DAY {"days":18.0000000000363,"drinks":4571,"economy":{"food":{"available":713.0,"consumed":3059.0,"delivered":0.0,"in_transit":0.0,"received":3472.0,"reserved":0.0},"metal":{"available":2.0,"consumed":22.0,"delivered":0.0,"in_transit":0.0,"received":24.0,"reserved":0.0},"water":{"available":1017.0,"consumed":4571.0,"delivered":0.0,"in_transit":0.0,"received":5504.0,"reserved":16.0},"wood":{"available":9.0,"consumed":82.0,"delivered":0.0,"in_transit":0.0,"received":91.0,"reserved":0.0}},"food_days":2.97083333333333,"meals":3059,"population":120,"resting":14,"rests":2276,"shelter":120,"urgent":10,"water_days":2.825} projects=[{"completed":1097.4000000001,"created":950.000000000147,"delivered":{"metal":2.0,"wood":10.0},"delivery_distance":1146.24355423389,"effect_applied":true,"id":"development_001","kind":"housing","required":{"metal":2,"wood":10},"required_work":90.0,"site":"(-4.0, 0.0, 6.0)","stage":"COMPLETE","state":"COMPLETE","target":"(-4.0, 0.0, 15.0)","work":90.0999999999992,"work_by_citizen":{"21":57.0000000000005,"30":33.1000000000002}},{"completed":1286.59999999993,"created":1100.0000000001,"delivered":{"metal":4.0,"wood":8.0},"delivery_distance":1682.4790028563,"effect_applied":true,"id":"development_002","kind":"workshop","required":{"metal":4,"wood":8},"required_work":100.0,"site":"(-52.0, 0.0, 38.0)","stage":"COMPLETE","state":"COMPLETE","target":"(-52.0, 0.0, 47.0)","work":100.099999999999,"work_by_citizen":{"10":49.9000000000004,"47":50.2000000000004}},{"completed":1583.99999999965,"created":1479.99999999975,"delivered":{"metal":2.0,"wood":10.0},"delivery_distance":1354.71447422431,"effect_applied":true,"id":"development_003","kind":"housing","required":{"metal":2,"wood":10},"required_work":76.5,"site":"(-52.0, 0.0, 70.0)","stage":"COMPLETE","state":"COMPLETE","target":"(-52.0, 0.0, 79.0)","work":79.2999999999998,"work_by_citizen":{"27":38.9000000000003,"28":40.4000000000003}},{"completed":2828.69999999852,"created":2689.99999999865,"delivered":{"metal":2.0,"wood":10.0},"delivery_distance":1530.24358334468,"effect_applied":true,"id":"development_004","kind":"housing","required":{"metal":2,"wood":10},"required_work":76.5,"site":"(-36.0, 0.0, 6.0)","stage":"COMPLETE","state":"COMPLETE","target":"(-36.0, 0.0, 15.0)","work":76.5999999999999,"work_by_citizen":{"36":50.4000000000004,"49":26.2000000000001}},{"completed":4017.79999999744,"created":3899.99999999755,"delivered":{"metal":2.0,"wood":10.0},"delivery_distance":1682.47910514137,"effect_applied":true,"id":"development_005","kind":"housing","required":{"metal":2,"wood":10},"required_work":76.5,"site":"(-68.0, 0.0, 54.0)","stage":"COMPLETE","state":"COMPLETE","target":"(-68.0, 0.0, 63.0)","work":76.5000000000005,"work_by_citizen":{"60":40.8000000000003,"66":35.7000000000002}},{"completed":5243.70000000155,"created":5100.00000000102,"delivered":{"metal":2.0,"wood":10.0},"delivery_distance":586.714552618003,"effect_applied":true,"id":"development_006","kind":"housing","required":{"metal":2,"wood":10},"required_work":76.5,"site":"(60.0, 0.0, 54.0)","stage":"COMPLETE","state":"COMPLETE","target":"(60.0, 0.0, 63.0)","work":76.54,"work_by_citizen":{"50":52.6000000000005,"62":23.94}},{"completed":6417.80000000582,"created":6300.00000000539,"delivered":{"metal":2.0,"wood":10.0},"delivery_distance":1457.53698377789,"effect_applied":true,"id":"development_007","kind":"housing","required":{"metal":2,"wood":10},"required_work":76.5,"site":"(-20.0, 0.0, -10.0)","stage":"COMPLETE","state":"COMPLETE","target":"(-20.0, 0.0, -1.0)","work":76.5999999999999,"work_by_citizen":{"5":47.5000000000004,"33":29.1000000000001}},{"completed":7670.10000001037,"created":7500.00000000975,"delivered":{"metal":2.0,"wood":10.0},"delivery_distance":818.479032040331,"effect_applied":true,"id":"development_008","kind":"housing","required":{"metal":2,"wood":10},"required_work":76.5,"site":"(44.0, 0.0, 6.0)","stage":"COMPLETE","state":"COMPLETE","target":"(44.0, 0.0, 15.0)","work":76.5000000000004,"work_by_citizen":{"55":33.8000000000002,"81":42.7000000000004}}] growth=Insufficient shelter for entire cohort
POC45_DAY {"days":19.0000000000399,"drinks":4932,"economy":{"food":{"available":712.0,"consumed":3300.0,"delivered":0.0,"in_transit":0.0,"received":3712.0,"reserved":0.0},"metal":{"available":2.0,"consumed":22.0,"delivered":0.0,"in_transit":0.0,"received":24.0,"reserved":0.0},"water":{"available":1025.0,"consumed":4932.0,"delivered":0.0,"in_transit":0.0,"received":5872.0,"reserved":15.0},"wood":{"available":9.0,"consumed":82.0,"delivered":0.0,"in_transit":0.0,"received":91.0,"reserved":0.0}},"food_days":2.96666666666667,"meals":3300,"population":120,"resting":13,"rests":2456,"shelter":120,"urgent":9,"water_days":2.84722222222222} projects=[{"completed":1097.4000000001,"created":950.000000000147,"delivered":{"metal":2.0,"wood":10.0},"delivery_distance":1146.24355423389,"effect_applied":true,"id":"development_001","kind":"housing","required":{"metal":2,"wood":10},"required_work":90.0,"site":"(-4.0, 0.0, 6.0)","stage":"COMPLETE","state":"COMPLETE","target":"(-4.0, 0.0, 15.0)","work":90.0999999999992,"work_by_citizen":{"21":57.0000000000005,"30":33.1000000000002}},{"completed":1286.59999999993,"created":1100.0000000001,"delivered":{"metal":4.0,"wood":8.0},"delivery_distance":1682.4790028563,"effect_applied":true,"id":"development_002","kind":"workshop","required":{"metal":4,"wood":8},"required_work":100.0,"site":"(-52.0, 0.0, 38.0)","stage":"COMPLETE","state":"COMPLETE","target":"(-52.0, 0.0, 47.0)","work":100.099999999999,"work_by_citizen":{"10":49.9000000000004,"47":50.2000000000004}},{"completed":1583.99999999965,"created":1479.99999999975,"delivered":{"metal":2.0,"wood":10.0},"delivery_distance":1354.71447422431,"effect_applied":true,"id":"development_003","kind":"housing","required":{"metal":2,"wood":10},"required_work":76.5,"site":"(-52.0, 0.0, 70.0)","stage":"COMPLETE","state":"COMPLETE","target":"(-52.0, 0.0, 79.0)","work":79.2999999999998,"work_by_citizen":{"27":38.9000000000003,"28":40.4000000000003}},{"completed":2828.69999999852,"created":2689.99999999865,"delivered":{"metal":2.0,"wood":10.0},"delivery_distance":1530.24358334468,"effect_applied":true,"id":"development_004","kind":"housing","required":{"metal":2,"wood":10},"required_work":76.5,"site":"(-36.0, 0.0, 6.0)","stage":"COMPLETE","state":"COMPLETE","target":"(-36.0, 0.0, 15.0)","work":76.5999999999999,"work_by_citizen":{"36":50.4000000000004,"49":26.2000000000001}},{"completed":4017.79999999744,"created":3899.99999999755,"delivered":{"metal":2.0,"wood":10.0},"delivery_distance":1682.47910514137,"effect_applied":true,"id":"development_005","kind":"housing","required":{"metal":2,"wood":10},"required_work":76.5,"site":"(-68.0, 0.0, 54.0)","stage":"COMPLETE","state":"COMPLETE","target":"(-68.0, 0.0, 63.0)","work":76.5000000000005,"work_by_citizen":{"60":40.8000000000003,"66":35.7000000000002}},{"completed":5243.70000000155,"created":5100.00000000102,"delivered":{"metal":2.0,"wood":10.0},"delivery_distance":586.714552618003,"effect_applied":true,"id":"development_006","kind":"housing","required":{"metal":2,"wood":10},"required_work":76.5,"site":"(60.0, 0.0, 54.0)","stage":"COMPLETE","state":"COMPLETE","target":"(60.0, 0.0, 63.0)","work":76.54,"work_by_citizen":{"50":52.6000000000005,"62":23.94}},{"completed":6417.80000000582,"created":6300.00000000539,"delivered":{"metal":2.0,"wood":10.0},"delivery_distance":1457.53698377789,"effect_applied":true,"id":"development_007","kind":"housing","required":{"metal":2,"wood":10},"required_work":76.5,"site":"(-20.0, 0.0, -10.0)","stage":"COMPLETE","state":"COMPLETE","target":"(-20.0, 0.0, -1.0)","work":76.5999999999999,"work_by_citizen":{"5":47.5000000000004,"33":29.1000000000001}},{"completed":7670.10000001037,"created":7500.00000000975,"delivered":{"metal":2.0,"wood":10.0},"delivery_distance":818.479032040331,"effect_applied":true,"id":"development_008","kind":"housing","required":{"metal":2,"wood":10},"required_work":76.5,"site":"(44.0, 0.0, 6.0)","stage":"COMPLETE","state":"COMPLETE","target":"(44.0, 0.0, 15.0)","work":76.5000000000004,"work_by_citizen":{"55":33.8000000000002,"81":42.7000000000004}}] growth=Insufficient shelter for entire cohort
POC45_DAY {"days":20.0000000000435,"drinks":5293,"economy":{"food":{"available":712.0,"consumed":3540.0,"delivered":0.0,"in_transit":0.0,"received":3952.0,"reserved":0.0},"metal":{"available":2.0,"consumed":22.0,"delivered":0.0,"in_transit":0.0,"received":24.0,"reserved":0.0},"water":{"available":1018.0,"consumed":5293.0,"delivered":0.0,"in_transit":0.0,"received":6224.0,"reserved":13.0},"wood":{"available":9.0,"consumed":82.0,"delivered":0.0,"in_transit":0.0,"received":91.0,"reserved":0.0}},"food_days":2.96666666666667,"meals":3540,"population":120,"resting":12,"rests":2646,"shelter":120,"urgent":10,"water_days":2.82777777777778} projects=[{"completed":1097.4000000001,"created":950.000000000147,"delivered":{"metal":2.0,"wood":10.0},"delivery_distance":1146.24355423389,"effect_applied":true,"id":"development_001","kind":"housing","required":{"metal":2,"wood":10},"required_work":90.0,"site":"(-4.0, 0.0, 6.0)","stage":"COMPLETE","state":"COMPLETE","target":"(-4.0, 0.0, 15.0)","work":90.0999999999992,"work_by_citizen":{"21":57.0000000000005,"30":33.1000000000002}},{"completed":1286.59999999993,"created":1100.0000000001,"delivered":{"metal":4.0,"wood":8.0},"delivery_distance":1682.4790028563,"effect_applied":true,"id":"development_002","kind":"workshop","required":{"metal":4,"wood":8},"required_work":100.0,"site":"(-52.0, 0.0, 38.0)","stage":"COMPLETE","state":"COMPLETE","target":"(-52.0, 0.0, 47.0)","work":100.099999999999,"work_by_citizen":{"10":49.9000000000004,"47":50.2000000000004}},{"completed":1583.99999999965,"created":1479.99999999975,"delivered":{"metal":2.0,"wood":10.0},"delivery_distance":1354.71447422431,"effect_applied":true,"id":"development_003","kind":"housing","required":{"metal":2,"wood":10},"required_work":76.5,"site":"(-52.0, 0.0, 70.0)","stage":"COMPLETE","state":"COMPLETE","target":"(-52.0, 0.0, 79.0)","work":79.2999999999998,"work_by_citizen":{"27":38.9000000000003,"28":40.4000000000003}},{"completed":2828.69999999852,"created":2689.99999999865,"delivered":{"metal":2.0,"wood":10.0},"delivery_distance":1530.24358334468,"effect_applied":true,"id":"development_004","kind":"housing","required":{"metal":2,"wood":10},"required_work":76.5,"site":"(-36.0, 0.0, 6.0)","stage":"COMPLETE","state":"COMPLETE","target":"(-36.0, 0.0, 15.0)","work":76.5999999999999,"work_by_citizen":{"36":50.4000000000004,"49":26.2000000000001}},{"completed":4017.79999999744,"created":3899.99999999755,"delivered":{"metal":2.0,"wood":10.0},"delivery_distance":1682.47910514137,"effect_applied":true,"id":"development_005","kind":"housing","required":{"metal":2,"wood":10},"required_work":76.5,"site":"(-68.0, 0.0, 54.0)","stage":"COMPLETE","state":"COMPLETE","target":"(-68.0, 0.0, 63.0)","work":76.5000000000005,"work_by_citizen":{"60":40.8000000000003,"66":35.7000000000002}},{"completed":5243.70000000155,"created":5100.00000000102,"delivered":{"metal":2.0,"wood":10.0},"delivery_distance":586.714552618003,"effect_applied":true,"id":"development_006","kind":"housing","required":{"metal":2,"wood":10},"required_work":76.5,"site":"(60.0, 0.0, 54.0)","stage":"COMPLETE","state":"COMPLETE","target":"(60.0, 0.0, 63.0)","work":76.54,"work_by_citizen":{"50":52.6000000000005,"62":23.94}},{"completed":6417.80000000582,"created":6300.00000000539,"delivered":{"metal":2.0,"wood":10.0},"delivery_distance":1457.53698377789,"effect_applied":true,"id":"development_007","kind":"housing","required":{"metal":2,"wood":10},"required_work":76.5,"site":"(-20.0, 0.0, -10.0)","stage":"COMPLETE","state":"COMPLETE","target":"(-20.0, 0.0, -1.0)","work":76.5999999999999,"work_by_citizen":{"5":47.5000000000004,"33":29.1000000000001}},{"completed":7670.10000001037,"created":7500.00000000975,"delivered":{"metal":2.0,"wood":10.0},"delivery_distance":818.479032040331,"effect_applied":true,"id":"development_008","kind":"housing","required":{"metal":2,"wood":10},"required_work":76.5,"site":"(44.0, 0.0, 6.0)","stage":"COMPLETE","state":"COMPLETE","target":"(44.0, 0.0, 15.0)","work":76.5000000000004,"work_by_citizen":{"55":33.8000000000002,"81":42.7000000000004}}] growth=Insufficient shelter for entire cohort
POC45_DAY {"days":21.0000000000472,"drinks":5656,"economy":{"food":{"available":713.0,"consumed":3778.0,"delivered":0.0,"in_transit":0.0,"received":4192.0,"reserved":1.0},"metal":{"available":2.0,"consumed":22.0,"delivered":0.0,"in_transit":0.0,"received":24.0,"reserved":0.0},"water":{"available":1017.0,"consumed":5656.0,"delivered":0.0,"in_transit":0.0,"received":6584.0,"reserved":11.0},"wood":{"available":9.0,"consumed":82.0,"delivered":0.0,"in_transit":0.0,"received":91.0,"reserved":0.0}},"food_days":2.97083333333333,"meals":3778,"population":120,"resting":12,"rests":2821,"shelter":120,"urgent":8,"water_days":2.825} projects=[{"completed":1097.4000000001,"created":950.000000000147,"delivered":{"metal":2.0,"wood":10.0},"delivery_distance":1146.24355423389,"effect_applied":true,"id":"development_001","kind":"housing","required":{"metal":2,"wood":10},"required_work":90.0,"site":"(-4.0, 0.0, 6.0)","stage":"COMPLETE","state":"COMPLETE","target":"(-4.0, 0.0, 15.0)","work":90.0999999999992,"work_by_citizen":{"21":57.0000000000005,"30":33.1000000000002}},{"completed":1286.59999999993,"created":1100.0000000001,"delivered":{"metal":4.0,"wood":8.0},"delivery_distance":1682.4790028563,"effect_applied":true,"id":"development_002","kind":"workshop","required":{"metal":4,"wood":8},"required_work":100.0,"site":"(-52.0, 0.0, 38.0)","stage":"COMPLETE","state":"COMPLETE","target":"(-52.0, 0.0, 47.0)","work":100.099999999999,"work_by_citizen":{"10":49.9000000000004,"47":50.2000000000004}},{"completed":1583.99999999965,"created":1479.99999999975,"delivered":{"metal":2.0,"wood":10.0},"delivery_distance":1354.71447422431,"effect_applied":true,"id":"development_003","kind":"housing","required":{"metal":2,"wood":10},"required_work":76.5,"site":"(-52.0, 0.0, 70.0)","stage":"COMPLETE","state":"COMPLETE","target":"(-52.0, 0.0, 79.0)","work":79.2999999999998,"work_by_citizen":{"27":38.9000000000003,"28":40.4000000000003}},{"completed":2828.69999999852,"created":2689.99999999865,"delivered":{"metal":2.0,"wood":10.0},"delivery_distance":1530.24358334468,"effect_applied":true,"id":"development_004","kind":"housing","required":{"metal":2,"wood":10},"required_work":76.5,"site":"(-36.0, 0.0, 6.0)","stage":"COMPLETE","state":"COMPLETE","target":"(-36.0, 0.0, 15.0)","work":76.5999999999999,"work_by_citizen":{"36":50.4000000000004,"49":26.2000000000001}},{"completed":4017.79999999744,"created":3899.99999999755,"delivered":{"metal":2.0,"wood":10.0},"delivery_distance":1682.47910514137,"effect_applied":true,"id":"development_005","kind":"housing","required":{"metal":2,"wood":10},"required_work":76.5,"site":"(-68.0, 0.0, 54.0)","stage":"COMPLETE","state":"COMPLETE","target":"(-68.0, 0.0, 63.0)","work":76.5000000000005,"work_by_citizen":{"60":40.8000000000003,"66":35.7000000000002}},{"completed":5243.70000000155,"created":5100.00000000102,"delivered":{"metal":2.0,"wood":10.0},"delivery_distance":586.714552618003,"effect_applied":true,"id":"development_006","kind":"housing","required":{"metal":2,"wood":10},"required_work":76.5,"site":"(60.0, 0.0, 54.0)","stage":"COMPLETE","state":"COMPLETE","target":"(60.0, 0.0, 63.0)","work":76.54,"work_by_citizen":{"50":52.6000000000005,"62":23.94}},{"completed":6417.80000000582,"created":6300.00000000539,"delivered":{"metal":2.0,"wood":10.0},"delivery_distance":1457.53698377789,"effect_applied":true,"id":"development_007","kind":"housing","required":{"metal":2,"wood":10},"required_work":76.5,"site":"(-20.0, 0.0, -10.0)","stage":"COMPLETE","state":"COMPLETE","target":"(-20.0, 0.0, -1.0)","work":76.5999999999999,"work_by_citizen":{"5":47.5000000000004,"33":29.1000000000001}},{"completed":7670.10000001037,"created":7500.00000000975,"delivered":{"metal":2.0,"wood":10.0},"delivery_distance":818.479032040331,"effect_applied":true,"id":"development_008","kind":"housing","required":{"metal":2,"wood":10},"required_work":76.5,"site":"(44.0, 0.0, 6.0)","stage":"COMPLETE","state":"COMPLETE","target":"(44.0, 0.0, 15.0)","work":76.5000000000004,"work_by_citizen":{"55":33.8000000000002,"81":42.7000000000004}}] growth=Insufficient shelter for entire cohort
POC45_DAY {"days":22.0000000000508,"drinks":6013,"economy":{"food":{"available":712.0,"consumed":4019.0,"delivered":0.0,"in_transit":0.0,"received":4432.0,"reserved":1.0},"metal":{"available":2.0,"consumed":22.0,"delivered":0.0,"in_transit":0.0,"received":24.0,"reserved":0.0},"water":{"available":1014.0,"consumed":6013.0,"delivered":0.0,"in_transit":0.0,"received":6944.0,"reserved":17.0},"wood":{"available":9.0,"consumed":82.0,"delivered":0.0,"in_transit":0.0,"received":91.0,"reserved":0.0}},"food_days":2.96666666666667,"meals":4019,"population":120,"resting":12,"rests":3008,"shelter":120,"urgent":12,"water_days":2.81666666666667} projects=[{"completed":1097.4000000001,"created":950.000000000147,"delivered":{"metal":2.0,"wood":10.0},"delivery_distance":1146.24355423389,"effect_applied":true,"id":"development_001","kind":"housing","required":{"metal":2,"wood":10},"required_work":90.0,"site":"(-4.0, 0.0, 6.0)","stage":"COMPLETE","state":"COMPLETE","target":"(-4.0, 0.0, 15.0)","work":90.0999999999992,"work_by_citizen":{"21":57.0000000000005,"30":33.1000000000002}},{"completed":1286.59999999993,"created":1100.0000000001,"delivered":{"metal":4.0,"wood":8.0},"delivery_distance":1682.4790028563,"effect_applied":true,"id":"development_002","kind":"workshop","required":{"metal":4,"wood":8},"required_work":100.0,"site":"(-52.0, 0.0, 38.0)","stage":"COMPLETE","state":"COMPLETE","target":"(-52.0, 0.0, 47.0)","work":100.099999999999,"work_by_citizen":{"10":49.9000000000004,"47":50.2000000000004}},{"completed":1583.99999999965,"created":1479.99999999975,"delivered":{"metal":2.0,"wood":10.0},"delivery_distance":1354.71447422431,"effect_applied":true,"id":"development_003","kind":"housing","required":{"metal":2,"wood":10},"required_work":76.5,"site":"(-52.0, 0.0, 70.0)","stage":"COMPLETE","state":"COMPLETE","target":"(-52.0, 0.0, 79.0)","work":79.2999999999998,"work_by_citizen":{"27":38.9000000000003,"28":40.4000000000003}},{"completed":2828.69999999852,"created":2689.99999999865,"delivered":{"metal":2.0,"wood":10.0},"delivery_distance":1530.24358334468,"effect_applied":true,"id":"development_004","kind":"housing","required":{"metal":2,"wood":10},"required_work":76.5,"site":"(-36.0, 0.0, 6.0)","stage":"COMPLETE","state":"COMPLETE","target":"(-36.0, 0.0, 15.0)","work":76.5999999999999,"work_by_citizen":{"36":50.4000000000004,"49":26.2000000000001}},{"completed":4017.79999999744,"created":3899.99999999755,"delivered":{"metal":2.0,"wood":10.0},"delivery_distance":1682.47910514137,"effect_applied":true,"id":"development_005","kind":"housing","required":{"metal":2,"wood":10},"required_work":76.5,"site":"(-68.0, 0.0, 54.0)","stage":"COMPLETE","state":"COMPLETE","target":"(-68.0, 0.0, 63.0)","work":76.5000000000005,"work_by_citizen":{"60":40.8000000000003,"66":35.7000000000002}},{"completed":5243.70000000155,"created":5100.00000000102,"delivered":{"metal":2.0,"wood":10.0},"delivery_distance":586.714552618003,"effect_applied":true,"id":"development_006","kind":"housing","required":{"metal":2,"wood":10},"required_work":76.5,"site":"(60.0, 0.0, 54.0)","stage":"COMPLETE","state":"COMPLETE","target":"(60.0, 0.0, 63.0)","work":76.54,"work_by_citizen":{"50":52.6000000000005,"62":23.94}},{"completed":6417.80000000582,"created":6300.00000000539,"delivered":{"metal":2.0,"wood":10.0},"delivery_distance":1457.53698377789,"effect_applied":true,"id":"development_007","kind":"housing","required":{"metal":2,"wood":10},"required_work":76.5,"site":"(-20.0, 0.0, -10.0)","stage":"COMPLETE","state":"COMPLETE","target":"(-20.0, 0.0, -1.0)","work":76.5999999999999,"work_by_citizen":{"5":47.5000000000004,"33":29.1000000000001}},{"completed":7670.10000001037,"created":7500.00000000975,"delivered":{"metal":2.0,"wood":10.0},"delivery_distance":818.479032040331,"effect_applied":true,"id":"development_008","kind":"housing","required":{"metal":2,"wood":10},"required_work":76.5,"site":"(44.0, 0.0, 6.0)","stage":"COMPLETE","state":"COMPLETE","target":"(44.0, 0.0, 15.0)","work":76.5000000000004,"work_by_citizen":{"55":33.8000000000002,"81":42.7000000000004}}] growth=Insufficient shelter for entire cohort
POC45_DAY {"days":23.0000000000545,"drinks":6376,"economy":{"food":{"available":712.0,"consumed":4260.0,"delivered":0.0,"in_transit":0.0,"received":4672.0,"reserved":0.0},"metal":{"available":2.0,"consumed":22.0,"delivered":0.0,"in_transit":0.0,"received":24.0,"reserved":0.0},"water":{"available":1024.0,"consumed":6376.0,"delivered":0.0,"in_transit":0.0,"received":7312.0,"reserved":12.0},"wood":{"available":9.0,"consumed":82.0,"delivered":0.0,"in_transit":0.0,"received":91.0,"reserved":0.0}},"food_days":2.96666666666667,"meals":4260,"population":120,"resting":16,"rests":3190,"shelter":120,"urgent":7,"water_days":2.84444444444444} projects=[{"completed":1097.4000000001,"created":950.000000000147,"delivered":{"metal":2.0,"wood":10.0},"delivery_distance":1146.24355423389,"effect_applied":true,"id":"development_001","kind":"housing","required":{"metal":2,"wood":10},"required_work":90.0,"site":"(-4.0, 0.0, 6.0)","stage":"COMPLETE","state":"COMPLETE","target":"(-4.0, 0.0, 15.0)","work":90.0999999999992,"work_by_citizen":{"21":57.0000000000005,"30":33.1000000000002}},{"completed":1286.59999999993,"created":1100.0000000001,"delivered":{"metal":4.0,"wood":8.0},"delivery_distance":1682.4790028563,"effect_applied":true,"id":"development_002","kind":"workshop","required":{"metal":4,"wood":8},"required_work":100.0,"site":"(-52.0, 0.0, 38.0)","stage":"COMPLETE","state":"COMPLETE","target":"(-52.0, 0.0, 47.0)","work":100.099999999999,"work_by_citizen":{"10":49.9000000000004,"47":50.2000000000004}},{"completed":1583.99999999965,"created":1479.99999999975,"delivered":{"metal":2.0,"wood":10.0},"delivery_distance":1354.71447422431,"effect_applied":true,"id":"development_003","kind":"housing","required":{"metal":2,"wood":10},"required_work":76.5,"site":"(-52.0, 0.0, 70.0)","stage":"COMPLETE","state":"COMPLETE","target":"(-52.0, 0.0, 79.0)","work":79.2999999999998,"work_by_citizen":{"27":38.9000000000003,"28":40.4000000000003}},{"completed":2828.69999999852,"created":2689.99999999865,"delivered":{"metal":2.0,"wood":10.0},"delivery_distance":1530.24358334468,"effect_applied":true,"id":"development_004","kind":"housing","required":{"metal":2,"wood":10},"required_work":76.5,"site":"(-36.0, 0.0, 6.0)","stage":"COMPLETE","state":"COMPLETE","target":"(-36.0, 0.0, 15.0)","work":76.5999999999999,"work_by_citizen":{"36":50.4000000000004,"49":26.2000000000001}},{"completed":4017.79999999744,"created":3899.99999999755,"delivered":{"metal":2.0,"wood":10.0},"delivery_distance":1682.47910514137,"effect_applied":true,"id":"development_005","kind":"housing","required":{"metal":2,"wood":10},"required_work":76.5,"site":"(-68.0, 0.0, 54.0)","stage":"COMPLETE","state":"COMPLETE","target":"(-68.0, 0.0, 63.0)","work":76.5000000000005,"work_by_citizen":{"60":40.8000000000003,"66":35.7000000000002}},{"completed":5243.70000000155,"created":5100.00000000102,"delivered":{"metal":2.0,"wood":10.0},"delivery_distance":586.714552618003,"effect_applied":true,"id":"development_006","kind":"housing","required":{"metal":2,"wood":10},"required_work":76.5,"site":"(60.0, 0.0, 54.0)","stage":"COMPLETE","state":"COMPLETE","target":"(60.0, 0.0, 63.0)","work":76.54,"work_by_citizen":{"50":52.6000000000005,"62":23.94}},{"completed":6417.80000000582,"created":6300.00000000539,"delivered":{"metal":2.0,"wood":10.0},"delivery_distance":1457.53698377789,"effect_applied":true,"id":"development_007","kind":"housing","required":{"metal":2,"wood":10},"required_work":76.5,"site":"(-20.0, 0.0, -10.0)","stage":"COMPLETE","state":"COMPLETE","target":"(-20.0, 0.0, -1.0)","work":76.5999999999999,"work_by_citizen":{"5":47.5000000000004,"33":29.1000000000001}},{"completed":7670.10000001037,"created":7500.00000000975,"delivered":{"metal":2.0,"wood":10.0},"delivery_distance":818.479032040331,"effect_applied":true,"id":"development_008","kind":"housing","required":{"metal":2,"wood":10},"required_work":76.5,"site":"(44.0, 0.0, 6.0)","stage":"COMPLETE","state":"COMPLETE","target":"(44.0, 0.0, 15.0)","work":76.5000000000004,"work_by_citizen":{"55":33.8000000000002,"81":42.7000000000004}}] growth=Insufficient shelter for entire cohort
POC45_DAY {"days":24.0000000000581,"drinks":6741,"economy":{"food":{"available":720.0,"consumed":4498.0,"delivered":0.0,"in_transit":0.0,"received":4920.0,"reserved":2.0},"metal":{"available":2.0,"consumed":22.0,"delivered":0.0,"in_transit":0.0,"received":24.0,"reserved":0.0},"water":{"available":1021.0,"consumed":6741.0,"delivered":0.0,"in_transit":0.0,"received":7672.0,"reserved":10.0},"wood":{"available":9.0,"consumed":82.0,"delivered":0.0,"in_transit":0.0,"received":91.0,"reserved":0.0}},"food_days":3.0,"meals":4498,"population":120,"resting":13,"rests":3372,"shelter":120,"urgent":7,"water_days":2.83611111111111} projects=[{"completed":1097.4000000001,"created":950.000000000147,"delivered":{"metal":2.0,"wood":10.0},"delivery_distance":1146.24355423389,"effect_applied":true,"id":"development_001","kind":"housing","required":{"metal":2,"wood":10},"required_work":90.0,"site":"(-4.0, 0.0, 6.0)","stage":"COMPLETE","state":"COMPLETE","target":"(-4.0, 0.0, 15.0)","work":90.0999999999992,"work_by_citizen":{"21":57.0000000000005,"30":33.1000000000002}},{"completed":1286.59999999993,"created":1100.0000000001,"delivered":{"metal":4.0,"wood":8.0},"delivery_distance":1682.4790028563,"effect_applied":true,"id":"development_002","kind":"workshop","required":{"metal":4,"wood":8},"required_work":100.0,"site":"(-52.0, 0.0, 38.0)","stage":"COMPLETE","state":"COMPLETE","target":"(-52.0, 0.0, 47.0)","work":100.099999999999,"work_by_citizen":{"10":49.9000000000004,"47":50.2000000000004}},{"completed":1583.99999999965,"created":1479.99999999975,"delivered":{"metal":2.0,"wood":10.0},"delivery_distance":1354.71447422431,"effect_applied":true,"id":"development_003","kind":"housing","required":{"metal":2,"wood":10},"required_work":76.5,"site":"(-52.0, 0.0, 70.0)","stage":"COMPLETE","state":"COMPLETE","target":"(-52.0, 0.0, 79.0)","work":79.2999999999998,"work_by_citizen":{"27":38.9000000000003,"28":40.4000000000003}},{"completed":2828.69999999852,"created":2689.99999999865,"delivered":{"metal":2.0,"wood":10.0},"delivery_distance":1530.24358334468,"effect_applied":true,"id":"development_004","kind":"housing","required":{"metal":2,"wood":10},"required_work":76.5,"site":"(-36.0, 0.0, 6.0)","stage":"COMPLETE","state":"COMPLETE","target":"(-36.0, 0.0, 15.0)","work":76.5999999999999,"work_by_citizen":{"36":50.4000000000004,"49":26.2000000000001}},{"completed":4017.79999999744,"created":3899.99999999755,"delivered":{"metal":2.0,"wood":10.0},"delivery_distance":1682.47910514137,"effect_applied":true,"id":"development_005","kind":"housing","required":{"metal":2,"wood":10},"required_work":76.5,"site":"(-68.0, 0.0, 54.0)","stage":"COMPLETE","state":"COMPLETE","target":"(-68.0, 0.0, 63.0)","work":76.5000000000005,"work_by_citizen":{"60":40.8000000000003,"66":35.7000000000002}},{"completed":5243.70000000155,"created":5100.00000000102,"delivered":{"metal":2.0,"wood":10.0},"delivery_distance":586.714552618003,"effect_applied":true,"id":"development_006","kind":"housing","required":{"metal":2,"wood":10},"required_work":76.5,"site":"(60.0, 0.0, 54.0)","stage":"COMPLETE","state":"COMPLETE","target":"(60.0, 0.0, 63.0)","work":76.54,"work_by_citizen":{"50":52.6000000000005,"62":23.94}},{"completed":6417.80000000582,"created":6300.00000000539,"delivered":{"metal":2.0,"wood":10.0},"delivery_distance":1457.53698377789,"effect_applied":true,"id":"development_007","kind":"housing","required":{"metal":2,"wood":10},"required_work":76.5,"site":"(-20.0, 0.0, -10.0)","stage":"COMPLETE","state":"COMPLETE","target":"(-20.0, 0.0, -1.0)","work":76.5999999999999,"work_by_citizen":{"5":47.5000000000004,"33":29.1000000000001}},{"completed":7670.10000001037,"created":7500.00000000975,"delivered":{"metal":2.0,"wood":10.0},"delivery_distance":818.479032040331,"effect_applied":true,"id":"development_008","kind":"housing","required":{"metal":2,"wood":10},"required_work":76.5,"site":"(44.0, 0.0, 6.0)","stage":"COMPLETE","state":"COMPLETE","target":"(44.0, 0.0, 15.0)","work":76.5000000000004,"work_by_citizen":{"55":33.8000000000002,"81":42.7000000000004}}] growth=Insufficient shelter for entire cohort
POC45_DAY {"days":25.0000000000617,"drinks":7098,"economy":{"food":{"available":712.0,"consumed":4740.0,"delivered":0.0,"in_transit":0.0,"received":5152.0,"reserved":0.0},"metal":{"available":2.0,"consumed":22.0,"delivered":0.0,"in_transit":0.0,"received":24.0,"reserved":0.0},"water":{"available":1031.0,"consumed":7098.0,"delivered":0.0,"in_transit":0.0,"received":8040.0,"reserved":11.0},"wood":{"available":9.0,"consumed":82.0,"delivered":0.0,"in_transit":0.0,"received":91.0,"reserved":0.0}},"food_days":2.96666666666667,"meals":4740,"population":120,"resting":14,"rests":3559,"shelter":120,"urgent":7,"water_days":2.86388888888889} projects=[{"completed":1097.4000000001,"created":950.000000000147,"delivered":{"metal":2.0,"wood":10.0},"delivery_distance":1146.24355423389,"effect_applied":true,"id":"development_001","kind":"housing","required":{"metal":2,"wood":10},"required_work":90.0,"site":"(-4.0, 0.0, 6.0)","stage":"COMPLETE","state":"COMPLETE","target":"(-4.0, 0.0, 15.0)","work":90.0999999999992,"work_by_citizen":{"21":57.0000000000005,"30":33.1000000000002}},{"completed":1286.59999999993,"created":1100.0000000001,"delivered":{"metal":4.0,"wood":8.0},"delivery_distance":1682.4790028563,"effect_applied":true,"id":"development_002","kind":"workshop","required":{"metal":4,"wood":8},"required_work":100.0,"site":"(-52.0, 0.0, 38.0)","stage":"COMPLETE","state":"COMPLETE","target":"(-52.0, 0.0, 47.0)","work":100.099999999999,"work_by_citizen":{"10":49.9000000000004,"47":50.2000000000004}},{"completed":1583.99999999965,"created":1479.99999999975,"delivered":{"metal":2.0,"wood":10.0},"delivery_distance":1354.71447422431,"effect_applied":true,"id":"development_003","kind":"housing","required":{"metal":2,"wood":10},"required_work":76.5,"site":"(-52.0, 0.0, 70.0)","stage":"COMPLETE","state":"COMPLETE","target":"(-52.0, 0.0, 79.0)","work":79.2999999999998,"work_by_citizen":{"27":38.9000000000003,"28":40.4000000000003}},{"completed":2828.69999999852,"created":2689.99999999865,"delivered":{"metal":2.0,"wood":10.0},"delivery_distance":1530.24358334468,"effect_applied":true,"id":"development_004","kind":"housing","required":{"metal":2,"wood":10},"required_work":76.5,"site":"(-36.0, 0.0, 6.0)","stage":"COMPLETE","state":"COMPLETE","target":"(-36.0, 0.0, 15.0)","work":76.5999999999999,"work_by_citizen":{"36":50.4000000000004,"49":26.2000000000001}},{"completed":4017.79999999744,"created":3899.99999999755,"delivered":{"metal":2.0,"wood":10.0},"delivery_distance":1682.47910514137,"effect_applied":true,"id":"development_005","kind":"housing","required":{"metal":2,"wood":10},"required_work":76.5,"site":"(-68.0, 0.0, 54.0)","stage":"COMPLETE","state":"COMPLETE","target":"(-68.0, 0.0, 63.0)","work":76.5000000000005,"work_by_citizen":{"60":40.8000000000003,"66":35.7000000000002}},{"completed":5243.70000000155,"created":5100.00000000102,"delivered":{"metal":2.0,"wood":10.0},"delivery_distance":586.714552618003,"effect_applied":true,"id":"development_006","kind":"housing","required":{"metal":2,"wood":10},"required_work":76.5,"site":"(60.0, 0.0, 54.0)","stage":"COMPLETE","state":"COMPLETE","target":"(60.0, 0.0, 63.0)","work":76.54,"work_by_citizen":{"50":52.6000000000005,"62":23.94}},{"completed":6417.80000000582,"created":6300.00000000539,"delivered":{"metal":2.0,"wood":10.0},"delivery_distance":1457.53698377789,"effect_applied":true,"id":"development_007","kind":"housing","required":{"metal":2,"wood":10},"required_work":76.5,"site":"(-20.0, 0.0, -10.0)","stage":"COMPLETE","state":"COMPLETE","target":"(-20.0, 0.0, -1.0)","work":76.5999999999999,"work_by_citizen":{"5":47.5000000000004,"33":29.1000000000001}},{"completed":7670.10000001037,"created":7500.00000000975,"delivered":{"metal":2.0,"wood":10.0},"delivery_distance":818.479032040331,"effect_applied":true,"id":"development_008","kind":"housing","required":{"metal":2,"wood":10},"required_work":76.5,"site":"(44.0, 0.0, 6.0)","stage":"COMPLETE","state":"COMPLETE","target":"(44.0, 0.0, 15.0)","work":76.5000000000004,"work_by_citizen":{"55":33.8000000000002,"81":42.7000000000004}}] growth=Insufficient shelter for entire cohort
POC45_DAY {"days":26.0000000000654,"drinks":7453,"economy":{"food":{"available":720.0,"consumed":4980.0,"delivered":0.0,"in_transit":0.0,"received":5400.0,"reserved":0.0},"metal":{"available":2.0,"consumed":22.0,"delivered":0.0,"in_transit":0.0,"received":24.0,"reserved":0.0},"water":{"available":1013.0,"consumed":7453.0,"delivered":0.0,"in_transit":0.0,"received":8384.0,"reserved":18.0},"wood":{"available":9.0,"consumed":82.0,"delivered":0.0,"in_transit":0.0,"received":91.0,"reserved":0.0}},"food_days":3.0,"meals":4980,"population":120,"resting":8,"rests":3736,"shelter":120,"urgent":13,"water_days":2.81388888888889} projects=[{"completed":1097.4000000001,"created":950.000000000147,"delivered":{"metal":2.0,"wood":10.0},"delivery_distance":1146.24355423389,"effect_applied":true,"id":"development_001","kind":"housing","required":{"metal":2,"wood":10},"required_work":90.0,"site":"(-4.0, 0.0, 6.0)","stage":"COMPLETE","state":"COMPLETE","target":"(-4.0, 0.0, 15.0)","work":90.0999999999992,"work_by_citizen":{"21":57.0000000000005,"30":33.1000000000002}},{"completed":1286.59999999993,"created":1100.0000000001,"delivered":{"metal":4.0,"wood":8.0},"delivery_distance":1682.4790028563,"effect_applied":true,"id":"development_002","kind":"workshop","required":{"metal":4,"wood":8},"required_work":100.0,"site":"(-52.0, 0.0, 38.0)","stage":"COMPLETE","state":"COMPLETE","target":"(-52.0, 0.0, 47.0)","work":100.099999999999,"work_by_citizen":{"10":49.9000000000004,"47":50.2000000000004}},{"completed":1583.99999999965,"created":1479.99999999975,"delivered":{"metal":2.0,"wood":10.0},"delivery_distance":1354.71447422431,"effect_applied":true,"id":"development_003","kind":"housing","required":{"metal":2,"wood":10},"required_work":76.5,"site":"(-52.0, 0.0, 70.0)","stage":"COMPLETE","state":"COMPLETE","target":"(-52.0, 0.0, 79.0)","work":79.2999999999998,"work_by_citizen":{"27":38.9000000000003,"28":40.4000000000003}},{"completed":2828.69999999852,"created":2689.99999999865,"delivered":{"metal":2.0,"wood":10.0},"delivery_distance":1530.24358334468,"effect_applied":true,"id":"development_004","kind":"housing","required":{"metal":2,"wood":10},"required_work":76.5,"site":"(-36.0, 0.0, 6.0)","stage":"COMPLETE","state":"COMPLETE","target":"(-36.0, 0.0, 15.0)","work":76.5999999999999,"work_by_citizen":{"36":50.4000000000004,"49":26.2000000000001}},{"completed":4017.79999999744,"created":3899.99999999755,"delivered":{"metal":2.0,"wood":10.0},"delivery_distance":1682.47910514137,"effect_applied":true,"id":"development_005","kind":"housing","required":{"metal":2,"wood":10},"required_work":76.5,"site":"(-68.0, 0.0, 54.0)","stage":"COMPLETE","state":"COMPLETE","target":"(-68.0, 0.0, 63.0)","work":76.5000000000005,"work_by_citizen":{"60":40.8000000000003,"66":35.7000000000002}},{"completed":5243.70000000155,"created":5100.00000000102,"delivered":{"metal":2.0,"wood":10.0},"delivery_distance":586.714552618003,"effect_applied":true,"id":"development_006","kind":"housing","required":{"metal":2,"wood":10},"required_work":76.5,"site":"(60.0, 0.0, 54.0)","stage":"COMPLETE","state":"COMPLETE","target":"(60.0, 0.0, 63.0)","work":76.54,"work_by_citizen":{"50":52.6000000000005,"62":23.94}},{"completed":6417.80000000582,"created":6300.00000000539,"delivered":{"metal":2.0,"wood":10.0},"delivery_distance":1457.53698377789,"effect_applied":true,"id":"development_007","kind":"housing","required":{"metal":2,"wood":10},"required_work":76.5,"site":"(-20.0, 0.0, -10.0)","stage":"COMPLETE","state":"COMPLETE","target":"(-20.0, 0.0, -1.0)","work":76.5999999999999,"work_by_citizen":{"5":47.5000000000004,"33":29.1000000000001}},{"completed":7670.10000001037,"created":7500.00000000975,"delivered":{"metal":2.0,"wood":10.0},"delivery_distance":818.479032040331,"effect_applied":true,"id":"development_008","kind":"housing","required":{"metal":2,"wood":10},"required_work":76.5,"site":"(44.0, 0.0, 6.0)","stage":"COMPLETE","state":"COMPLETE","target":"(44.0, 0.0, 15.0)","work":76.5000000000004,"work_by_citizen":{"55":33.8000000000002,"81":42.7000000000004}}] growth=Insufficient shelter for entire cohort
POC45_DAY {"days":27.000000000069,"drinks":7816,"economy":{"food":{"available":720.0,"consumed":5220.0,"delivered":0.0,"in_transit":0.0,"received":5640.0,"reserved":0.0},"metal":{"available":2.0,"consumed":22.0,"delivered":0.0,"in_transit":0.0,"received":24.0,"reserved":0.0},"water":{"available":1022.0,"consumed":7816.0,"delivered":0.0,"in_transit":0.0,"received":8752.0,"reserved":14.0},"wood":{"available":9.0,"consumed":82.0,"delivered":0.0,"in_transit":0.0,"received":91.0,"reserved":0.0}},"food_days":3.0,"meals":5220,"population":120,"resting":13,"rests":3926,"shelter":120,"urgent":10,"water_days":2.83888888888889} projects=[{"completed":1097.4000000001,"created":950.000000000147,"delivered":{"metal":2.0,"wood":10.0},"delivery_distance":1146.24355423389,"effect_applied":true,"id":"development_001","kind":"housing","required":{"metal":2,"wood":10},"required_work":90.0,"site":"(-4.0, 0.0, 6.0)","stage":"COMPLETE","state":"COMPLETE","target":"(-4.0, 0.0, 15.0)","work":90.0999999999992,"work_by_citizen":{"21":57.0000000000005,"30":33.1000000000002}},{"completed":1286.59999999993,"created":1100.0000000001,"delivered":{"metal":4.0,"wood":8.0},"delivery_distance":1682.4790028563,"effect_applied":true,"id":"development_002","kind":"workshop","required":{"metal":4,"wood":8},"required_work":100.0,"site":"(-52.0, 0.0, 38.0)","stage":"COMPLETE","state":"COMPLETE","target":"(-52.0, 0.0, 47.0)","work":100.099999999999,"work_by_citizen":{"10":49.9000000000004,"47":50.2000000000004}},{"completed":1583.99999999965,"created":1479.99999999975,"delivered":{"metal":2.0,"wood":10.0},"delivery_distance":1354.71447422431,"effect_applied":true,"id":"development_003","kind":"housing","required":{"metal":2,"wood":10},"required_work":76.5,"site":"(-52.0, 0.0, 70.0)","stage":"COMPLETE","state":"COMPLETE","target":"(-52.0, 0.0, 79.0)","work":79.2999999999998,"work_by_citizen":{"27":38.9000000000003,"28":40.4000000000003}},{"completed":2828.69999999852,"created":2689.99999999865,"delivered":{"metal":2.0,"wood":10.0},"delivery_distance":1530.24358334468,"effect_applied":true,"id":"development_004","kind":"housing","required":{"metal":2,"wood":10},"required_work":76.5,"site":"(-36.0, 0.0, 6.0)","stage":"COMPLETE","state":"COMPLETE","target":"(-36.0, 0.0, 15.0)","work":76.5999999999999,"work_by_citizen":{"36":50.4000000000004,"49":26.2000000000001}},{"completed":4017.79999999744,"created":3899.99999999755,"delivered":{"metal":2.0,"wood":10.0},"delivery_distance":1682.47910514137,"effect_applied":true,"id":"development_005","kind":"housing","required":{"metal":2,"wood":10},"required_work":76.5,"site":"(-68.0, 0.0, 54.0)","stage":"COMPLETE","state":"COMPLETE","target":"(-68.0, 0.0, 63.0)","work":76.5000000000005,"work_by_citizen":{"60":40.8000000000003,"66":35.7000000000002}},{"completed":5243.70000000155,"created":5100.00000000102,"delivered":{"metal":2.0,"wood":10.0},"delivery_distance":586.714552618003,"effect_applied":true,"id":"development_006","kind":"housing","required":{"metal":2,"wood":10},"required_work":76.5,"site":"(60.0, 0.0, 54.0)","stage":"COMPLETE","state":"COMPLETE","target":"(60.0, 0.0, 63.0)","work":76.54,"work_by_citizen":{"50":52.6000000000005,"62":23.94}},{"completed":6417.80000000582,"created":6300.00000000539,"delivered":{"metal":2.0,"wood":10.0},"delivery_distance":1457.53698377789,"effect_applied":true,"id":"development_007","kind":"housing","required":{"metal":2,"wood":10},"required_work":76.5,"site":"(-20.0, 0.0, -10.0)","stage":"COMPLETE","state":"COMPLETE","target":"(-20.0, 0.0, -1.0)","work":76.5999999999999,"work_by_citizen":{"5":47.5000000000004,"33":29.1000000000001}},{"completed":7670.10000001037,"created":7500.00000000975,"delivered":{"metal":2.0,"wood":10.0},"delivery_distance":818.479032040331,"effect_applied":true,"id":"development_008","kind":"housing","required":{"metal":2,"wood":10},"required_work":76.5,"site":"(44.0, 0.0, 6.0)","stage":"COMPLETE","state":"COMPLETE","target":"(44.0, 0.0, 15.0)","work":76.5000000000004,"work_by_citizen":{"55":33.8000000000002,"81":42.7000000000004}}] growth=Insufficient shelter for entire cohort
POC45_DAY {"days":28.00000000006,"drinks":8174,"economy":{"food":{"available":720.0,"consumed":5460.0,"delivered":0.0,"in_transit":0.0,"received":5880.0,"reserved":0.0},"metal":{"available":2.0,"consumed":22.0,"delivered":0.0,"in_transit":0.0,"received":24.0,"reserved":0.0},"water":{"available":1012.0,"consumed":8174.0,"delivered":0.0,"in_transit":0.0,"received":9104.0,"reserved":18.0},"wood":{"available":9.0,"consumed":82.0,"delivered":0.0,"in_transit":0.0,"received":91.0,"reserved":0.0}},"food_days":3.0,"meals":5460,"population":120,"resting":14,"rests":4098,"shelter":120,"urgent":13,"water_days":2.81111111111111} projects=[{"completed":1097.4000000001,"created":950.000000000147,"delivered":{"metal":2.0,"wood":10.0},"delivery_distance":1146.24355423389,"effect_applied":true,"id":"development_001","kind":"housing","required":{"metal":2,"wood":10},"required_work":90.0,"site":"(-4.0, 0.0, 6.0)","stage":"COMPLETE","state":"COMPLETE","target":"(-4.0, 0.0, 15.0)","work":90.0999999999992,"work_by_citizen":{"21":57.0000000000005,"30":33.1000000000002}},{"completed":1286.59999999993,"created":1100.0000000001,"delivered":{"metal":4.0,"wood":8.0},"delivery_distance":1682.4790028563,"effect_applied":true,"id":"development_002","kind":"workshop","required":{"metal":4,"wood":8},"required_work":100.0,"site":"(-52.0, 0.0, 38.0)","stage":"COMPLETE","state":"COMPLETE","target":"(-52.0, 0.0, 47.0)","work":100.099999999999,"work_by_citizen":{"10":49.9000000000004,"47":50.2000000000004}},{"completed":1583.99999999965,"created":1479.99999999975,"delivered":{"metal":2.0,"wood":10.0},"delivery_distance":1354.71447422431,"effect_applied":true,"id":"development_003","kind":"housing","required":{"metal":2,"wood":10},"required_work":76.5,"site":"(-52.0, 0.0, 70.0)","stage":"COMPLETE","state":"COMPLETE","target":"(-52.0, 0.0, 79.0)","work":79.2999999999998,"work_by_citizen":{"27":38.9000000000003,"28":40.4000000000003}},{"completed":2828.69999999852,"created":2689.99999999865,"delivered":{"metal":2.0,"wood":10.0},"delivery_distance":1530.24358334468,"effect_applied":true,"id":"development_004","kind":"housing","required":{"metal":2,"wood":10},"required_work":76.5,"site":"(-36.0, 0.0, 6.0)","stage":"COMPLETE","state":"COMPLETE","target":"(-36.0, 0.0, 15.0)","work":76.5999999999999,"work_by_citizen":{"36":50.4000000000004,"49":26.2000000000001}},{"completed":4017.79999999744,"created":3899.99999999755,"delivered":{"metal":2.0,"wood":10.0},"delivery_distance":1682.47910514137,"effect_applied":true,"id":"development_005","kind":"housing","required":{"metal":2,"wood":10},"required_work":76.5,"site":"(-68.0, 0.0, 54.0)","stage":"COMPLETE","state":"COMPLETE","target":"(-68.0, 0.0, 63.0)","work":76.5000000000005,"work_by_citizen":{"60":40.8000000000003,"66":35.7000000000002}},{"completed":5243.70000000155,"created":5100.00000000102,"delivered":{"metal":2.0,"wood":10.0},"delivery_distance":586.714552618003,"effect_applied":true,"id":"development_006","kind":"housing","required":{"metal":2,"wood":10},"required_work":76.5,"site":"(60.0, 0.0, 54.0)","stage":"COMPLETE","state":"COMPLETE","target":"(60.0, 0.0, 63.0)","work":76.54,"work_by_citizen":{"50":52.6000000000005,"62":23.94}},{"completed":6417.80000000582,"created":6300.00000000539,"delivered":{"metal":2.0,"wood":10.0},"delivery_distance":1457.53698377789,"effect_applied":true,"id":"development_007","kind":"housing","required":{"metal":2,"wood":10},"required_work":76.5,"site":"(-20.0, 0.0, -10.0)","stage":"COMPLETE","state":"COMPLETE","target":"(-20.0, 0.0, -1.0)","work":76.5999999999999,"work_by_citizen":{"5":47.5000000000004,"33":29.1000000000001}},{"completed":7670.10000001037,"created":7500.00000000975,"delivered":{"metal":2.0,"wood":10.0},"delivery_distance":818.479032040331,"effect_applied":true,"id":"development_008","kind":"housing","required":{"metal":2,"wood":10},"required_work":76.5,"site":"(44.0, 0.0, 6.0)","stage":"COMPLETE","state":"COMPLETE","target":"(44.0, 0.0, 15.0)","work":76.5000000000004,"work_by_citizen":{"55":33.8000000000002,"81":42.7000000000004}}] growth=Insufficient shelter for entire cohort
POC45_DAY {"days":29.0000000000455,"drinks":8541,"economy":{"food":{"available":720.0,"consumed":5700.0,"delivered":0.0,"in_transit":0.0,"received":6120.0,"reserved":0.0},"metal":{"available":2.0,"consumed":22.0,"delivered":0.0,"in_transit":0.0,"received":24.0,"reserved":0.0},"water":{"available":1019.0,"consumed":8541.0,"delivered":0.0,"in_transit":0.0,"received":9472.0,"reserved":12.0},"wood":{"available":9.0,"consumed":82.0,"delivered":0.0,"in_transit":0.0,"received":91.0,"reserved":0.0}},"food_days":3.0,"meals":5700,"population":120,"resting":15,"rests":4287,"shelter":120,"urgent":10,"water_days":2.83055555555556} projects=[{"completed":1097.4000000001,"created":950.000000000147,"delivered":{"metal":2.0,"wood":10.0},"delivery_distance":1146.24355423389,"effect_applied":true,"id":"development_001","kind":"housing","required":{"metal":2,"wood":10},"required_work":90.0,"site":"(-4.0, 0.0, 6.0)","stage":"COMPLETE","state":"COMPLETE","target":"(-4.0, 0.0, 15.0)","work":90.0999999999992,"work_by_citizen":{"21":57.0000000000005,"30":33.1000000000002}},{"completed":1286.59999999993,"created":1100.0000000001,"delivered":{"metal":4.0,"wood":8.0},"delivery_distance":1682.4790028563,"effect_applied":true,"id":"development_002","kind":"workshop","required":{"metal":4,"wood":8},"required_work":100.0,"site":"(-52.0, 0.0, 38.0)","stage":"COMPLETE","state":"COMPLETE","target":"(-52.0, 0.0, 47.0)","work":100.099999999999,"work_by_citizen":{"10":49.9000000000004,"47":50.2000000000004}},{"completed":1583.99999999965,"created":1479.99999999975,"delivered":{"metal":2.0,"wood":10.0},"delivery_distance":1354.71447422431,"effect_applied":true,"id":"development_003","kind":"housing","required":{"metal":2,"wood":10},"required_work":76.5,"site":"(-52.0, 0.0, 70.0)","stage":"COMPLETE","state":"COMPLETE","target":"(-52.0, 0.0, 79.0)","work":79.2999999999998,"work_by_citizen":{"27":38.9000000000003,"28":40.4000000000003}},{"completed":2828.69999999852,"created":2689.99999999865,"delivered":{"metal":2.0,"wood":10.0},"delivery_distance":1530.24358334468,"effect_applied":true,"id":"development_004","kind":"housing","required":{"metal":2,"wood":10},"required_work":76.5,"site":"(-36.0, 0.0, 6.0)","stage":"COMPLETE","state":"COMPLETE","target":"(-36.0, 0.0, 15.0)","work":76.5999999999999,"work_by_citizen":{"36":50.4000000000004,"49":26.2000000000001}},{"completed":4017.79999999744,"created":3899.99999999755,"delivered":{"metal":2.0,"wood":10.0},"delivery_distance":1682.47910514137,"effect_applied":true,"id":"development_005","kind":"housing","required":{"metal":2,"wood":10},"required_work":76.5,"site":"(-68.0, 0.0, 54.0)","stage":"COMPLETE","state":"COMPLETE","target":"(-68.0, 0.0, 63.0)","work":76.5000000000005,"work_by_citizen":{"60":40.8000000000003,"66":35.7000000000002}},{"completed":5243.70000000155,"created":5100.00000000102,"delivered":{"metal":2.0,"wood":10.0},"delivery_distance":586.714552618003,"effect_applied":true,"id":"development_006","kind":"housing","required":{"metal":2,"wood":10},"required_work":76.5,"site":"(60.0, 0.0, 54.0)","stage":"COMPLETE","state":"COMPLETE","target":"(60.0, 0.0, 63.0)","work":76.54,"work_by_citizen":{"50":52.6000000000005,"62":23.94}},{"completed":6417.80000000582,"created":6300.00000000539,"delivered":{"metal":2.0,"wood":10.0},"delivery_distance":1457.53698377789,"effect_applied":true,"id":"development_007","kind":"housing","required":{"metal":2,"wood":10},"required_work":76.5,"site":"(-20.0, 0.0, -10.0)","stage":"COMPLETE","state":"COMPLETE","target":"(-20.0, 0.0, -1.0)","work":76.5999999999999,"work_by_citizen":{"5":47.5000000000004,"33":29.1000000000001}},{"completed":7670.10000001037,"created":7500.00000000975,"delivered":{"metal":2.0,"wood":10.0},"delivery_distance":818.479032040331,"effect_applied":true,"id":"development_008","kind":"housing","required":{"metal":2,"wood":10},"required_work":76.5,"site":"(44.0, 0.0, 6.0)","stage":"COMPLETE","state":"COMPLETE","target":"(44.0, 0.0, 15.0)","work":76.5000000000004,"work_by_citizen":{"55":33.8000000000002,"81":42.7000000000004}}] growth=Insufficient shelter for entire cohort
POC45_DAY {"days":30.0000000000309,"drinks":8902,"economy":{"food":{"available":720.0,"consumed":5940.0,"delivered":0.0,"in_transit":0.0,"received":6360.0,"reserved":0.0},"metal":{"available":2.0,"consumed":22.0,"delivered":0.0,"in_transit":0.0,"received":24.0,"reserved":0.0},"water":{"available":1019.0,"consumed":8902.0,"delivered":0.0,"in_transit":0.0,"received":9832.0,"reserved":11.0},"wood":{"available":9.0,"consumed":82.0,"delivered":0.0,"in_transit":0.0,"received":91.0,"reserved":0.0}},"food_days":3.0,"meals":5940,"population":120,"resting":17,"rests":4466,"shelter":120,"urgent":9,"water_days":2.83055555555556} projects=[{"completed":1097.4000000001,"created":950.000000000147,"delivered":{"metal":2.0,"wood":10.0},"delivery_distance":1146.24355423389,"effect_applied":true,"id":"development_001","kind":"housing","required":{"metal":2,"wood":10},"required_work":90.0,"site":"(-4.0, 0.0, 6.0)","stage":"COMPLETE","state":"COMPLETE","target":"(-4.0, 0.0, 15.0)","work":90.0999999999992,"work_by_citizen":{"21":57.0000000000005,"30":33.1000000000002}},{"completed":1286.59999999993,"created":1100.0000000001,"delivered":{"metal":4.0,"wood":8.0},"delivery_distance":1682.4790028563,"effect_applied":true,"id":"development_002","kind":"workshop","required":{"metal":4,"wood":8},"required_work":100.0,"site":"(-52.0, 0.0, 38.0)","stage":"COMPLETE","state":"COMPLETE","target":"(-52.0, 0.0, 47.0)","work":100.099999999999,"work_by_citizen":{"10":49.9000000000004,"47":50.2000000000004}},{"completed":1583.99999999965,"created":1479.99999999975,"delivered":{"metal":2.0,"wood":10.0},"delivery_distance":1354.71447422431,"effect_applied":true,"id":"development_003","kind":"housing","required":{"metal":2,"wood":10},"required_work":76.5,"site":"(-52.0, 0.0, 70.0)","stage":"COMPLETE","state":"COMPLETE","target":"(-52.0, 0.0, 79.0)","work":79.2999999999998,"work_by_citizen":{"27":38.9000000000003,"28":40.4000000000003}},{"completed":2828.69999999852,"created":2689.99999999865,"delivered":{"metal":2.0,"wood":10.0},"delivery_distance":1530.24358334468,"effect_applied":true,"id":"development_004","kind":"housing","required":{"metal":2,"wood":10},"required_work":76.5,"site":"(-36.0, 0.0, 6.0)","stage":"COMPLETE","state":"COMPLETE","target":"(-36.0, 0.0, 15.0)","work":76.5999999999999,"work_by_citizen":{"36":50.4000000000004,"49":26.2000000000001}},{"completed":4017.79999999744,"created":3899.99999999755,"delivered":{"metal":2.0,"wood":10.0},"delivery_distance":1682.47910514137,"effect_applied":true,"id":"development_005","kind":"housing","required":{"metal":2,"wood":10},"required_work":76.5,"site":"(-68.0, 0.0, 54.0)","stage":"COMPLETE","state":"COMPLETE","target":"(-68.0, 0.0, 63.0)","work":76.5000000000005,"work_by_citizen":{"60":40.8000000000003,"66":35.7000000000002}},{"completed":5243.70000000155,"created":5100.00000000102,"delivered":{"metal":2.0,"wood":10.0},"delivery_distance":586.714552618003,"effect_applied":true,"id":"development_006","kind":"housing","required":{"metal":2,"wood":10},"required_work":76.5,"site":"(60.0, 0.0, 54.0)","stage":"COMPLETE","state":"COMPLETE","target":"(60.0, 0.0, 63.0)","work":76.54,"work_by_citizen":{"50":52.6000000000005,"62":23.94}},{"completed":6417.80000000582,"created":6300.00000000539,"delivered":{"metal":2.0,"wood":10.0},"delivery_distance":1457.53698377789,"effect_applied":true,"id":"development_007","kind":"housing","required":{"metal":2,"wood":10},"required_work":76.5,"site":"(-20.0, 0.0, -10.0)","stage":"COMPLETE","state":"COMPLETE","target":"(-20.0, 0.0, -1.0)","work":76.5999999999999,"work_by_citizen":{"5":47.5000000000004,"33":29.1000000000001}},{"completed":7670.10000001037,"created":7500.00000000975,"delivered":{"metal":2.0,"wood":10.0},"delivery_distance":818.479032040331,"effect_applied":true,"id":"development_008","kind":"housing","required":{"metal":2,"wood":10},"required_work":76.5,"site":"(44.0, 0.0, 6.0)","stage":"COMPLETE","state":"COMPLETE","target":"(44.0, 0.0, 15.0)","work":76.5000000000004,"work_by_citizen":{"55":33.8000000000002,"81":42.7000000000004}}] growth=Insufficient shelter for entire cohort
POC45_DAY {"days":31.0000000000164,"drinks":9260,"economy":{"food":{"available":720.0,"consumed":6180.0,"delivered":0.0,"in_transit":0.0,"received":6600.0,"reserved":0.0},"metal":{"available":2.0,"consumed":22.0,"delivered":0.0,"in_transit":0.0,"received":24.0,"reserved":0.0},"water":{"available":1026.0,"consumed":9260.0,"delivered":0.0,"in_transit":0.0,"received":10200.0,"reserved":14.0},"wood":{"available":9.0,"consumed":82.0,"delivered":0.0,"in_transit":0.0,"received":91.0,"reserved":0.0}},"food_days":3.0,"meals":6180,"population":120,"resting":11,"rests":4657,"shelter":120,"urgent":9,"water_days":2.85} projects=[{"completed":1097.4000000001,"created":950.000000000147,"delivered":{"metal":2.0,"wood":10.0},"delivery_distance":1146.24355423389,"effect_applied":true,"id":"development_001","kind":"housing","required":{"metal":2,"wood":10},"required_work":90.0,"site":"(-4.0, 0.0, 6.0)","stage":"COMPLETE","state":"COMPLETE","target":"(-4.0, 0.0, 15.0)","work":90.0999999999992,"work_by_citizen":{"21":57.0000000000005,"30":33.1000000000002}},{"completed":1286.59999999993,"created":1100.0000000001,"delivered":{"metal":4.0,"wood":8.0},"delivery_distance":1682.4790028563,"effect_applied":true,"id":"development_002","kind":"workshop","required":{"metal":4,"wood":8},"required_work":100.0,"site":"(-52.0, 0.0, 38.0)","stage":"COMPLETE","state":"COMPLETE","target":"(-52.0, 0.0, 47.0)","work":100.099999999999,"work_by_citizen":{"10":49.9000000000004,"47":50.2000000000004}},{"completed":1583.99999999965,"created":1479.99999999975,"delivered":{"metal":2.0,"wood":10.0},"delivery_distance":1354.71447422431,"effect_applied":true,"id":"development_003","kind":"housing","required":{"metal":2,"wood":10},"required_work":76.5,"site":"(-52.0, 0.0, 70.0)","stage":"COMPLETE","state":"COMPLETE","target":"(-52.0, 0.0, 79.0)","work":79.2999999999998,"work_by_citizen":{"27":38.9000000000003,"28":40.4000000000003}},{"completed":2828.69999999852,"created":2689.99999999865,"delivered":{"metal":2.0,"wood":10.0},"delivery_distance":1530.24358334468,"effect_applied":true,"id":"development_004","kind":"housing","required":{"metal":2,"wood":10},"required_work":76.5,"site":"(-36.0, 0.0, 6.0)","stage":"COMPLETE","state":"COMPLETE","target":"(-36.0, 0.0, 15.0)","work":76.5999999999999,"work_by_citizen":{"36":50.4000000000004,"49":26.2000000000001}},{"completed":4017.79999999744,"created":3899.99999999755,"delivered":{"metal":2.0,"wood":10.0},"delivery_distance":1682.47910514137,"effect_applied":true,"id":"development_005","kind":"housing","required":{"metal":2,"wood":10},"required_work":76.5,"site":"(-68.0, 0.0, 54.0)","stage":"COMPLETE","state":"COMPLETE","target":"(-68.0, 0.0, 63.0)","work":76.5000000000005,"work_by_citizen":{"60":40.8000000000003,"66":35.7000000000002}},{"completed":5243.70000000155,"created":5100.00000000102,"delivered":{"metal":2.0,"wood":10.0},"delivery_distance":586.714552618003,"effect_applied":true,"id":"development_006","kind":"housing","required":{"metal":2,"wood":10},"required_work":76.5,"site":"(60.0, 0.0, 54.0)","stage":"COMPLETE","state":"COMPLETE","target":"(60.0, 0.0, 63.0)","work":76.54,"work_by_citizen":{"50":52.6000000000005,"62":23.94}},{"completed":6417.80000000582,"created":6300.00000000539,"delivered":{"metal":2.0,"wood":10.0},"delivery_distance":1457.53698377789,"effect_applied":true,"id":"development_007","kind":"housing","required":{"metal":2,"wood":10},"required_work":76.5,"site":"(-20.0, 0.0, -10.0)","stage":"COMPLETE","state":"COMPLETE","target":"(-20.0, 0.0, -1.0)","work":76.5999999999999,"work_by_citizen":{"5":47.5000000000004,"33":29.1000000000001}},{"completed":7670.10000001037,"created":7500.00000000975,"delivered":{"metal":2.0,"wood":10.0},"delivery_distance":818.479032040331,"effect_applied":true,"id":"development_008","kind":"housing","required":{"metal":2,"wood":10},"required_work":76.5,"site":"(44.0, 0.0, 6.0)","stage":"COMPLETE","state":"COMPLETE","target":"(44.0, 0.0, 15.0)","work":76.5000000000004,"work_by_citizen":{"55":33.8000000000002,"81":42.7000000000004}}] growth=Insufficient shelter for entire cohort
POC45_DAY {"days":32.0000000000018,"drinks":9625,"economy":{"food":{"available":721.0,"consumed":6419.0,"delivered":0.0,"in_transit":0.0,"received":6840.0,"reserved":0.0},"metal":{"available":2.0,"consumed":22.0,"delivered":0.0,"in_transit":0.0,"received":24.0,"reserved":0.0},"water":{"available":1017.0,"consumed":9625.0,"delivered":0.0,"in_transit":0.0,"received":10552.0,"reserved":10.0},"wood":{"available":9.0,"consumed":82.0,"delivered":0.0,"in_transit":0.0,"received":91.0,"reserved":0.0}},"food_days":3.00416666666667,"meals":6419,"population":120,"resting":15,"rests":4840,"shelter":120,"urgent":8,"water_days":2.825} projects=[{"completed":1097.4000000001,"created":950.000000000147,"delivered":{"metal":2.0,"wood":10.0},"delivery_distance":1146.24355423389,"effect_applied":true,"id":"development_001","kind":"housing","required":{"metal":2,"wood":10},"required_work":90.0,"site":"(-4.0, 0.0, 6.0)","stage":"COMPLETE","state":"COMPLETE","target":"(-4.0, 0.0, 15.0)","work":90.0999999999992,"work_by_citizen":{"21":57.0000000000005,"30":33.1000000000002}},{"completed":1286.59999999993,"created":1100.0000000001,"delivered":{"metal":4.0,"wood":8.0},"delivery_distance":1682.4790028563,"effect_applied":true,"id":"development_002","kind":"workshop","required":{"metal":4,"wood":8},"required_work":100.0,"site":"(-52.0, 0.0, 38.0)","stage":"COMPLETE","state":"COMPLETE","target":"(-52.0, 0.0, 47.0)","work":100.099999999999,"work_by_citizen":{"10":49.9000000000004,"47":50.2000000000004}},{"completed":1583.99999999965,"created":1479.99999999975,"delivered":{"metal":2.0,"wood":10.0},"delivery_distance":1354.71447422431,"effect_applied":true,"id":"development_003","kind":"housing","required":{"metal":2,"wood":10},"required_work":76.5,"site":"(-52.0, 0.0, 70.0)","stage":"COMPLETE","state":"COMPLETE","target":"(-52.0, 0.0, 79.0)","work":79.2999999999998,"work_by_citizen":{"27":38.9000000000003,"28":40.4000000000003}},{"completed":2828.69999999852,"created":2689.99999999865,"delivered":{"metal":2.0,"wood":10.0},"delivery_distance":1530.24358334468,"effect_applied":true,"id":"development_004","kind":"housing","required":{"metal":2,"wood":10},"required_work":76.5,"site":"(-36.0, 0.0, 6.0)","stage":"COMPLETE","state":"COMPLETE","target":"(-36.0, 0.0, 15.0)","work":76.5999999999999,"work_by_citizen":{"36":50.4000000000004,"49":26.2000000000001}},{"completed":4017.79999999744,"created":3899.99999999755,"delivered":{"metal":2.0,"wood":10.0},"delivery_distance":1682.47910514137,"effect_applied":true,"id":"development_005","kind":"housing","required":{"metal":2,"wood":10},"required_work":76.5,"site":"(-68.0, 0.0, 54.0)","stage":"COMPLETE","state":"COMPLETE","target":"(-68.0, 0.0, 63.0)","work":76.5000000000005,"work_by_citizen":{"60":40.8000000000003,"66":35.7000000000002}},{"completed":5243.70000000155,"created":5100.00000000102,"delivered":{"metal":2.0,"wood":10.0},"delivery_distance":586.714552618003,"effect_applied":true,"id":"development_006","kind":"housing","required":{"metal":2,"wood":10},"required_work":76.5,"site":"(60.0, 0.0, 54.0)","stage":"COMPLETE","state":"COMPLETE","target":"(60.0, 0.0, 63.0)","work":76.54,"work_by_citizen":{"50":52.6000000000005,"62":23.94}},{"completed":6417.80000000582,"created":6300.00000000539,"delivered":{"metal":2.0,"wood":10.0},"delivery_distance":1457.53698377789,"effect_applied":true,"id":"development_007","kind":"housing","required":{"metal":2,"wood":10},"required_work":76.5,"site":"(-20.0, 0.0, -10.0)","stage":"COMPLETE","state":"COMPLETE","target":"(-20.0, 0.0, -1.0)","work":76.5999999999999,"work_by_citizen":{"5":47.5000000000004,"33":29.1000000000001}},{"completed":7670.10000001037,"created":7500.00000000975,"delivered":{"metal":2.0,"wood":10.0},"delivery_distance":818.479032040331,"effect_applied":true,"id":"development_008","kind":"housing","required":{"metal":2,"wood":10},"required_work":76.5,"site":"(44.0, 0.0, 6.0)","stage":"COMPLETE","state":"COMPLETE","target":"(44.0, 0.0, 15.0)","work":76.5000000000004,"work_by_citizen":{"55":33.8000000000002,"81":42.7000000000004}}] growth=Insufficient shelter for entire cohort
POC45_DAY {"days":33.0166666666537,"drinks":9986,"economy":{"food":{"available":720.0,"consumed":6660.0,"delivered":0.0,"in_transit":0.0,"received":7080.0,"reserved":0.0},"metal":{"available":2.0,"consumed":22.0,"delivered":0.0,"in_transit":0.0,"received":24.0,"reserved":0.0},"water":{"available":1017.0,"consumed":9986.0,"delivered":0.0,"in_transit":0.0,"received":10920.0,"reserved":17.0},"wood":{"available":9.0,"consumed":82.0,"delivered":0.0,"in_transit":0.0,"received":91.0,"reserved":0.0}},"food_days":3.0,"meals":6660,"population":120,"resting":8,"rests":5026,"shelter":120,"urgent":10,"water_days":2.825} projects=[{"completed":1097.4000000001,"created":950.000000000147,"delivered":{"metal":2.0,"wood":10.0},"delivery_distance":1146.24355423389,"effect_applied":true,"id":"development_001","kind":"housing","required":{"metal":2,"wood":10},"required_work":90.0,"site":"(-4.0, 0.0, 6.0)","stage":"COMPLETE","state":"COMPLETE","target":"(-4.0, 0.0, 15.0)","work":90.0999999999992,"work_by_citizen":{"21":57.0000000000005,"30":33.1000000000002}},{"completed":1286.59999999993,"created":1100.0000000001,"delivered":{"metal":4.0,"wood":8.0},"delivery_distance":1682.4790028563,"effect_applied":true,"id":"development_002","kind":"workshop","required":{"metal":4,"wood":8},"required_work":100.0,"site":"(-52.0, 0.0, 38.0)","stage":"COMPLETE","state":"COMPLETE","target":"(-52.0, 0.0, 47.0)","work":100.099999999999,"work_by_citizen":{"10":49.9000000000004,"47":50.2000000000004}},{"completed":1583.99999999965,"created":1479.99999999975,"delivered":{"metal":2.0,"wood":10.0},"delivery_distance":1354.71447422431,"effect_applied":true,"id":"development_003","kind":"housing","required":{"metal":2,"wood":10},"required_work":76.5,"site":"(-52.0, 0.0, 70.0)","stage":"COMPLETE","state":"COMPLETE","target":"(-52.0, 0.0, 79.0)","work":79.2999999999998,"work_by_citizen":{"27":38.9000000000003,"28":40.4000000000003}},{"completed":2828.69999999852,"created":2689.99999999865,"delivered":{"metal":2.0,"wood":10.0},"delivery_distance":1530.24358334468,"effect_applied":true,"id":"development_004","kind":"housing","required":{"metal":2,"wood":10},"required_work":76.5,"site":"(-36.0, 0.0, 6.0)","stage":"COMPLETE","state":"COMPLETE","target":"(-36.0, 0.0, 15.0)","work":76.5999999999999,"work_by_citizen":{"36":50.4000000000004,"49":26.2000000000001}},{"completed":4017.79999999744,"created":3899.99999999755,"delivered":{"metal":2.0,"wood":10.0},"delivery_distance":1682.47910514137,"effect_applied":true,"id":"development_005","kind":"housing","required":{"metal":2,"wood":10},"required_work":76.5,"site":"(-68.0, 0.0, 54.0)","stage":"COMPLETE","state":"COMPLETE","target":"(-68.0, 0.0, 63.0)","work":76.5000000000005,"work_by_citizen":{"60":40.8000000000003,"66":35.7000000000002}},{"completed":5243.70000000155,"created":5100.00000000102,"delivered":{"metal":2.0,"wood":10.0},"delivery_distance":586.714552618003,"effect_applied":true,"id":"development_006","kind":"housing","required":{"metal":2,"wood":10},"required_work":76.5,"site":"(60.0, 0.0, 54.0)","stage":"COMPLETE","state":"COMPLETE","target":"(60.0, 0.0, 63.0)","work":76.54,"work_by_citizen":{"50":52.6000000000005,"62":23.94}},{"completed":6417.80000000582,"created":6300.00000000539,"delivered":{"metal":2.0,"wood":10.0},"delivery_distance":1457.53698377789,"effect_applied":true,"id":"development_007","kind":"housing","required":{"metal":2,"wood":10},"required_work":76.5,"site":"(-20.0, 0.0, -10.0)","stage":"COMPLETE","state":"COMPLETE","target":"(-20.0, 0.0, -1.0)","work":76.5999999999999,"work_by_citizen":{"5":47.5000000000004,"33":29.1000000000001}},{"completed":7670.10000001037,"created":7500.00000000975,"delivered":{"metal":2.0,"wood":10.0},"delivery_distance":818.479032040331,"effect_applied":true,"id":"development_008","kind":"housing","required":{"metal":2,"wood":10},"required_work":76.5,"site":"(44.0, 0.0, 6.0)","stage":"COMPLETE","state":"COMPLETE","target":"(44.0, 0.0, 15.0)","work":76.5000000000004,"work_by_citizen":{"55":33.8000000000002,"81":42.7000000000004}}] growth=Insufficient shelter for entire cohort
POC45_DAY {"days":34.0166666666391,"drinks":10351,"economy":{"food":{"available":721.0,"consumed":6899.0,"delivered":0.0,"in_transit":0.0,"received":7320.0,"reserved":0.0},"metal":{"available":2.0,"consumed":22.0,"delivered":0.0,"in_transit":0.0,"received":24.0,"reserved":0.0},"water":{"available":1017.0,"consumed":10351.0,"delivered":0.0,"in_transit":0.0,"received":11280.0,"reserved":12.0},"wood":{"available":9.0,"consumed":82.0,"delivered":0.0,"in_transit":0.0,"received":91.0,"reserved":0.0}},"food_days":3.00416666666667,"meals":6899,"population":120,"resting":15,"rests":5208,"shelter":120,"urgent":7,"water_days":2.825} projects=[{"completed":1097.4000000001,"created":950.000000000147,"delivered":{"metal":2.0,"wood":10.0},"delivery_distance":1146.24355423389,"effect_applied":true,"id":"development_001","kind":"housing","required":{"metal":2,"wood":10},"required_work":90.0,"site":"(-4.0, 0.0, 6.0)","stage":"COMPLETE","state":"COMPLETE","target":"(-4.0, 0.0, 15.0)","work":90.0999999999992,"work_by_citizen":{"21":57.0000000000005,"30":33.1000000000002}},{"completed":1286.59999999993,"created":1100.0000000001,"delivered":{"metal":4.0,"wood":8.0},"delivery_distance":1682.4790028563,"effect_applied":true,"id":"development_002","kind":"workshop","required":{"metal":4,"wood":8},"required_work":100.0,"site":"(-52.0, 0.0, 38.0)","stage":"COMPLETE","state":"COMPLETE","target":"(-52.0, 0.0, 47.0)","work":100.099999999999,"work_by_citizen":{"10":49.9000000000004,"47":50.2000000000004}},{"completed":1583.99999999965,"created":1479.99999999975,"delivered":{"metal":2.0,"wood":10.0},"delivery_distance":1354.71447422431,"effect_applied":true,"id":"development_003","kind":"housing","required":{"metal":2,"wood":10},"required_work":76.5,"site":"(-52.0, 0.0, 70.0)","stage":"COMPLETE","state":"COMPLETE","target":"(-52.0, 0.0, 79.0)","work":79.2999999999998,"work_by_citizen":{"27":38.9000000000003,"28":40.4000000000003}},{"completed":2828.69999999852,"created":2689.99999999865,"delivered":{"metal":2.0,"wood":10.0},"delivery_distance":1530.24358334468,"effect_applied":true,"id":"development_004","kind":"housing","required":{"metal":2,"wood":10},"required_work":76.5,"site":"(-36.0, 0.0, 6.0)","stage":"COMPLETE","state":"COMPLETE","target":"(-36.0, 0.0, 15.0)","work":76.5999999999999,"work_by_citizen":{"36":50.4000000000004,"49":26.2000000000001}},{"completed":4017.79999999744,"created":3899.99999999755,"delivered":{"metal":2.0,"wood":10.0},"delivery_distance":1682.47910514137,"effect_applied":true,"id":"development_005","kind":"housing","required":{"metal":2,"wood":10},"required_work":76.5,"site":"(-68.0, 0.0, 54.0)","stage":"COMPLETE","state":"COMPLETE","target":"(-68.0, 0.0, 63.0)","work":76.5000000000005,"work_by_citizen":{"60":40.8000000000003,"66":35.7000000000002}},{"completed":5243.70000000155,"created":5100.00000000102,"delivered":{"metal":2.0,"wood":10.0},"delivery_distance":586.714552618003,"effect_applied":true,"id":"development_006","kind":"housing","required":{"metal":2,"wood":10},"required_work":76.5,"site":"(60.0, 0.0, 54.0)","stage":"COMPLETE","state":"COMPLETE","target":"(60.0, 0.0, 63.0)","work":76.54,"work_by_citizen":{"50":52.6000000000005,"62":23.94}},{"completed":6417.80000000582,"created":6300.00000000539,"delivered":{"metal":2.0,"wood":10.0},"delivery_distance":1457.53698377789,"effect_applied":true,"id":"development_007","kind":"housing","required":{"metal":2,"wood":10},"required_work":76.5,"site":"(-20.0, 0.0, -10.0)","stage":"COMPLETE","state":"COMPLETE","target":"(-20.0, 0.0, -1.0)","work":76.5999999999999,"work_by_citizen":{"5":47.5000000000004,"33":29.1000000000001}},{"completed":7670.10000001037,"created":7500.00000000975,"delivered":{"metal":2.0,"wood":10.0},"delivery_distance":818.479032040331,"effect_applied":true,"id":"development_008","kind":"housing","required":{"metal":2,"wood":10},"required_work":76.5,"site":"(44.0, 0.0, 6.0)","stage":"COMPLETE","state":"COMPLETE","target":"(44.0, 0.0, 15.0)","work":76.5000000000004,"work_by_citizen":{"55":33.8000000000002,"81":42.7000000000004}}] growth=Insufficient shelter for entire cohort
POC45_DAY {"days":35.0166666666246,"drinks":10710,"economy":{"food":{"available":720.0,"consumed":7140.0,"delivered":0.0,"in_transit":0.0,"received":7560.0,"reserved":0.0},"metal":{"available":2.0,"consumed":22.0,"delivered":0.0,"in_transit":0.0,"received":24.0,"reserved":0.0},"water":{"available":1010.0,"consumed":10710.0,"delivered":0.0,"in_transit":0.0,"received":11632.0,"reserved":12.0},"wood":{"available":9.0,"consumed":82.0,"delivered":0.0,"in_transit":0.0,"received":91.0,"reserved":0.0}},"food_days":3.0,"meals":7140,"population":120,"resting":10,"rests":5395,"shelter":120,"urgent":5,"water_days":2.80555555555556} projects=[{"completed":1097.4000000001,"created":950.000000000147,"delivered":{"metal":2.0,"wood":10.0},"delivery_distance":1146.24355423389,"effect_applied":true,"id":"development_001","kind":"housing","required":{"metal":2,"wood":10},"required_work":90.0,"site":"(-4.0, 0.0, 6.0)","stage":"COMPLETE","state":"COMPLETE","target":"(-4.0, 0.0, 15.0)","work":90.0999999999992,"work_by_citizen":{"21":57.0000000000005,"30":33.1000000000002}},{"completed":1286.59999999993,"created":1100.0000000001,"delivered":{"metal":4.0,"wood":8.0},"delivery_distance":1682.4790028563,"effect_applied":true,"id":"development_002","kind":"workshop","required":{"metal":4,"wood":8},"required_work":100.0,"site":"(-52.0, 0.0, 38.0)","stage":"COMPLETE","state":"COMPLETE","target":"(-52.0, 0.0, 47.0)","work":100.099999999999,"work_by_citizen":{"10":49.9000000000004,"47":50.2000000000004}},{"completed":1583.99999999965,"created":1479.99999999975,"delivered":{"metal":2.0,"wood":10.0},"delivery_distance":1354.71447422431,"effect_applied":true,"id":"development_003","kind":"housing","required":{"metal":2,"wood":10},"required_work":76.5,"site":"(-52.0, 0.0, 70.0)","stage":"COMPLETE","state":"COMPLETE","target":"(-52.0, 0.0, 79.0)","work":79.2999999999998,"work_by_citizen":{"27":38.9000000000003,"28":40.4000000000003}},{"completed":2828.69999999852,"created":2689.99999999865,"delivered":{"metal":2.0,"wood":10.0},"delivery_distance":1530.24358334468,"effect_applied":true,"id":"development_004","kind":"housing","required":{"metal":2,"wood":10},"required_work":76.5,"site":"(-36.0, 0.0, 6.0)","stage":"COMPLETE","state":"COMPLETE","target":"(-36.0, 0.0, 15.0)","work":76.5999999999999,"work_by_citizen":{"36":50.4000000000004,"49":26.2000000000001}},{"completed":4017.79999999744,"created":3899.99999999755,"delivered":{"metal":2.0,"wood":10.0},"delivery_distance":1682.47910514137,"effect_applied":true,"id":"development_005","kind":"housing","required":{"metal":2,"wood":10},"required_work":76.5,"site":"(-68.0, 0.0, 54.0)","stage":"COMPLETE","state":"COMPLETE","target":"(-68.0, 0.0, 63.0)","work":76.5000000000005,"work_by_citizen":{"60":40.8000000000003,"66":35.7000000000002}},{"completed":5243.70000000155,"created":5100.00000000102,"delivered":{"metal":2.0,"wood":10.0},"delivery_distance":586.714552618003,"effect_applied":true,"id":"development_006","kind":"housing","required":{"metal":2,"wood":10},"required_work":76.5,"site":"(60.0, 0.0, 54.0)","stage":"COMPLETE","state":"COMPLETE","target":"(60.0, 0.0, 63.0)","work":76.54,"work_by_citizen":{"50":52.6000000000005,"62":23.94}},{"completed":6417.80000000582,"created":6300.00000000539,"delivered":{"metal":2.0,"wood":10.0},"delivery_distance":1457.53698377789,"effect_applied":true,"id":"development_007","kind":"housing","required":{"metal":2,"wood":10},"required_work":76.5,"site":"(-20.0, 0.0, -10.0)","stage":"COMPLETE","state":"COMPLETE","target":"(-20.0, 0.0, -1.0)","work":76.5999999999999,"work_by_citizen":{"5":47.5000000000004,"33":29.1000000000001}},{"completed":7670.10000001037,"created":7500.00000000975,"delivered":{"metal":2.0,"wood":10.0},"delivery_distance":818.479032040331,"effect_applied":true,"id":"development_008","kind":"housing","required":{"metal":2,"wood":10},"required_work":76.5,"site":"(44.0, 0.0, 6.0)","stage":"COMPLETE","state":"COMPLETE","target":"(44.0, 0.0, 15.0)","work":76.5000000000004,"work_by_citizen":{"55":33.8000000000002,"81":42.7000000000004}}] growth=Insufficient shelter for entire cohort
POC45_DAY {"days":36.01666666661,"drinks":11069,"economy":{"food":{"available":720.0,"consumed":7380.0,"delivered":0.0,"in_transit":0.0,"received":7800.0,"reserved":0.0},"metal":{"available":2.0,"consumed":22.0,"delivered":0.0,"in_transit":0.0,"received":24.0,"reserved":0.0},"water":{"available":1028.0,"consumed":11069.0,"delivered":0.0,"in_transit":0.0,"received":12008.0,"reserved":11.0},"wood":{"available":9.0,"consumed":82.0,"delivered":0.0,"in_transit":0.0,"received":91.0,"reserved":0.0}},"food_days":3.0,"meals":7380,"population":120,"resting":17,"rests":5574,"shelter":120,"urgent":7,"water_days":2.85555555555556} projects=[{"completed":1097.4000000001,"created":950.000000000147,"delivered":{"metal":2.0,"wood":10.0},"delivery_distance":1146.24355423389,"effect_applied":true,"id":"development_001","kind":"housing","required":{"metal":2,"wood":10},"required_work":90.0,"site":"(-4.0, 0.0, 6.0)","stage":"COMPLETE","state":"COMPLETE","target":"(-4.0, 0.0, 15.0)","work":90.0999999999992,"work_by_citizen":{"21":57.0000000000005,"30":33.1000000000002}},{"completed":1286.59999999993,"created":1100.0000000001,"delivered":{"metal":4.0,"wood":8.0},"delivery_distance":1682.4790028563,"effect_applied":true,"id":"development_002","kind":"workshop","required":{"metal":4,"wood":8},"required_work":100.0,"site":"(-52.0, 0.0, 38.0)","stage":"COMPLETE","state":"COMPLETE","target":"(-52.0, 0.0, 47.0)","work":100.099999999999,"work_by_citizen":{"10":49.9000000000004,"47":50.2000000000004}},{"completed":1583.99999999965,"created":1479.99999999975,"delivered":{"metal":2.0,"wood":10.0},"delivery_distance":1354.71447422431,"effect_applied":true,"id":"development_003","kind":"housing","required":{"metal":2,"wood":10},"required_work":76.5,"site":"(-52.0, 0.0, 70.0)","stage":"COMPLETE","state":"COMPLETE","target":"(-52.0, 0.0, 79.0)","work":79.2999999999998,"work_by_citizen":{"27":38.9000000000003,"28":40.4000000000003}},{"completed":2828.69999999852,"created":2689.99999999865,"delivered":{"metal":2.0,"wood":10.0},"delivery_distance":1530.24358334468,"effect_applied":true,"id":"development_004","kind":"housing","required":{"metal":2,"wood":10},"required_work":76.5,"site":"(-36.0, 0.0, 6.0)","stage":"COMPLETE","state":"COMPLETE","target":"(-36.0, 0.0, 15.0)","work":76.5999999999999,"work_by_citizen":{"36":50.4000000000004,"49":26.2000000000001}},{"completed":4017.79999999744,"created":3899.99999999755,"delivered":{"metal":2.0,"wood":10.0},"delivery_distance":1682.47910514137,"effect_applied":true,"id":"development_005","kind":"housing","required":{"metal":2,"wood":10},"required_work":76.5,"site":"(-68.0, 0.0, 54.0)","stage":"COMPLETE","state":"COMPLETE","target":"(-68.0, 0.0, 63.0)","work":76.5000000000005,"work_by_citizen":{"60":40.8000000000003,"66":35.7000000000002}},{"completed":5243.70000000155,"created":5100.00000000102,"delivered":{"metal":2.0,"wood":10.0},"delivery_distance":586.714552618003,"effect_applied":true,"id":"development_006","kind":"housing","required":{"metal":2,"wood":10},"required_work":76.5,"site":"(60.0, 0.0, 54.0)","stage":"COMPLETE","state":"COMPLETE","target":"(60.0, 0.0, 63.0)","work":76.54,"work_by_citizen":{"50":52.6000000000005,"62":23.94}},{"completed":6417.80000000582,"created":6300.00000000539,"delivered":{"metal":2.0,"wood":10.0},"delivery_distance":1457.53698377789,"effect_applied":true,"id":"development_007","kind":"housing","required":{"metal":2,"wood":10},"required_work":76.5,"site":"(-20.0, 0.0, -10.0)","stage":"COMPLETE","state":"COMPLETE","target":"(-20.0, 0.0, -1.0)","work":76.5999999999999,"work_by_citizen":{"5":47.5000000000004,"33":29.1000000000001}},{"completed":7670.10000001037,"created":7500.00000000975,"delivered":{"metal":2.0,"wood":10.0},"delivery_distance":818.479032040331,"effect_applied":true,"id":"development_008","kind":"housing","required":{"metal":2,"wood":10},"required_work":76.5,"site":"(44.0, 0.0, 6.0)","stage":"COMPLETE","state":"COMPLETE","target":"(44.0, 0.0, 15.0)","work":76.5000000000004,"work_by_citizen":{"55":33.8000000000002,"81":42.7000000000004}}] growth=Insufficient shelter for entire cohort
POC45_DAY {"days":37.0166666665955,"drinks":11429,"economy":{"food":{"available":720.0,"consumed":7620.0,"delivered":0.0,"in_transit":0.0,"received":8040.0,"reserved":0.0},"metal":{"available":2.0,"consumed":22.0,"delivered":0.0,"in_transit":0.0,"received":24.0,"reserved":0.0},"water":{"available":1020.0,"consumed":11429.0,"delivered":0.0,"in_transit":0.0,"received":12360.0,"reserved":11.0},"wood":{"available":9.0,"consumed":82.0,"delivered":0.0,"in_transit":0.0,"received":91.0,"reserved":0.0}},"food_days":3.0,"meals":7620,"population":120,"resting":14,"rests":5761,"shelter":120,"urgent":8,"water_days":2.83333333333333} projects=[{"completed":1097.4000000001,"created":950.000000000147,"delivered":{"metal":2.0,"wood":10.0},"delivery_distance":1146.24355423389,"effect_applied":true,"id":"development_001","kind":"housing","required":{"metal":2,"wood":10},"required_work":90.0,"site":"(-4.0, 0.0, 6.0)","stage":"COMPLETE","state":"COMPLETE","target":"(-4.0, 0.0, 15.0)","work":90.0999999999992,"work_by_citizen":{"21":57.0000000000005,"30":33.1000000000002}},{"completed":1286.59999999993,"created":1100.0000000001,"delivered":{"metal":4.0,"wood":8.0},"delivery_distance":1682.4790028563,"effect_applied":true,"id":"development_002","kind":"workshop","required":{"metal":4,"wood":8},"required_work":100.0,"site":"(-52.0, 0.0, 38.0)","stage":"COMPLETE","state":"COMPLETE","target":"(-52.0, 0.0, 47.0)","work":100.099999999999,"work_by_citizen":{"10":49.9000000000004,"47":50.2000000000004}},{"completed":1583.99999999965,"created":1479.99999999975,"delivered":{"metal":2.0,"wood":10.0},"delivery_distance":1354.71447422431,"effect_applied":true,"id":"development_003","kind":"housing","required":{"metal":2,"wood":10},"required_work":76.5,"site":"(-52.0, 0.0, 70.0)","stage":"COMPLETE","state":"COMPLETE","target":"(-52.0, 0.0, 79.0)","work":79.2999999999998,"work_by_citizen":{"27":38.9000000000003,"28":40.4000000000003}},{"completed":2828.69999999852,"created":2689.99999999865,"delivered":{"metal":2.0,"wood":10.0},"delivery_distance":1530.24358334468,"effect_applied":true,"id":"development_004","kind":"housing","required":{"metal":2,"wood":10},"required_work":76.5,"site":"(-36.0, 0.0, 6.0)","stage":"COMPLETE","state":"COMPLETE","target":"(-36.0, 0.0, 15.0)","work":76.5999999999999,"work_by_citizen":{"36":50.4000000000004,"49":26.2000000000001}},{"completed":4017.79999999744,"created":3899.99999999755,"delivered":{"metal":2.0,"wood":10.0},"delivery_distance":1682.47910514137,"effect_applied":true,"id":"development_005","kind":"housing","required":{"metal":2,"wood":10},"required_work":76.5,"site":"(-68.0, 0.0, 54.0)","stage":"COMPLETE","state":"COMPLETE","target":"(-68.0, 0.0, 63.0)","work":76.5000000000005,"work_by_citizen":{"60":40.8000000000003,"66":35.7000000000002}},{"completed":5243.70000000155,"created":5100.00000000102,"delivered":{"metal":2.0,"wood":10.0},"delivery_distance":586.714552618003,"effect_applied":true,"id":"development_006","kind":"housing","required":{"metal":2,"wood":10},"required_work":76.5,"site":"(60.0, 0.0, 54.0)","stage":"COMPLETE","state":"COMPLETE","target":"(60.0, 0.0, 63.0)","work":76.54,"work_by_citizen":{"50":52.6000000000005,"62":23.94}},{"completed":6417.80000000582,"created":6300.00000000539,"delivered":{"metal":2.0,"wood":10.0},"delivery_distance":1457.53698377789,"effect_applied":true,"id":"development_007","kind":"housing","required":{"metal":2,"wood":10},"required_work":76.5,"site":"(-20.0, 0.0, -10.0)","stage":"COMPLETE","state":"COMPLETE","target":"(-20.0, 0.0, -1.0)","work":76.5999999999999,"work_by_citizen":{"5":47.5000000000004,"33":29.1000000000001}},{"completed":7670.10000001037,"created":7500.00000000975,"delivered":{"metal":2.0,"wood":10.0},"delivery_distance":818.479032040331,"effect_applied":true,"id":"development_008","kind":"housing","required":{"metal":2,"wood":10},"required_work":76.5,"site":"(44.0, 0.0, 6.0)","stage":"COMPLETE","state":"COMPLETE","target":"(44.0, 0.0, 15.0)","work":76.5000000000004,"work_by_citizen":{"55":33.8000000000002,"81":42.7000000000004}}] growth=Insufficient shelter for entire cohort
POC45_DAY {"days":38.0166666665809,"drinks":11785,"economy":{"food":{"available":720.0,"consumed":7860.0,"delivered":0.0,"in_transit":0.0,"received":8280.0,"reserved":0.0},"metal":{"available":2.0,"consumed":22.0,"delivered":0.0,"in_transit":0.0,"received":24.0,"reserved":0.0},"water":{"available":1018.0,"consumed":11785.0,"delivered":0.0,"in_transit":0.0,"received":12720.0,"reserved":17.0},"wood":{"available":9.0,"consumed":82.0,"delivered":0.0,"in_transit":0.0,"received":91.0,"reserved":0.0}},"food_days":3.0,"meals":7860,"population":120,"resting":16,"rests":5938,"shelter":120,"urgent":10,"water_days":2.82777777777778} projects=[{"completed":1097.4000000001,"created":950.000000000147,"delivered":{"metal":2.0,"wood":10.0},"delivery_distance":1146.24355423389,"effect_applied":true,"id":"development_001","kind":"housing","required":{"metal":2,"wood":10},"required_work":90.0,"site":"(-4.0, 0.0, 6.0)","stage":"COMPLETE","state":"COMPLETE","target":"(-4.0, 0.0, 15.0)","work":90.0999999999992,"work_by_citizen":{"21":57.0000000000005,"30":33.1000000000002}},{"completed":1286.59999999993,"created":1100.0000000001,"delivered":{"metal":4.0,"wood":8.0},"delivery_distance":1682.4790028563,"effect_applied":true,"id":"development_002","kind":"workshop","required":{"metal":4,"wood":8},"required_work":100.0,"site":"(-52.0, 0.0, 38.0)","stage":"COMPLETE","state":"COMPLETE","target":"(-52.0, 0.0, 47.0)","work":100.099999999999,"work_by_citizen":{"10":49.9000000000004,"47":50.2000000000004}},{"completed":1583.99999999965,"created":1479.99999999975,"delivered":{"metal":2.0,"wood":10.0},"delivery_distance":1354.71447422431,"effect_applied":true,"id":"development_003","kind":"housing","required":{"metal":2,"wood":10},"required_work":76.5,"site":"(-52.0, 0.0, 70.0)","stage":"COMPLETE","state":"COMPLETE","target":"(-52.0, 0.0, 79.0)","work":79.2999999999998,"work_by_citizen":{"27":38.9000000000003,"28":40.4000000000003}},{"completed":2828.69999999852,"created":2689.99999999865,"delivered":{"metal":2.0,"wood":10.0},"delivery_distance":1530.24358334468,"effect_applied":true,"id":"development_004","kind":"housing","required":{"metal":2,"wood":10},"required_work":76.5,"site":"(-36.0, 0.0, 6.0)","stage":"COMPLETE","state":"COMPLETE","target":"(-36.0, 0.0, 15.0)","work":76.5999999999999,"work_by_citizen":{"36":50.4000000000004,"49":26.2000000000001}},{"completed":4017.79999999744,"created":3899.99999999755,"delivered":{"metal":2.0,"wood":10.0},"delivery_distance":1682.47910514137,"effect_applied":true,"id":"development_005","kind":"housing","required":{"metal":2,"wood":10},"required_work":76.5,"site":"(-68.0, 0.0, 54.0)","stage":"COMPLETE","state":"COMPLETE","target":"(-68.0, 0.0, 63.0)","work":76.5000000000005,"work_by_citizen":{"60":40.8000000000003,"66":35.7000000000002}},{"completed":5243.70000000155,"created":5100.00000000102,"delivered":{"metal":2.0,"wood":10.0},"delivery_distance":586.714552618003,"effect_applied":true,"id":"development_006","kind":"housing","required":{"metal":2,"wood":10},"required_work":76.5,"site":"(60.0, 0.0, 54.0)","stage":"COMPLETE","state":"COMPLETE","target":"(60.0, 0.0, 63.0)","work":76.54,"work_by_citizen":{"50":52.6000000000005,"62":23.94}},{"completed":6417.80000000582,"created":6300.00000000539,"delivered":{"metal":2.0,"wood":10.0},"delivery_distance":1457.53698377789,"effect_applied":true,"id":"development_007","kind":"housing","required":{"metal":2,"wood":10},"required_work":76.5,"site":"(-20.0, 0.0, -10.0)","stage":"COMPLETE","state":"COMPLETE","target":"(-20.0, 0.0, -1.0)","work":76.5999999999999,"work_by_citizen":{"5":47.5000000000004,"33":29.1000000000001}},{"completed":7670.10000001037,"created":7500.00000000975,"delivered":{"metal":2.0,"wood":10.0},"delivery_distance":818.479032040331,"effect_applied":true,"id":"development_008","kind":"housing","required":{"metal":2,"wood":10},"required_work":76.5,"site":"(44.0, 0.0, 6.0)","stage":"COMPLETE","state":"COMPLETE","target":"(44.0, 0.0, 15.0)","work":76.5000000000004,"work_by_citizen":{"55":33.8000000000002,"81":42.7000000000004}}] growth=Insufficient shelter for entire cohort
POC45_DAY {"days":39.0166666665664,"drinks":12148,"economy":{"food":{"available":720.0,"consumed":8100.0,"delivered":0.0,"in_transit":0.0,"received":8520.0,"reserved":0.0},"metal":{"available":2.0,"consumed":22.0,"delivered":0.0,"in_transit":0.0,"received":24.0,"reserved":0.0},"water":{"available":1025.0,"consumed":12148.0,"delivered":0.0,"in_transit":0.0,"received":13088.0,"reserved":15.0},"wood":{"available":9.0,"consumed":82.0,"delivered":0.0,"in_transit":0.0,"received":91.0,"reserved":0.0}},"food_days":3.0,"meals":8100,"population":120,"resting":13,"rests":6129,"shelter":120,"urgent":9,"water_days":2.84722222222222} projects=[{"completed":1097.4000000001,"created":950.000000000147,"delivered":{"metal":2.0,"wood":10.0},"delivery_distance":1146.24355423389,"effect_applied":true,"id":"development_001","kind":"housing","required":{"metal":2,"wood":10},"required_work":90.0,"site":"(-4.0, 0.0, 6.0)","stage":"COMPLETE","state":"COMPLETE","target":"(-4.0, 0.0, 15.0)","work":90.0999999999992,"work_by_citizen":{"21":57.0000000000005,"30":33.1000000000002}},{"completed":1286.59999999993,"created":1100.0000000001,"delivered":{"metal":4.0,"wood":8.0},"delivery_distance":1682.4790028563,"effect_applied":true,"id":"development_002","kind":"workshop","required":{"metal":4,"wood":8},"required_work":100.0,"site":"(-52.0, 0.0, 38.0)","stage":"COMPLETE","state":"COMPLETE","target":"(-52.0, 0.0, 47.0)","work":100.099999999999,"work_by_citizen":{"10":49.9000000000004,"47":50.2000000000004}},{"completed":1583.99999999965,"created":1479.99999999975,"delivered":{"metal":2.0,"wood":10.0},"delivery_distance":1354.71447422431,"effect_applied":true,"id":"development_003","kind":"housing","required":{"metal":2,"wood":10},"required_work":76.5,"site":"(-52.0, 0.0, 70.0)","stage":"COMPLETE","state":"COMPLETE","target":"(-52.0, 0.0, 79.0)","work":79.2999999999998,"work_by_citizen":{"27":38.9000000000003,"28":40.4000000000003}},{"completed":2828.69999999852,"created":2689.99999999865,"delivered":{"metal":2.0,"wood":10.0},"delivery_distance":1530.24358334468,"effect_applied":true,"id":"development_004","kind":"housing","required":{"metal":2,"wood":10},"required_work":76.5,"site":"(-36.0, 0.0, 6.0)","stage":"COMPLETE","state":"COMPLETE","target":"(-36.0, 0.0, 15.0)","work":76.5999999999999,"work_by_citizen":{"36":50.4000000000004,"49":26.2000000000001}},{"completed":4017.79999999744,"created":3899.99999999755,"delivered":{"metal":2.0,"wood":10.0},"delivery_distance":1682.47910514137,"effect_applied":true,"id":"development_005","kind":"housing","required":{"metal":2,"wood":10},"required_work":76.5,"site":"(-68.0, 0.0, 54.0)","stage":"COMPLETE","state":"COMPLETE","target":"(-68.0, 0.0, 63.0)","work":76.5000000000005,"work_by_citizen":{"60":40.8000000000003,"66":35.7000000000002}},{"completed":5243.70000000155,"created":5100.00000000102,"delivered":{"metal":2.0,"wood":10.0},"delivery_distance":586.714552618003,"effect_applied":true,"id":"development_006","kind":"housing","required":{"metal":2,"wood":10},"required_work":76.5,"site":"(60.0, 0.0, 54.0)","stage":"COMPLETE","state":"COMPLETE","target":"(60.0, 0.0, 63.0)","work":76.54,"work_by_citizen":{"50":52.6000000000005,"62":23.94}},{"completed":6417.80000000582,"created":6300.00000000539,"delivered":{"metal":2.0,"wood":10.0},"delivery_distance":1457.53698377789,"effect_applied":true,"id":"development_007","kind":"housing","required":{"metal":2,"wood":10},"required_work":76.5,"site":"(-20.0, 0.0, -10.0)","stage":"COMPLETE","state":"COMPLETE","target":"(-20.0, 0.0, -1.0)","work":76.5999999999999,"work_by_citizen":{"5":47.5000000000004,"33":29.1000000000001}},{"completed":7670.10000001037,"created":7500.00000000975,"delivered":{"metal":2.0,"wood":10.0},"delivery_distance":818.479032040331,"effect_applied":true,"id":"development_008","kind":"housing","required":{"metal":2,"wood":10},"required_work":76.5,"site":"(44.0, 0.0, 6.0)","stage":"COMPLETE","state":"COMPLETE","target":"(44.0, 0.0, 15.0)","work":76.5000000000004,"work_by_citizen":{"55":33.8000000000002,"81":42.7000000000004}}] growth=Insufficient shelter for entire cohort
POC45_DAY {"days":40.0166666665518,"drinks":12507,"economy":{"food":{"available":720.0,"consumed":8340.0,"delivered":0.0,"in_transit":0.0,"received":8760.0,"reserved":0.0},"metal":{"available":2.0,"consumed":22.0,"delivered":0.0,"in_transit":0.0,"received":24.0,"reserved":0.0},"water":{"available":1016.0,"consumed":12507.0,"delivered":0.0,"in_transit":0.0,"received":13440.0,"reserved":17.0},"wood":{"available":9.0,"consumed":82.0,"delivered":0.0,"in_transit":0.0,"received":91.0,"reserved":0.0}},"food_days":3.0,"meals":8340,"population":120,"resting":9,"rests":6311,"shelter":120,"urgent":10,"water_days":2.82222222222222} projects=[{"completed":1097.4000000001,"created":950.000000000147,"delivered":{"metal":2.0,"wood":10.0},"delivery_distance":1146.24355423389,"effect_applied":true,"id":"development_001","kind":"housing","required":{"metal":2,"wood":10},"required_work":90.0,"site":"(-4.0, 0.0, 6.0)","stage":"COMPLETE","state":"COMPLETE","target":"(-4.0, 0.0, 15.0)","work":90.0999999999992,"work_by_citizen":{"21":57.0000000000005,"30":33.1000000000002}},{"completed":1286.59999999993,"created":1100.0000000001,"delivered":{"metal":4.0,"wood":8.0},"delivery_distance":1682.4790028563,"effect_applied":true,"id":"development_002","kind":"workshop","required":{"metal":4,"wood":8},"required_work":100.0,"site":"(-52.0, 0.0, 38.0)","stage":"COMPLETE","state":"COMPLETE","target":"(-52.0, 0.0, 47.0)","work":100.099999999999,"work_by_citizen":{"10":49.9000000000004,"47":50.2000000000004}},{"completed":1583.99999999965,"created":1479.99999999975,"delivered":{"metal":2.0,"wood":10.0},"delivery_distance":1354.71447422431,"effect_applied":true,"id":"development_003","kind":"housing","required":{"metal":2,"wood":10},"required_work":76.5,"site":"(-52.0, 0.0, 70.0)","stage":"COMPLETE","state":"COMPLETE","target":"(-52.0, 0.0, 79.0)","work":79.2999999999998,"work_by_citizen":{"27":38.9000000000003,"28":40.4000000000003}},{"completed":2828.69999999852,"created":2689.99999999865,"delivered":{"metal":2.0,"wood":10.0},"delivery_distance":1530.24358334468,"effect_applied":true,"id":"development_004","kind":"housing","required":{"metal":2,"wood":10},"required_work":76.5,"site":"(-36.0, 0.0, 6.0)","stage":"COMPLETE","state":"COMPLETE","target":"(-36.0, 0.0, 15.0)","work":76.5999999999999,"work_by_citizen":{"36":50.4000000000004,"49":26.2000000000001}},{"completed":4017.79999999744,"created":3899.99999999755,"delivered":{"metal":2.0,"wood":10.0},"delivery_distance":1682.47910514137,"effect_applied":true,"id":"development_005","kind":"housing","required":{"metal":2,"wood":10},"required_work":76.5,"site":"(-68.0, 0.0, 54.0)","stage":"COMPLETE","state":"COMPLETE","target":"(-68.0, 0.0, 63.0)","work":76.5000000000005,"work_by_citizen":{"60":40.8000000000003,"66":35.7000000000002}},{"completed":5243.70000000155,"created":5100.00000000102,"delivered":{"metal":2.0,"wood":10.0},"delivery_distance":586.714552618003,"effect_applied":true,"id":"development_006","kind":"housing","required":{"metal":2,"wood":10},"required_work":76.5,"site":"(60.0, 0.0, 54.0)","stage":"COMPLETE","state":"COMPLETE","target":"(60.0, 0.0, 63.0)","work":76.54,"work_by_citizen":{"50":52.6000000000005,"62":23.94}},{"completed":6417.80000000582,"created":6300.00000000539,"delivered":{"metal":2.0,"wood":10.0},"delivery_distance":1457.53698377789,"effect_applied":true,"id":"development_007","kind":"housing","required":{"metal":2,"wood":10},"required_work":76.5,"site":"(-20.0, 0.0, -10.0)","stage":"COMPLETE","state":"COMPLETE","target":"(-20.0, 0.0, -1.0)","work":76.5999999999999,"work_by_citizen":{"5":47.5000000000004,"33":29.1000000000001}},{"completed":7670.10000001037,"created":7500.00000000975,"delivered":{"metal":2.0,"wood":10.0},"delivery_distance":818.479032040331,"effect_applied":true,"id":"development_008","kind":"housing","required":{"metal":2,"wood":10},"required_work":76.5,"site":"(44.0, 0.0, 6.0)","stage":"COMPLETE","state":"COMPLETE","target":"(44.0, 0.0, 15.0)","work":76.5000000000004,"work_by_citizen":{"55":33.8000000000002,"81":42.7000000000004}}] growth=Insufficient shelter for entire cohort
POC45_DAY {"days":41.0166666665373,"drinks":12872,"economy":{"food":{"available":720.0,"consumed":8580.0,"delivered":0.0,"in_transit":0.0,"received":9000.0,"reserved":0.0},"metal":{"available":2.0,"consumed":22.0,"delivered":0.0,"in_transit":0.0,"received":24.0,"reserved":0.0},"water":{"available":1007.0,"consumed":12872.0,"delivered":0.0,"in_transit":0.0,"received":13792.0,"reserved":13.0},"wood":{"available":9.0,"consumed":82.0,"delivered":0.0,"in_transit":0.0,"received":91.0,"reserved":0.0}},"food_days":3.0,"meals":8580,"population":120,"resting":16,"rests":6493,"shelter":120,"urgent":8,"water_days":2.79722222222222} projects=[{"completed":1097.4000000001,"created":950.000000000147,"delivered":{"metal":2.0,"wood":10.0},"delivery_distance":1146.24355423389,"effect_applied":true,"id":"development_001","kind":"housing","required":{"metal":2,"wood":10},"required_work":90.0,"site":"(-4.0, 0.0, 6.0)","stage":"COMPLETE","state":"COMPLETE","target":"(-4.0, 0.0, 15.0)","work":90.0999999999992,"work_by_citizen":{"21":57.0000000000005,"30":33.1000000000002}},{"completed":1286.59999999993,"created":1100.0000000001,"delivered":{"metal":4.0,"wood":8.0},"delivery_distance":1682.4790028563,"effect_applied":true,"id":"development_002","kind":"workshop","required":{"metal":4,"wood":8},"required_work":100.0,"site":"(-52.0, 0.0, 38.0)","stage":"COMPLETE","state":"COMPLETE","target":"(-52.0, 0.0, 47.0)","work":100.099999999999,"work_by_citizen":{"10":49.9000000000004,"47":50.2000000000004}},{"completed":1583.99999999965,"created":1479.99999999975,"delivered":{"metal":2.0,"wood":10.0},"delivery_distance":1354.71447422431,"effect_applied":true,"id":"development_003","kind":"housing","required":{"metal":2,"wood":10},"required_work":76.5,"site":"(-52.0, 0.0, 70.0)","stage":"COMPLETE","state":"COMPLETE","target":"(-52.0, 0.0, 79.0)","work":79.2999999999998,"work_by_citizen":{"27":38.9000000000003,"28":40.4000000000003}},{"completed":2828.69999999852,"created":2689.99999999865,"delivered":{"metal":2.0,"wood":10.0},"delivery_distance":1530.24358334468,"effect_applied":true,"id":"development_004","kind":"housing","required":{"metal":2,"wood":10},"required_work":76.5,"site":"(-36.0, 0.0, 6.0)","stage":"COMPLETE","state":"COMPLETE","target":"(-36.0, 0.0, 15.0)","work":76.5999999999999,"work_by_citizen":{"36":50.4000000000004,"49":26.2000000000001}},{"completed":4017.79999999744,"created":3899.99999999755,"delivered":{"metal":2.0,"wood":10.0},"delivery_distance":1682.47910514137,"effect_applied":true,"id":"development_005","kind":"housing","required":{"metal":2,"wood":10},"required_work":76.5,"site":"(-68.0, 0.0, 54.0)","stage":"COMPLETE","state":"COMPLETE","target":"(-68.0, 0.0, 63.0)","work":76.5000000000005,"work_by_citizen":{"60":40.8000000000003,"66":35.7000000000002}},{"completed":5243.70000000155,"created":5100.00000000102,"delivered":{"metal":2.0,"wood":10.0},"delivery_distance":586.714552618003,"effect_applied":true,"id":"development_006","kind":"housing","required":{"metal":2,"wood":10},"required_work":76.5,"site":"(60.0, 0.0, 54.0)","stage":"COMPLETE","state":"COMPLETE","target":"(60.0, 0.0, 63.0)","work":76.54,"work_by_citizen":{"50":52.6000000000005,"62":23.94}},{"completed":6417.80000000582,"created":6300.00000000539,"delivered":{"metal":2.0,"wood":10.0},"delivery_distance":1457.53698377789,"effect_applied":true,"id":"development_007","kind":"housing","required":{"metal":2,"wood":10},"required_work":76.5,"site":"(-20.0, 0.0, -10.0)","stage":"COMPLETE","state":"COMPLETE","target":"(-20.0, 0.0, -1.0)","work":76.5999999999999,"work_by_citizen":{"5":47.5000000000004,"33":29.1000000000001}},{"completed":7670.10000001037,"created":7500.00000000975,"delivered":{"metal":2.0,"wood":10.0},"delivery_distance":818.479032040331,"effect_applied":true,"id":"development_008","kind":"housing","required":{"metal":2,"wood":10},"required_work":76.5,"site":"(44.0, 0.0, 6.0)","stage":"COMPLETE","state":"COMPLETE","target":"(44.0, 0.0, 15.0)","work":76.5000000000004,"work_by_citizen":{"55":33.8000000000002,"81":42.7000000000004}}] growth=Insufficient shelter for entire cohort
POC45_DAY {"days":42.0166666665227,"drinks":13233,"economy":{"food":{"available":720.0,"consumed":8820.0,"delivered":0.0,"in_transit":0.0,"received":9240.0,"reserved":0.0},"metal":{"available":2.0,"consumed":22.0,"delivered":0.0,"in_transit":0.0,"received":24.0,"reserved":0.0},"water":{"available":1021.0,"consumed":13233.0,"delivered":0.0,"in_transit":0.0,"received":14168.0,"reserved":14.0},"wood":{"available":9.0,"consumed":82.0,"delivered":0.0,"in_transit":0.0,"received":91.0,"reserved":0.0}},"food_days":3.0,"meals":8820,"population":120,"resting":10,"rests":6674,"shelter":120,"urgent":5,"water_days":2.83611111111111} projects=[{"completed":1097.4000000001,"created":950.000000000147,"delivered":{"metal":2.0,"wood":10.0},"delivery_distance":1146.24355423389,"effect_applied":true,"id":"development_001","kind":"housing","required":{"metal":2,"wood":10},"required_work":90.0,"site":"(-4.0, 0.0, 6.0)","stage":"COMPLETE","state":"COMPLETE","target":"(-4.0, 0.0, 15.0)","work":90.0999999999992,"work_by_citizen":{"21":57.0000000000005,"30":33.1000000000002}},{"completed":1286.59999999993,"created":1100.0000000001,"delivered":{"metal":4.0,"wood":8.0},"delivery_distance":1682.4790028563,"effect_applied":true,"id":"development_002","kind":"workshop","required":{"metal":4,"wood":8},"required_work":100.0,"site":"(-52.0, 0.0, 38.0)","stage":"COMPLETE","state":"COMPLETE","target":"(-52.0, 0.0, 47.0)","work":100.099999999999,"work_by_citizen":{"10":49.9000000000004,"47":50.2000000000004}},{"completed":1583.99999999965,"created":1479.99999999975,"delivered":{"metal":2.0,"wood":10.0},"delivery_distance":1354.71447422431,"effect_applied":true,"id":"development_003","kind":"housing","required":{"metal":2,"wood":10},"required_work":76.5,"site":"(-52.0, 0.0, 70.0)","stage":"COMPLETE","state":"COMPLETE","target":"(-52.0, 0.0, 79.0)","work":79.2999999999998,"work_by_citizen":{"27":38.9000000000003,"28":40.4000000000003}},{"completed":2828.69999999852,"created":2689.99999999865,"delivered":{"metal":2.0,"wood":10.0},"delivery_distance":1530.24358334468,"effect_applied":true,"id":"development_004","kind":"housing","required":{"metal":2,"wood":10},"required_work":76.5,"site":"(-36.0, 0.0, 6.0)","stage":"COMPLETE","state":"COMPLETE","target":"(-36.0, 0.0, 15.0)","work":76.5999999999999,"work_by_citizen":{"36":50.4000000000004,"49":26.2000000000001}},{"completed":4017.79999999744,"created":3899.99999999755,"delivered":{"metal":2.0,"wood":10.0},"delivery_distance":1682.47910514137,"effect_applied":true,"id":"development_005","kind":"housing","required":{"metal":2,"wood":10},"required_work":76.5,"site":"(-68.0, 0.0, 54.0)","stage":"COMPLETE","state":"COMPLETE","target":"(-68.0, 0.0, 63.0)","work":76.5000000000005,"work_by_citizen":{"60":40.8000000000003,"66":35.7000000000002}},{"completed":5243.70000000155,"created":5100.00000000102,"delivered":{"metal":2.0,"wood":10.0},"delivery_distance":586.714552618003,"effect_applied":true,"id":"development_006","kind":"housing","required":{"metal":2,"wood":10},"required_work":76.5,"site":"(60.0, 0.0, 54.0)","stage":"COMPLETE","state":"COMPLETE","target":"(60.0, 0.0, 63.0)","work":76.54,"work_by_citizen":{"50":52.6000000000005,"62":23.94}},{"completed":6417.80000000582,"created":6300.00000000539,"delivered":{"metal":2.0,"wood":10.0},"delivery_distance":1457.53698377789,"effect_applied":true,"id":"development_007","kind":"housing","required":{"metal":2,"wood":10},"required_work":76.5,"site":"(-20.0, 0.0, -10.0)","stage":"COMPLETE","state":"COMPLETE","target":"(-20.0, 0.0, -1.0)","work":76.5999999999999,"work_by_citizen":{"5":47.5000000000004,"33":29.1000000000001}},{"completed":7670.10000001037,"created":7500.00000000975,"delivered":{"metal":2.0,"wood":10.0},"delivery_distance":818.479032040331,"effect_applied":true,"id":"development_008","kind":"housing","required":{"metal":2,"wood":10},"required_work":76.5,"site":"(44.0, 0.0, 6.0)","stage":"COMPLETE","state":"COMPLETE","target":"(44.0, 0.0, 15.0)","work":76.5000000000004,"work_by_citizen":{"55":33.8000000000002,"81":42.7000000000004}}] growth=Insufficient shelter for entire cohort
POC45_DAY {"days":43.0166666665082,"drinks":13590,"economy":{"food":{"available":720.0,"consumed":9060.0,"delivered":0.0,"in_transit":0.0,"received":9480.0,"reserved":0.0},"metal":{"available":2.0,"consumed":22.0,"delivered":0.0,"in_transit":0.0,"received":24.0,"reserved":0.0},"water":{"available":1017.0,"consumed":13590.0,"delivered":0.0,"in_transit":0.0,"received":14520.0,"reserved":13.0},"wood":{"available":9.0,"consumed":82.0,"delivered":0.0,"in_transit":0.0,"received":91.0,"reserved":0.0}},"food_days":3.0,"meals":9060,"population":120,"resting":12,"rests":6861,"shelter":120,"urgent":10,"water_days":2.825} projects=[{"completed":1097.4000000001,"created":950.000000000147,"delivered":{"metal":2.0,"wood":10.0},"delivery_distance":1146.24355423389,"effect_applied":true,"id":"development_001","kind":"housing","required":{"metal":2,"wood":10},"required_work":90.0,"site":"(-4.0, 0.0, 6.0)","stage":"COMPLETE","state":"COMPLETE","target":"(-4.0, 0.0, 15.0)","work":90.0999999999992,"work_by_citizen":{"21":57.0000000000005,"30":33.1000000000002}},{"completed":1286.59999999993,"created":1100.0000000001,"delivered":{"metal":4.0,"wood":8.0},"delivery_distance":1682.4790028563,"effect_applied":true,"id":"development_002","kind":"workshop","required":{"metal":4,"wood":8},"required_work":100.0,"site":"(-52.0, 0.0, 38.0)","stage":"COMPLETE","state":"COMPLETE","target":"(-52.0, 0.0, 47.0)","work":100.099999999999,"work_by_citizen":{"10":49.9000000000004,"47":50.2000000000004}},{"completed":1583.99999999965,"created":1479.99999999975,"delivered":{"metal":2.0,"wood":10.0},"delivery_distance":1354.71447422431,"effect_applied":true,"id":"development_003","kind":"housing","required":{"metal":2,"wood":10},"required_work":76.5,"site":"(-52.0, 0.0, 70.0)","stage":"COMPLETE","state":"COMPLETE","target":"(-52.0, 0.0, 79.0)","work":79.2999999999998,"work_by_citizen":{"27":38.9000000000003,"28":40.4000000000003}},{"completed":2828.69999999852,"created":2689.99999999865,"delivered":{"metal":2.0,"wood":10.0},"delivery_distance":1530.24358334468,"effect_applied":true,"id":"development_004","kind":"housing","required":{"metal":2,"wood":10},"required_work":76.5,"site":"(-36.0, 0.0, 6.0)","stage":"COMPLETE","state":"COMPLETE","target":"(-36.0, 0.0, 15.0)","work":76.5999999999999,"work_by_citizen":{"36":50.4000000000004,"49":26.2000000000001}},{"completed":4017.79999999744,"created":3899.99999999755,"delivered":{"metal":2.0,"wood":10.0},"delivery_distance":1682.47910514137,"effect_applied":true,"id":"development_005","kind":"housing","required":{"metal":2,"wood":10},"required_work":76.5,"site":"(-68.0, 0.0, 54.0)","stage":"COMPLETE","state":"COMPLETE","target":"(-68.0, 0.0, 63.0)","work":76.5000000000005,"work_by_citizen":{"60":40.8000000000003,"66":35.7000000000002}},{"completed":5243.70000000155,"created":5100.00000000102,"delivered":{"metal":2.0,"wood":10.0},"delivery_distance":586.714552618003,"effect_applied":true,"id":"development_006","kind":"housing","required":{"metal":2,"wood":10},"required_work":76.5,"site":"(60.0, 0.0, 54.0)","stage":"COMPLETE","state":"COMPLETE","target":"(60.0, 0.0, 63.0)","work":76.54,"work_by_citizen":{"50":52.6000000000005,"62":23.94}},{"completed":6417.80000000582,"created":6300.00000000539,"delivered":{"metal":2.0,"wood":10.0},"delivery_distance":1457.53698377789,"effect_applied":true,"id":"development_007","kind":"housing","required":{"metal":2,"wood":10},"required_work":76.5,"site":"(-20.0, 0.0, -10.0)","stage":"COMPLETE","state":"COMPLETE","target":"(-20.0, 0.0, -1.0)","work":76.5999999999999,"work_by_citizen":{"5":47.5000000000004,"33":29.1000000000001}},{"completed":7670.10000001037,"created":7500.00000000975,"delivered":{"metal":2.0,"wood":10.0},"delivery_distance":818.479032040331,"effect_applied":true,"id":"development_008","kind":"housing","required":{"metal":2,"wood":10},"required_work":76.5,"site":"(44.0, 0.0, 6.0)","stage":"COMPLETE","state":"COMPLETE","target":"(44.0, 0.0, 15.0)","work":76.5000000000004,"work_by_citizen":{"55":33.8000000000002,"81":42.7000000000004}}] growth=Insufficient shelter for entire cohort
POC45_DAY {"days":44.0166666664936,"drinks":13953,"economy":{"food":{"available":720.0,"consumed":9300.0,"delivered":0.0,"in_transit":0.0,"received":9720.0,"reserved":0.0},"metal":{"available":2.0,"consumed":22.0,"delivered":0.0,"in_transit":0.0,"received":24.0,"reserved":0.0},"water":{"available":1013.0,"consumed":13953.0,"delivered":0.0,"in_transit":0.0,"received":14880.0,"reserved":14.0},"wood":{"available":9.0,"consumed":82.0,"delivered":0.0,"in_transit":0.0,"received":91.0,"reserved":0.0}},"food_days":3.0,"meals":9300,"population":120,"resting":7,"rests":7039,"shelter":120,"urgent":8,"water_days":2.81388888888889} projects=[{"completed":1097.4000000001,"created":950.000000000147,"delivered":{"metal":2.0,"wood":10.0},"delivery_distance":1146.24355423389,"effect_applied":true,"id":"development_001","kind":"housing","required":{"metal":2,"wood":10},"required_work":90.0,"site":"(-4.0, 0.0, 6.0)","stage":"COMPLETE","state":"COMPLETE","target":"(-4.0, 0.0, 15.0)","work":90.0999999999992,"work_by_citizen":{"21":57.0000000000005,"30":33.1000000000002}},{"completed":1286.59999999993,"created":1100.0000000001,"delivered":{"metal":4.0,"wood":8.0},"delivery_distance":1682.4790028563,"effect_applied":true,"id":"development_002","kind":"workshop","required":{"metal":4,"wood":8},"required_work":100.0,"site":"(-52.0, 0.0, 38.0)","stage":"COMPLETE","state":"COMPLETE","target":"(-52.0, 0.0, 47.0)","work":100.099999999999,"work_by_citizen":{"10":49.9000000000004,"47":50.2000000000004}},{"completed":1583.99999999965,"created":1479.99999999975,"delivered":{"metal":2.0,"wood":10.0},"delivery_distance":1354.71447422431,"effect_applied":true,"id":"development_003","kind":"housing","required":{"metal":2,"wood":10},"required_work":76.5,"site":"(-52.0, 0.0, 70.0)","stage":"COMPLETE","state":"COMPLETE","target":"(-52.0, 0.0, 79.0)","work":79.2999999999998,"work_by_citizen":{"27":38.9000000000003,"28":40.4000000000003}},{"completed":2828.69999999852,"created":2689.99999999865,"delivered":{"metal":2.0,"wood":10.0},"delivery_distance":1530.24358334468,"effect_applied":true,"id":"development_004","kind":"housing","required":{"metal":2,"wood":10},"required_work":76.5,"site":"(-36.0, 0.0, 6.0)","stage":"COMPLETE","state":"COMPLETE","target":"(-36.0, 0.0, 15.0)","work":76.5999999999999,"work_by_citizen":{"36":50.4000000000004,"49":26.2000000000001}},{"completed":4017.79999999744,"created":3899.99999999755,"delivered":{"metal":2.0,"wood":10.0},"delivery_distance":1682.47910514137,"effect_applied":true,"id":"development_005","kind":"housing","required":{"metal":2,"wood":10},"required_work":76.5,"site":"(-68.0, 0.0, 54.0)","stage":"COMPLETE","state":"COMPLETE","target":"(-68.0, 0.0, 63.0)","work":76.5000000000005,"work_by_citizen":{"60":40.8000000000003,"66":35.7000000000002}},{"completed":5243.70000000155,"created":5100.00000000102,"delivered":{"metal":2.0,"wood":10.0},"delivery_distance":586.714552618003,"effect_applied":true,"id":"development_006","kind":"housing","required":{"metal":2,"wood":10},"required_work":76.5,"site":"(60.0, 0.0, 54.0)","stage":"COMPLETE","state":"COMPLETE","target":"(60.0, 0.0, 63.0)","work":76.54,"work_by_citizen":{"50":52.6000000000005,"62":23.94}},{"completed":6417.80000000582,"created":6300.00000000539,"delivered":{"metal":2.0,"wood":10.0},"delivery_distance":1457.53698377789,"effect_applied":true,"id":"development_007","kind":"housing","required":{"metal":2,"wood":10},"required_work":76.5,"site":"(-20.0, 0.0, -10.0)","stage":"COMPLETE","state":"COMPLETE","target":"(-20.0, 0.0, -1.0)","work":76.5999999999999,"work_by_citizen":{"5":47.5000000000004,"33":29.1000000000001}},{"completed":7670.10000001037,"created":7500.00000000975,"delivered":{"metal":2.0,"wood":10.0},"delivery_distance":818.479032040331,"effect_applied":true,"id":"development_008","kind":"housing","required":{"metal":2,"wood":10},"required_work":76.5,"site":"(44.0, 0.0, 6.0)","stage":"COMPLETE","state":"COMPLETE","target":"(44.0, 0.0, 15.0)","work":76.5000000000004,"work_by_citizen":{"55":33.8000000000002,"81":42.7000000000004}}] growth=Insufficient shelter for entire cohort
POC45_DAY {"days":45.0166666664791,"drinks":14313,"economy":{"food":{"available":720.0,"consumed":9540.0,"delivered":0.0,"in_transit":0.0,"received":9960.0,"reserved":0.0},"metal":{"available":2.0,"consumed":22.0,"delivered":0.0,"in_transit":0.0,"received":24.0,"reserved":0.0},"water":{"available":1009.0,"consumed":14313.0,"delivered":0.0,"in_transit":0.0,"received":15240.0,"reserved":18.0},"wood":{"available":9.0,"consumed":82.0,"delivered":0.0,"in_transit":0.0,"received":91.0,"reserved":0.0}},"food_days":3.0,"meals":9540,"population":120,"resting":11,"rests":7228,"shelter":120,"urgent":8,"water_days":2.80277777777778} projects=[{"completed":1097.4000000001,"created":950.000000000147,"delivered":{"metal":2.0,"wood":10.0},"delivery_distance":1146.24355423389,"effect_applied":true,"id":"development_001","kind":"housing","required":{"metal":2,"wood":10},"required_work":90.0,"site":"(-4.0, 0.0, 6.0)","stage":"COMPLETE","state":"COMPLETE","target":"(-4.0, 0.0, 15.0)","work":90.0999999999992,"work_by_citizen":{"21":57.0000000000005,"30":33.1000000000002}},{"completed":1286.59999999993,"created":1100.0000000001,"delivered":{"metal":4.0,"wood":8.0},"delivery_distance":1682.4790028563,"effect_applied":true,"id":"development_002","kind":"workshop","required":{"metal":4,"wood":8},"required_work":100.0,"site":"(-52.0, 0.0, 38.0)","stage":"COMPLETE","state":"COMPLETE","target":"(-52.0, 0.0, 47.0)","work":100.099999999999,"work_by_citizen":{"10":49.9000000000004,"47":50.2000000000004}},{"completed":1583.99999999965,"created":1479.99999999975,"delivered":{"metal":2.0,"wood":10.0},"delivery_distance":1354.71447422431,"effect_applied":true,"id":"development_003","kind":"housing","required":{"metal":2,"wood":10},"required_work":76.5,"site":"(-52.0, 0.0, 70.0)","stage":"COMPLETE","state":"COMPLETE","target":"(-52.0, 0.0, 79.0)","work":79.2999999999998,"work_by_citizen":{"27":38.9000000000003,"28":40.4000000000003}},{"completed":2828.69999999852,"created":2689.99999999865,"delivered":{"metal":2.0,"wood":10.0},"delivery_distance":1530.24358334468,"effect_applied":true,"id":"development_004","kind":"housing","required":{"metal":2,"wood":10},"required_work":76.5,"site":"(-36.0, 0.0, 6.0)","stage":"COMPLETE","state":"COMPLETE","target":"(-36.0, 0.0, 15.0)","work":76.5999999999999,"work_by_citizen":{"36":50.4000000000004,"49":26.2000000000001}},{"completed":4017.79999999744,"created":3899.99999999755,"delivered":{"metal":2.0,"wood":10.0},"delivery_distance":1682.47910514137,"effect_applied":true,"id":"development_005","kind":"housing","required":{"metal":2,"wood":10},"required_work":76.5,"site":"(-68.0, 0.0, 54.0)","stage":"COMPLETE","state":"COMPLETE","target":"(-68.0, 0.0, 63.0)","work":76.5000000000005,"work_by_citizen":{"60":40.8000000000003,"66":35.7000000000002}},{"completed":5243.70000000155,"created":5100.00000000102,"delivered":{"metal":2.0,"wood":10.0},"delivery_distance":586.714552618003,"effect_applied":true,"id":"development_006","kind":"housing","required":{"metal":2,"wood":10},"required_work":76.5,"site":"(60.0, 0.0, 54.0)","stage":"COMPLETE","state":"COMPLETE","target":"(60.0, 0.0, 63.0)","work":76.54,"work_by_citizen":{"50":52.6000000000005,"62":23.94}},{"completed":6417.80000000582,"created":6300.00000000539,"delivered":{"metal":2.0,"wood":10.0},"delivery_distance":1457.53698377789,"effect_applied":true,"id":"development_007","kind":"housing","required":{"metal":2,"wood":10},"required_work":76.5,"site":"(-20.0, 0.0, -10.0)","stage":"COMPLETE","state":"COMPLETE","target":"(-20.0, 0.0, -1.0)","work":76.5999999999999,"work_by_citizen":{"5":47.5000000000004,"33":29.1000000000001}},{"completed":7670.10000001037,"created":7500.00000000975,"delivered":{"metal":2.0,"wood":10.0},"delivery_distance":818.479032040331,"effect_applied":true,"id":"development_008","kind":"housing","required":{"metal":2,"wood":10},"required_work":76.5,"site":"(44.0, 0.0, 6.0)","stage":"COMPLETE","state":"COMPLETE","target":"(44.0, 0.0, 15.0)","work":76.5000000000004,"work_by_citizen":{"55":33.8000000000002,"81":42.7000000000004}}] growth=Insufficient shelter for entire cohort
POC45_DAY {"days":46.0166666664645,"drinks":14673,"economy":{"food":{"available":720.0,"consumed":9780.0,"delivered":0.0,"in_transit":0.0,"received":10200.0,"reserved":0.0},"metal":{"available":2.0,"consumed":22.0,"delivered":0.0,"in_transit":0.0,"received":24.0,"reserved":0.0},"water":{"available":1029.0,"consumed":14673.0,"delivered":0.0,"in_transit":0.0,"received":15608.0,"reserved":6.0},"wood":{"available":9.0,"consumed":82.0,"delivered":0.0,"in_transit":0.0,"received":91.0,"reserved":0.0}},"food_days":3.0,"meals":9780,"population":120,"resting":11,"rests":7404,"shelter":120,"urgent":6,"water_days":2.85833333333333} projects=[{"completed":1097.4000000001,"created":950.000000000147,"delivered":{"metal":2.0,"wood":10.0},"delivery_distance":1146.24355423389,"effect_applied":true,"id":"development_001","kind":"housing","required":{"metal":2,"wood":10},"required_work":90.0,"site":"(-4.0, 0.0, 6.0)","stage":"COMPLETE","state":"COMPLETE","target":"(-4.0, 0.0, 15.0)","work":90.0999999999992,"work_by_citizen":{"21":57.0000000000005,"30":33.1000000000002}},{"completed":1286.59999999993,"created":1100.0000000001,"delivered":{"metal":4.0,"wood":8.0},"delivery_distance":1682.4790028563,"effect_applied":true,"id":"development_002","kind":"workshop","required":{"metal":4,"wood":8},"required_work":100.0,"site":"(-52.0, 0.0, 38.0)","stage":"COMPLETE","state":"COMPLETE","target":"(-52.0, 0.0, 47.0)","work":100.099999999999,"work_by_citizen":{"10":49.9000000000004,"47":50.2000000000004}},{"completed":1583.99999999965,"created":1479.99999999975,"delivered":{"metal":2.0,"wood":10.0},"delivery_distance":1354.71447422431,"effect_applied":true,"id":"development_003","kind":"housing","required":{"metal":2,"wood":10},"required_work":76.5,"site":"(-52.0, 0.0, 70.0)","stage":"COMPLETE","state":"COMPLETE","target":"(-52.0, 0.0, 79.0)","work":79.2999999999998,"work_by_citizen":{"27":38.9000000000003,"28":40.4000000000003}},{"completed":2828.69999999852,"created":2689.99999999865,"delivered":{"metal":2.0,"wood":10.0},"delivery_distance":1530.24358334468,"effect_applied":true,"id":"development_004","kind":"housing","required":{"metal":2,"wood":10},"required_work":76.5,"site":"(-36.0, 0.0, 6.0)","stage":"COMPLETE","state":"COMPLETE","target":"(-36.0, 0.0, 15.0)","work":76.5999999999999,"work_by_citizen":{"36":50.4000000000004,"49":26.2000000000001}},{"completed":4017.79999999744,"created":3899.99999999755,"delivered":{"metal":2.0,"wood":10.0},"delivery_distance":1682.47910514137,"effect_applied":true,"id":"development_005","kind":"housing","required":{"metal":2,"wood":10},"required_work":76.5,"site":"(-68.0, 0.0, 54.0)","stage":"COMPLETE","state":"COMPLETE","target":"(-68.0, 0.0, 63.0)","work":76.5000000000005,"work_by_citizen":{"60":40.8000000000003,"66":35.7000000000002}},{"completed":5243.70000000155,"created":5100.00000000102,"delivered":{"metal":2.0,"wood":10.0},"delivery_distance":586.714552618003,"effect_applied":true,"id":"development_006","kind":"housing","required":{"metal":2,"wood":10},"required_work":76.5,"site":"(60.0, 0.0, 54.0)","stage":"COMPLETE","state":"COMPLETE","target":"(60.0, 0.0, 63.0)","work":76.54,"work_by_citizen":{"50":52.6000000000005,"62":23.94}},{"completed":6417.80000000582,"created":6300.00000000539,"delivered":{"metal":2.0,"wood":10.0},"delivery_distance":1457.53698377789,"effect_applied":true,"id":"development_007","kind":"housing","required":{"metal":2,"wood":10},"required_work":76.5,"site":"(-20.0, 0.0, -10.0)","stage":"COMPLETE","state":"COMPLETE","target":"(-20.0, 0.0, -1.0)","work":76.5999999999999,"work_by_citizen":{"5":47.5000000000004,"33":29.1000000000001}},{"completed":7670.10000001037,"created":7500.00000000975,"delivered":{"metal":2.0,"wood":10.0},"delivery_distance":818.479032040331,"effect_applied":true,"id":"development_008","kind":"housing","required":{"metal":2,"wood":10},"required_work":76.5,"site":"(44.0, 0.0, 6.0)","stage":"COMPLETE","state":"COMPLETE","target":"(44.0, 0.0, 15.0)","work":76.5000000000004,"work_by_citizen":{"55":33.8000000000002,"81":42.7000000000004}}] growth=Insufficient shelter for entire cohort
POC45_DAY {"days":47.01666666645,"drinks":15033,"economy":{"food":{"available":720.0,"consumed":10020.0,"delivered":0.0,"in_transit":0.0,"received":10440.0,"reserved":0.0},"metal":{"available":2.0,"consumed":22.0,"delivered":0.0,"in_transit":0.0,"received":24.0,"reserved":0.0},"water":{"available":1032.0,"consumed":15033.0,"delivered":0.0,"in_transit":0.0,"received":15976.0,"reserved":11.0},"wood":{"available":9.0,"consumed":82.0,"delivered":0.0,"in_transit":0.0,"received":91.0,"reserved":0.0}},"food_days":3.0,"meals":10020,"population":120,"resting":6,"rests":7598,"shelter":120,"urgent":7,"water_days":2.86666666666667} projects=[{"completed":1097.4000000001,"created":950.000000000147,"delivered":{"metal":2.0,"wood":10.0},"delivery_distance":1146.24355423389,"effect_applied":true,"id":"development_001","kind":"housing","required":{"metal":2,"wood":10},"required_work":90.0,"site":"(-4.0, 0.0, 6.0)","stage":"COMPLETE","state":"COMPLETE","target":"(-4.0, 0.0, 15.0)","work":90.0999999999992,"work_by_citizen":{"21":57.0000000000005,"30":33.1000000000002}},{"completed":1286.59999999993,"created":1100.0000000001,"delivered":{"metal":4.0,"wood":8.0},"delivery_distance":1682.4790028563,"effect_applied":true,"id":"development_002","kind":"workshop","required":{"metal":4,"wood":8},"required_work":100.0,"site":"(-52.0, 0.0, 38.0)","stage":"COMPLETE","state":"COMPLETE","target":"(-52.0, 0.0, 47.0)","work":100.099999999999,"work_by_citizen":{"10":49.9000000000004,"47":50.2000000000004}},{"completed":1583.99999999965,"created":1479.99999999975,"delivered":{"metal":2.0,"wood":10.0},"delivery_distance":1354.71447422431,"effect_applied":true,"id":"development_003","kind":"housing","required":{"metal":2,"wood":10},"required_work":76.5,"site":"(-52.0, 0.0, 70.0)","stage":"COMPLETE","state":"COMPLETE","target":"(-52.0, 0.0, 79.0)","work":79.2999999999998,"work_by_citizen":{"27":38.9000000000003,"28":40.4000000000003}},{"completed":2828.69999999852,"created":2689.99999999865,"delivered":{"metal":2.0,"wood":10.0},"delivery_distance":1530.24358334468,"effect_applied":true,"id":"development_004","kind":"housing","required":{"metal":2,"wood":10},"required_work":76.5,"site":"(-36.0, 0.0, 6.0)","stage":"COMPLETE","state":"COMPLETE","target":"(-36.0, 0.0, 15.0)","work":76.5999999999999,"work_by_citizen":{"36":50.4000000000004,"49":26.2000000000001}},{"completed":4017.79999999744,"created":3899.99999999755,"delivered":{"metal":2.0,"wood":10.0},"delivery_distance":1682.47910514137,"effect_applied":true,"id":"development_005","kind":"housing","required":{"metal":2,"wood":10},"required_work":76.5,"site":"(-68.0, 0.0, 54.0)","stage":"COMPLETE","state":"COMPLETE","target":"(-68.0, 0.0, 63.0)","work":76.5000000000005,"work_by_citizen":{"60":40.8000000000003,"66":35.7000000000002}},{"completed":5243.70000000155,"created":5100.00000000102,"delivered":{"metal":2.0,"wood":10.0},"delivery_distance":586.714552618003,"effect_applied":true,"id":"development_006","kind":"housing","required":{"metal":2,"wood":10},"required_work":76.5,"site":"(60.0, 0.0, 54.0)","stage":"COMPLETE","state":"COMPLETE","target":"(60.0, 0.0, 63.0)","work":76.54,"work_by_citizen":{"50":52.6000000000005,"62":23.94}},{"completed":6417.80000000582,"created":6300.00000000539,"delivered":{"metal":2.0,"wood":10.0},"delivery_distance":1457.53698377789,"effect_applied":true,"id":"development_007","kind":"housing","required":{"metal":2,"wood":10},"required_work":76.5,"site":"(-20.0, 0.0, -10.0)","stage":"COMPLETE","state":"COMPLETE","target":"(-20.0, 0.0, -1.0)","work":76.5999999999999,"work_by_citizen":{"5":47.5000000000004,"33":29.1000000000001}},{"completed":7670.10000001037,"created":7500.00000000975,"delivered":{"metal":2.0,"wood":10.0},"delivery_distance":818.479032040331,"effect_applied":true,"id":"development_008","kind":"housing","required":{"metal":2,"wood":10},"required_work":76.5,"site":"(44.0, 0.0, 6.0)","stage":"COMPLETE","state":"COMPLETE","target":"(44.0, 0.0, 15.0)","work":76.5000000000004,"work_by_citizen":{"55":33.8000000000002,"81":42.7000000000004}}] growth=Insufficient shelter for entire cohort
POC45_DAY {"days":48.0166666664354,"drinks":15393,"economy":{"food":{"available":720.0,"consumed":10260.0,"delivered":0.0,"in_transit":0.0,"received":10680.0,"reserved":0.0},"metal":{"available":2.0,"consumed":22.0,"delivered":0.0,"in_transit":0.0,"received":24.0,"reserved":0.0},"water":{"available":1020.0,"consumed":15393.0,"delivered":0.0,"in_transit":0.0,"received":16328.0,"reserved":15.0},"wood":{"available":9.0,"consumed":82.0,"delivered":0.0,"in_transit":0.0,"received":91.0,"reserved":0.0}},"food_days":3.0,"meals":10260,"population":120,"resting":11,"rests":7771,"shelter":120,"urgent":7,"water_days":2.83333333333333} projects=[{"completed":1097.4000000001,"created":950.000000000147,"delivered":{"metal":2.0,"wood":10.0},"delivery_distance":1146.24355423389,"effect_applied":true,"id":"development_001","kind":"housing","required":{"metal":2,"wood":10},"required_work":90.0,"site":"(-4.0, 0.0, 6.0)","stage":"COMPLETE","state":"COMPLETE","target":"(-4.0, 0.0, 15.0)","work":90.0999999999992,"work_by_citizen":{"21":57.0000000000005,"30":33.1000000000002}},{"completed":1286.59999999993,"created":1100.0000000001,"delivered":{"metal":4.0,"wood":8.0},"delivery_distance":1682.4790028563,"effect_applied":true,"id":"development_002","kind":"workshop","required":{"metal":4,"wood":8},"required_work":100.0,"site":"(-52.0, 0.0, 38.0)","stage":"COMPLETE","state":"COMPLETE","target":"(-52.0, 0.0, 47.0)","work":100.099999999999,"work_by_citizen":{"10":49.9000000000004,"47":50.2000000000004}},{"completed":1583.99999999965,"created":1479.99999999975,"delivered":{"metal":2.0,"wood":10.0},"delivery_distance":1354.71447422431,"effect_applied":true,"id":"development_003","kind":"housing","required":{"metal":2,"wood":10},"required_work":76.5,"site":"(-52.0, 0.0, 70.0)","stage":"COMPLETE","state":"COMPLETE","target":"(-52.0, 0.0, 79.0)","work":79.2999999999998,"work_by_citizen":{"27":38.9000000000003,"28":40.4000000000003}},{"completed":2828.69999999852,"created":2689.99999999865,"delivered":{"metal":2.0,"wood":10.0},"delivery_distance":1530.24358334468,"effect_applied":true,"id":"development_004","kind":"housing","required":{"metal":2,"wood":10},"required_work":76.5,"site":"(-36.0, 0.0, 6.0)","stage":"COMPLETE","state":"COMPLETE","target":"(-36.0, 0.0, 15.0)","work":76.5999999999999,"work_by_citizen":{"36":50.4000000000004,"49":26.2000000000001}},{"completed":4017.79999999744,"created":3899.99999999755,"delivered":{"metal":2.0,"wood":10.0},"delivery_distance":1682.47910514137,"effect_applied":true,"id":"development_005","kind":"housing","required":{"metal":2,"wood":10},"required_work":76.5,"site":"(-68.0, 0.0, 54.0)","stage":"COMPLETE","state":"COMPLETE","target":"(-68.0, 0.0, 63.0)","work":76.5000000000005,"work_by_citizen":{"60":40.8000000000003,"66":35.7000000000002}},{"completed":5243.70000000155,"created":5100.00000000102,"delivered":{"metal":2.0,"wood":10.0},"delivery_distance":586.714552618003,"effect_applied":true,"id":"development_006","kind":"housing","required":{"metal":2,"wood":10},"required_work":76.5,"site":"(60.0, 0.0, 54.0)","stage":"COMPLETE","state":"COMPLETE","target":"(60.0, 0.0, 63.0)","work":76.54,"work_by_citizen":{"50":52.6000000000005,"62":23.94}},{"completed":6417.80000000582,"created":6300.00000000539,"delivered":{"metal":2.0,"wood":10.0},"delivery_distance":1457.53698377789,"effect_applied":true,"id":"development_007","kind":"housing","required":{"metal":2,"wood":10},"required_work":76.5,"site":"(-20.0, 0.0, -10.0)","stage":"COMPLETE","state":"COMPLETE","target":"(-20.0, 0.0, -1.0)","work":76.5999999999999,"work_by_citizen":{"5":47.5000000000004,"33":29.1000000000001}},{"completed":7670.10000001037,"created":7500.00000000975,"delivered":{"metal":2.0,"wood":10.0},"delivery_distance":818.479032040331,"effect_applied":true,"id":"development_008","kind":"housing","required":{"metal":2,"wood":10},"required_work":76.5,"site":"(44.0, 0.0, 6.0)","stage":"COMPLETE","state":"COMPLETE","target":"(44.0, 0.0, 15.0)","work":76.5000000000004,"work_by_citizen":{"55":33.8000000000002,"81":42.7000000000004}}] growth=Insufficient shelter for entire cohort
POC45_DAY {"days":49.0166666664209,"drinks":15749,"economy":{"food":{"available":720.0,"consumed":10500.0,"delivered":0.0,"in_transit":0.0,"received":10920.0,"reserved":0.0},"metal":{"available":2.0,"consumed":22.0,"delivered":0.0,"in_transit":0.0,"received":24.0,"reserved":0.0},"water":{"available":1017.0,"consumed":15749.0,"delivered":0.0,"in_transit":0.0,"received":16688.0,"reserved":22.0},"wood":{"available":9.0,"consumed":82.0,"delivered":0.0,"in_transit":0.0,"received":91.0,"reserved":0.0}},"food_days":3.0,"meals":10500,"population":120,"resting":12,"rests":7961,"shelter":120,"urgent":12,"water_days":2.825} projects=[{"completed":1097.4000000001,"created":950.000000000147,"delivered":{"metal":2.0,"wood":10.0},"delivery_distance":1146.24355423389,"effect_applied":true,"id":"development_001","kind":"housing","required":{"metal":2,"wood":10},"required_work":90.0,"site":"(-4.0, 0.0, 6.0)","stage":"COMPLETE","state":"COMPLETE","target":"(-4.0, 0.0, 15.0)","work":90.0999999999992,"work_by_citizen":{"21":57.0000000000005,"30":33.1000000000002}},{"completed":1286.59999999993,"created":1100.0000000001,"delivered":{"metal":4.0,"wood":8.0},"delivery_distance":1682.4790028563,"effect_applied":true,"id":"development_002","kind":"workshop","required":{"metal":4,"wood":8},"required_work":100.0,"site":"(-52.0, 0.0, 38.0)","stage":"COMPLETE","state":"COMPLETE","target":"(-52.0, 0.0, 47.0)","work":100.099999999999,"work_by_citizen":{"10":49.9000000000004,"47":50.2000000000004}},{"completed":1583.99999999965,"created":1479.99999999975,"delivered":{"metal":2.0,"wood":10.0},"delivery_distance":1354.71447422431,"effect_applied":true,"id":"development_003","kind":"housing","required":{"metal":2,"wood":10},"required_work":76.5,"site":"(-52.0, 0.0, 70.0)","stage":"COMPLETE","state":"COMPLETE","target":"(-52.0, 0.0, 79.0)","work":79.2999999999998,"work_by_citizen":{"27":38.9000000000003,"28":40.4000000000003}},{"completed":2828.69999999852,"created":2689.99999999865,"delivered":{"metal":2.0,"wood":10.0},"delivery_distance":1530.24358334468,"effect_applied":true,"id":"development_004","kind":"housing","required":{"metal":2,"wood":10},"required_work":76.5,"site":"(-36.0, 0.0, 6.0)","stage":"COMPLETE","state":"COMPLETE","target":"(-36.0, 0.0, 15.0)","work":76.5999999999999,"work_by_citizen":{"36":50.4000000000004,"49":26.2000000000001}},{"completed":4017.79999999744,"created":3899.99999999755,"delivered":{"metal":2.0,"wood":10.0},"delivery_distance":1682.47910514137,"effect_applied":true,"id":"development_005","kind":"housing","required":{"metal":2,"wood":10},"required_work":76.5,"site":"(-68.0, 0.0, 54.0)","stage":"COMPLETE","state":"COMPLETE","target":"(-68.0, 0.0, 63.0)","work":76.5000000000005,"work_by_citizen":{"60":40.8000000000003,"66":35.7000000000002}},{"completed":5243.70000000155,"created":5100.00000000102,"delivered":{"metal":2.0,"wood":10.0},"delivery_distance":586.714552618003,"effect_applied":true,"id":"development_006","kind":"housing","required":{"metal":2,"wood":10},"required_work":76.5,"site":"(60.0, 0.0, 54.0)","stage":"COMPLETE","state":"COMPLETE","target":"(60.0, 0.0, 63.0)","work":76.54,"work_by_citizen":{"50":52.6000000000005,"62":23.94}},{"completed":6417.80000000582,"created":6300.00000000539,"delivered":{"metal":2.0,"wood":10.0},"delivery_distance":1457.53698377789,"effect_applied":true,"id":"development_007","kind":"housing","required":{"metal":2,"wood":10},"required_work":76.5,"site":"(-20.0, 0.0, -10.0)","stage":"COMPLETE","state":"COMPLETE","target":"(-20.0, 0.0, -1.0)","work":76.5999999999999,"work_by_citizen":{"5":47.5000000000004,"33":29.1000000000001}},{"completed":7670.10000001037,"created":7500.00000000975,"delivered":{"metal":2.0,"wood":10.0},"delivery_distance":818.479032040331,"effect_applied":true,"id":"development_008","kind":"housing","required":{"metal":2,"wood":10},"required_work":76.5,"site":"(44.0, 0.0, 6.0)","stage":"COMPLETE","state":"COMPLETE","target":"(44.0, 0.0, 15.0)","work":76.5000000000004,"work_by_citizen":{"55":33.8000000000002,"81":42.7000000000004}}] growth=Insufficient shelter for entire cohort
POC45_DAY {"days":50.0166666664063,"drinks":16114,"economy":{"food":{"available":720.0,"consumed":10740.0,"delivered":0.0,"in_transit":0.0,"received":11160.0,"reserved":0.0},"metal":{"available":2.0,"consumed":22.0,"delivered":0.0,"in_transit":0.0,"received":24.0,"reserved":0.0},"water":{"available":1020.0,"consumed":16114.0,"delivered":0.0,"in_transit":0.0,"received":17048.0,"reserved":14.0},"wood":{"available":9.0,"consumed":82.0,"delivered":0.0,"in_transit":0.0,"received":91.0,"reserved":0.0}},"food_days":3.0,"meals":10740,"population":120,"resting":10,"rests":8136,"shelter":120,"urgent":8,"water_days":2.83333333333333} projects=[{"completed":1097.4000000001,"created":950.000000000147,"delivered":{"metal":2.0,"wood":10.0},"delivery_distance":1146.24355423389,"effect_applied":true,"id":"development_001","kind":"housing","required":{"metal":2,"wood":10},"required_work":90.0,"site":"(-4.0, 0.0, 6.0)","stage":"COMPLETE","state":"COMPLETE","target":"(-4.0, 0.0, 15.0)","work":90.0999999999992,"work_by_citizen":{"21":57.0000000000005,"30":33.1000000000002}},{"completed":1286.59999999993,"created":1100.0000000001,"delivered":{"metal":4.0,"wood":8.0},"delivery_distance":1682.4790028563,"effect_applied":true,"id":"development_002","kind":"workshop","required":{"metal":4,"wood":8},"required_work":100.0,"site":"(-52.0, 0.0, 38.0)","stage":"COMPLETE","state":"COMPLETE","target":"(-52.0, 0.0, 47.0)","work":100.099999999999,"work_by_citizen":{"10":49.9000000000004,"47":50.2000000000004}},{"completed":1583.99999999965,"created":1479.99999999975,"delivered":{"metal":2.0,"wood":10.0},"delivery_distance":1354.71447422431,"effect_applied":true,"id":"development_003","kind":"housing","required":{"metal":2,"wood":10},"required_work":76.5,"site":"(-52.0, 0.0, 70.0)","stage":"COMPLETE","state":"COMPLETE","target":"(-52.0, 0.0, 79.0)","work":79.2999999999998,"work_by_citizen":{"27":38.9000000000003,"28":40.4000000000003}},{"completed":2828.69999999852,"created":2689.99999999865,"delivered":{"metal":2.0,"wood":10.0},"delivery_distance":1530.24358334468,"effect_applied":true,"id":"development_004","kind":"housing","required":{"metal":2,"wood":10},"required_work":76.5,"site":"(-36.0, 0.0, 6.0)","stage":"COMPLETE","state":"COMPLETE","target":"(-36.0, 0.0, 15.0)","work":76.5999999999999,"work_by_citizen":{"36":50.4000000000004,"49":26.2000000000001}},{"completed":4017.79999999744,"created":3899.99999999755,"delivered":{"metal":2.0,"wood":10.0},"delivery_distance":1682.47910514137,"effect_applied":true,"id":"development_005","kind":"housing","required":{"metal":2,"wood":10},"required_work":76.5,"site":"(-68.0, 0.0, 54.0)","stage":"COMPLETE","state":"COMPLETE","target":"(-68.0, 0.0, 63.0)","work":76.5000000000005,"work_by_citizen":{"60":40.8000000000003,"66":35.7000000000002}},{"completed":5243.70000000155,"created":5100.00000000102,"delivered":{"metal":2.0,"wood":10.0},"delivery_distance":586.714552618003,"effect_applied":true,"id":"development_006","kind":"housing","required":{"metal":2,"wood":10},"required_work":76.5,"site":"(60.0, 0.0, 54.0)","stage":"COMPLETE","state":"COMPLETE","target":"(60.0, 0.0, 63.0)","work":76.54,"work_by_citizen":{"50":52.6000000000005,"62":23.94}},{"completed":6417.80000000582,"created":6300.00000000539,"delivered":{"metal":2.0,"wood":10.0},"delivery_distance":1457.53698377789,"effect_applied":true,"id":"development_007","kind":"housing","required":{"metal":2,"wood":10},"required_work":76.5,"site":"(-20.0, 0.0, -10.0)","stage":"COMPLETE","state":"COMPLETE","target":"(-20.0, 0.0, -1.0)","work":76.5999999999999,"work_by_citizen":{"5":47.5000000000004,"33":29.1000000000001}},{"completed":7670.10000001037,"created":7500.00000000975,"delivered":{"metal":2.0,"wood":10.0},"delivery_distance":818.479032040331,"effect_applied":true,"id":"development_008","kind":"housing","required":{"metal":2,"wood":10},"required_work":76.5,"site":"(44.0, 0.0, 6.0)","stage":"COMPLETE","state":"COMPLETE","target":"(44.0, 0.0, 15.0)","work":76.5000000000004,"work_by_citizen":{"55":33.8000000000002,"81":42.7000000000004}}] growth=Insufficient shelter for entire cohort
POC45_DAY {"days":51.0166666663918,"drinks":16472,"economy":{"food":{"available":720.0,"consumed":10980.0,"delivered":0.0,"in_transit":0.0,"received":11400.0,"reserved":0.0},"metal":{"available":2.0,"consumed":22.0,"delivered":0.0,"in_transit":0.0,"received":24.0,"reserved":0.0},"water":{"available":1023.0,"consumed":16472.0,"delivered":0.0,"in_transit":0.0,"received":17408.0,"reserved":13.0},"wood":{"available":9.0,"consumed":82.0,"delivered":0.0,"in_transit":0.0,"received":91.0,"reserved":0.0}},"food_days":3.0,"meals":10980,"population":120,"resting":10,"rests":8327,"shelter":120,"urgent":9,"water_days":2.84166666666667} projects=[{"completed":1097.4000000001,"created":950.000000000147,"delivered":{"metal":2.0,"wood":10.0},"delivery_distance":1146.24355423389,"effect_applied":true,"id":"development_001","kind":"housing","required":{"metal":2,"wood":10},"required_work":90.0,"site":"(-4.0, 0.0, 6.0)","stage":"COMPLETE","state":"COMPLETE","target":"(-4.0, 0.0, 15.0)","work":90.0999999999992,"work_by_citizen":{"21":57.0000000000005,"30":33.1000000000002}},{"completed":1286.59999999993,"created":1100.0000000001,"delivered":{"metal":4.0,"wood":8.0},"delivery_distance":1682.4790028563,"effect_applied":true,"id":"development_002","kind":"workshop","required":{"metal":4,"wood":8},"required_work":100.0,"site":"(-52.0, 0.0, 38.0)","stage":"COMPLETE","state":"COMPLETE","target":"(-52.0, 0.0, 47.0)","work":100.099999999999,"work_by_citizen":{"10":49.9000000000004,"47":50.2000000000004}},{"completed":1583.99999999965,"created":1479.99999999975,"delivered":{"metal":2.0,"wood":10.0},"delivery_distance":1354.71447422431,"effect_applied":true,"id":"development_003","kind":"housing","required":{"metal":2,"wood":10},"required_work":76.5,"site":"(-52.0, 0.0, 70.0)","stage":"COMPLETE","state":"COMPLETE","target":"(-52.0, 0.0, 79.0)","work":79.2999999999998,"work_by_citizen":{"27":38.9000000000003,"28":40.4000000000003}},{"completed":2828.69999999852,"created":2689.99999999865,"delivered":{"metal":2.0,"wood":10.0},"delivery_distance":1530.24358334468,"effect_applied":true,"id":"development_004","kind":"housing","required":{"metal":2,"wood":10},"required_work":76.5,"site":"(-36.0, 0.0, 6.0)","stage":"COMPLETE","state":"COMPLETE","target":"(-36.0, 0.0, 15.0)","work":76.5999999999999,"work_by_citizen":{"36":50.4000000000004,"49":26.2000000000001}},{"completed":4017.79999999744,"created":3899.99999999755,"delivered":{"metal":2.0,"wood":10.0},"delivery_distance":1682.47910514137,"effect_applied":true,"id":"development_005","kind":"housing","required":{"metal":2,"wood":10},"required_work":76.5,"site":"(-68.0, 0.0, 54.0)","stage":"COMPLETE","state":"COMPLETE","target":"(-68.0, 0.0, 63.0)","work":76.5000000000005,"work_by_citizen":{"60":40.8000000000003,"66":35.7000000000002}},{"completed":5243.70000000155,"created":5100.00000000102,"delivered":{"metal":2.0,"wood":10.0},"delivery_distance":586.714552618003,"effect_applied":true,"id":"development_006","kind":"housing","required":{"metal":2,"wood":10},"required_work":76.5,"site":"(60.0, 0.0, 54.0)","stage":"COMPLETE","state":"COMPLETE","target":"(60.0, 0.0, 63.0)","work":76.54,"work_by_citizen":{"50":52.6000000000005,"62":23.94}},{"completed":6417.80000000582,"created":6300.00000000539,"delivered":{"metal":2.0,"wood":10.0},"delivery_distance":1457.53698377789,"effect_applied":true,"id":"development_007","kind":"housing","required":{"metal":2,"wood":10},"required_work":76.5,"site":"(-20.0, 0.0, -10.0)","stage":"COMPLETE","state":"COMPLETE","target":"(-20.0, 0.0, -1.0)","work":76.5999999999999,"work_by_citizen":{"5":47.5000000000004,"33":29.1000000000001}},{"completed":7670.10000001037,"created":7500.00000000975,"delivered":{"metal":2.0,"wood":10.0},"delivery_distance":818.479032040331,"effect_applied":true,"id":"development_008","kind":"housing","required":{"metal":2,"wood":10},"required_work":76.5,"site":"(44.0, 0.0, 6.0)","stage":"COMPLETE","state":"COMPLETE","target":"(44.0, 0.0, 15.0)","work":76.5000000000004,"work_by_citizen":{"55":33.8000000000002,"81":42.7000000000004}}] growth=Insufficient shelter for entire cohort
POC45_DAY {"days":52.0166666663772,"drinks":16836,"economy":{"food":{"available":720.0,"consumed":11220.0,"delivered":0.0,"in_transit":0.0,"received":11640.0,"reserved":0.0},"metal":{"available":2.0,"consumed":22.0,"delivered":0.0,"in_transit":0.0,"received":24.0,"reserved":0.0},"water":{"available":1024.0,"consumed":16836.0,"delivered":0.0,"in_transit":0.0,"received":17776.0,"reserved":16.0},"wood":{"available":9.0,"consumed":82.0,"delivered":0.0,"in_transit":0.0,"received":91.0,"reserved":0.0}},"food_days":3.0,"meals":11220,"population":120,"resting":9,"rests":8504,"shelter":120,"urgent":7,"water_days":2.84444444444444} projects=[{"completed":1097.4000000001,"created":950.000000000147,"delivered":{"metal":2.0,"wood":10.0},"delivery_distance":1146.24355423389,"effect_applied":true,"id":"development_001","kind":"housing","required":{"metal":2,"wood":10},"required_work":90.0,"site":"(-4.0, 0.0, 6.0)","stage":"COMPLETE","state":"COMPLETE","target":"(-4.0, 0.0, 15.0)","work":90.0999999999992,"work_by_citizen":{"21":57.0000000000005,"30":33.1000000000002}},{"completed":1286.59999999993,"created":1100.0000000001,"delivered":{"metal":4.0,"wood":8.0},"delivery_distance":1682.4790028563,"effect_applied":true,"id":"development_002","kind":"workshop","required":{"metal":4,"wood":8},"required_work":100.0,"site":"(-52.0, 0.0, 38.0)","stage":"COMPLETE","state":"COMPLETE","target":"(-52.0, 0.0, 47.0)","work":100.099999999999,"work_by_citizen":{"10":49.9000000000004,"47":50.2000000000004}},{"completed":1583.99999999965,"created":1479.99999999975,"delivered":{"metal":2.0,"wood":10.0},"delivery_distance":1354.71447422431,"effect_applied":true,"id":"development_003","kind":"housing","required":{"metal":2,"wood":10},"required_work":76.5,"site":"(-52.0, 0.0, 70.0)","stage":"COMPLETE","state":"COMPLETE","target":"(-52.0, 0.0, 79.0)","work":79.2999999999998,"work_by_citizen":{"27":38.9000000000003,"28":40.4000000000003}},{"completed":2828.69999999852,"created":2689.99999999865,"delivered":{"metal":2.0,"wood":10.0},"delivery_distance":1530.24358334468,"effect_applied":true,"id":"development_004","kind":"housing","required":{"metal":2,"wood":10},"required_work":76.5,"site":"(-36.0, 0.0, 6.0)","stage":"COMPLETE","state":"COMPLETE","target":"(-36.0, 0.0, 15.0)","work":76.5999999999999,"work_by_citizen":{"36":50.4000000000004,"49":26.2000000000001}},{"completed":4017.79999999744,"created":3899.99999999755,"delivered":{"metal":2.0,"wood":10.0},"delivery_distance":1682.47910514137,"effect_applied":true,"id":"development_005","kind":"housing","required":{"metal":2,"wood":10},"required_work":76.5,"site":"(-68.0, 0.0, 54.0)","stage":"COMPLETE","state":"COMPLETE","target":"(-68.0, 0.0, 63.0)","work":76.5000000000005,"work_by_citizen":{"60":40.8000000000003,"66":35.7000000000002}},{"completed":5243.70000000155,"created":5100.00000000102,"delivered":{"metal":2.0,"wood":10.0},"delivery_distance":586.714552618003,"effect_applied":true,"id":"development_006","kind":"housing","required":{"metal":2,"wood":10},"required_work":76.5,"site":"(60.0, 0.0, 54.0)","stage":"COMPLETE","state":"COMPLETE","target":"(60.0, 0.0, 63.0)","work":76.54,"work_by_citizen":{"50":52.6000000000005,"62":23.94}},{"completed":6417.80000000582,"created":6300.00000000539,"delivered":{"metal":2.0,"wood":10.0},"delivery_distance":1457.53698377789,"effect_applied":true,"id":"development_007","kind":"housing","required":{"metal":2,"wood":10},"required_work":76.5,"site":"(-20.0, 0.0, -10.0)","stage":"COMPLETE","state":"COMPLETE","target":"(-20.0, 0.0, -1.0)","work":76.5999999999999,"work_by_citizen":{"5":47.5000000000004,"33":29.1000000000001}},{"completed":7670.10000001037,"created":7500.00000000975,"delivered":{"metal":2.0,"wood":10.0},"delivery_distance":818.479032040331,"effect_applied":true,"id":"development_008","kind":"housing","required":{"metal":2,"wood":10},"required_work":76.5,"site":"(44.0, 0.0, 6.0)","stage":"COMPLETE","state":"COMPLETE","target":"(44.0, 0.0, 15.0)","work":76.5000000000004,"work_by_citizen":{"55":33.8000000000002,"81":42.7000000000004}}] growth=Insufficient shelter for entire cohort
POC45_DAY {"days":53.0166666663627,"drinks":17194,"economy":{"food":{"available":720.0,"consumed":11460.0,"delivered":0.0,"in_transit":0.0,"received":11880.0,"reserved":0.0},"metal":{"available":2.0,"consumed":22.0,"delivered":0.0,"in_transit":0.0,"received":24.0,"reserved":0.0},"water":{"available":1018.0,"consumed":17194.0,"delivered":0.0,"in_transit":0.0,"received":18128.0,"reserved":16.0},"wood":{"available":9.0,"consumed":82.0,"delivered":0.0,"in_transit":0.0,"received":91.0,"reserved":0.0}},"food_days":3.0,"meals":11460,"population":120,"resting":12,"rests":8690,"shelter":120,"urgent":9,"water_days":2.82777777777778} projects=[{"completed":1097.4000000001,"created":950.000000000147,"delivered":{"metal":2.0,"wood":10.0},"delivery_distance":1146.24355423389,"effect_applied":true,"id":"development_001","kind":"housing","required":{"metal":2,"wood":10},"required_work":90.0,"site":"(-4.0, 0.0, 6.0)","stage":"COMPLETE","state":"COMPLETE","target":"(-4.0, 0.0, 15.0)","work":90.0999999999992,"work_by_citizen":{"21":57.0000000000005,"30":33.1000000000002}},{"completed":1286.59999999993,"created":1100.0000000001,"delivered":{"metal":4.0,"wood":8.0},"delivery_distance":1682.4790028563,"effect_applied":true,"id":"development_002","kind":"workshop","required":{"metal":4,"wood":8},"required_work":100.0,"site":"(-52.0, 0.0, 38.0)","stage":"COMPLETE","state":"COMPLETE","target":"(-52.0, 0.0, 47.0)","work":100.099999999999,"work_by_citizen":{"10":49.9000000000004,"47":50.2000000000004}},{"completed":1583.99999999965,"created":1479.99999999975,"delivered":{"metal":2.0,"wood":10.0},"delivery_distance":1354.71447422431,"effect_applied":true,"id":"development_003","kind":"housing","required":{"metal":2,"wood":10},"required_work":76.5,"site":"(-52.0, 0.0, 70.0)","stage":"COMPLETE","state":"COMPLETE","target":"(-52.0, 0.0, 79.0)","work":79.2999999999998,"work_by_citizen":{"27":38.9000000000003,"28":40.4000000000003}},{"completed":2828.69999999852,"created":2689.99999999865,"delivered":{"metal":2.0,"wood":10.0},"delivery_distance":1530.24358334468,"effect_applied":true,"id":"development_004","kind":"housing","required":{"metal":2,"wood":10},"required_work":76.5,"site":"(-36.0, 0.0, 6.0)","stage":"COMPLETE","state":"COMPLETE","target":"(-36.0, 0.0, 15.0)","work":76.5999999999999,"work_by_citizen":{"36":50.4000000000004,"49":26.2000000000001}},{"completed":4017.79999999744,"created":3899.99999999755,"delivered":{"metal":2.0,"wood":10.0},"delivery_distance":1682.47910514137,"effect_applied":true,"id":"development_005","kind":"housing","required":{"metal":2,"wood":10},"required_work":76.5,"site":"(-68.0, 0.0, 54.0)","stage":"COMPLETE","state":"COMPLETE","target":"(-68.0, 0.0, 63.0)","work":76.5000000000005,"work_by_citizen":{"60":40.8000000000003,"66":35.7000000000002}},{"completed":5243.70000000155,"created":5100.00000000102,"delivered":{"metal":2.0,"wood":10.0},"delivery_distance":586.714552618003,"effect_applied":true,"id":"development_006","kind":"housing","required":{"metal":2,"wood":10},"required_work":76.5,"site":"(60.0, 0.0, 54.0)","stage":"COMPLETE","state":"COMPLETE","target":"(60.0, 0.0, 63.0)","work":76.54,"work_by_citizen":{"50":52.6000000000005,"62":23.94}},{"completed":6417.80000000582,"created":6300.00000000539,"delivered":{"metal":2.0,"wood":10.0},"delivery_distance":1457.53698377789,"effect_applied":true,"id":"development_007","kind":"housing","required":{"metal":2,"wood":10},"required_work":76.5,"site":"(-20.0, 0.0, -10.0)","stage":"COMPLETE","state":"COMPLETE","target":"(-20.0, 0.0, -1.0)","work":76.5999999999999,"work_by_citizen":{"5":47.5000000000004,"33":29.1000000000001}},{"completed":7670.10000001037,"created":7500.00000000975,"delivered":{"metal":2.0,"wood":10.0},"delivery_distance":818.479032040331,"effect_applied":true,"id":"development_008","kind":"housing","required":{"metal":2,"wood":10},"required_work":76.5,"site":"(44.0, 0.0, 6.0)","stage":"COMPLETE","state":"COMPLETE","target":"(44.0, 0.0, 15.0)","work":76.5000000000004,"work_by_citizen":{"55":33.8000000000002,"81":42.7000000000004}}] growth=Insufficient shelter for entire cohort
POC45_DAY {"days":54.0166666663481,"drinks":17556,"economy":{"food":{"available":719.0,"consumed":11700.0,"delivered":0.0,"in_transit":0.0,"received":12120.0,"reserved":1.0},"metal":{"available":2.0,"consumed":22.0,"delivered":0.0,"in_transit":0.0,"received":24.0,"reserved":0.0},"water":{"available":1031.0,"consumed":17556.0,"delivered":0.0,"in_transit":0.0,"received":18496.0,"reserved":9.0},"wood":{"available":9.0,"consumed":82.0,"delivered":0.0,"in_transit":0.0,"received":91.0,"reserved":0.0}},"food_days":2.99583333333333,"meals":11700,"population":120,"resting":12,"rests":8869,"shelter":120,"urgent":6,"water_days":2.86388888888889} projects=[{"completed":1097.4000000001,"created":950.000000000147,"delivered":{"metal":2.0,"wood":10.0},"delivery_distance":1146.24355423389,"effect_applied":true,"id":"development_001","kind":"housing","required":{"metal":2,"wood":10},"required_work":90.0,"site":"(-4.0, 0.0, 6.0)","stage":"COMPLETE","state":"COMPLETE","target":"(-4.0, 0.0, 15.0)","work":90.0999999999992,"work_by_citizen":{"21":57.0000000000005,"30":33.1000000000002}},{"completed":1286.59999999993,"created":1100.0000000001,"delivered":{"metal":4.0,"wood":8.0},"delivery_distance":1682.4790028563,"effect_applied":true,"id":"development_002","kind":"workshop","required":{"metal":4,"wood":8},"required_work":100.0,"site":"(-52.0, 0.0, 38.0)","stage":"COMPLETE","state":"COMPLETE","target":"(-52.0, 0.0, 47.0)","work":100.099999999999,"work_by_citizen":{"10":49.9000000000004,"47":50.2000000000004}},{"completed":1583.99999999965,"created":1479.99999999975,"delivered":{"metal":2.0,"wood":10.0},"delivery_distance":1354.71447422431,"effect_applied":true,"id":"development_003","kind":"housing","required":{"metal":2,"wood":10},"required_work":76.5,"site":"(-52.0, 0.0, 70.0)","stage":"COMPLETE","state":"COMPLETE","target":"(-52.0, 0.0, 79.0)","work":79.2999999999998,"work_by_citizen":{"27":38.9000000000003,"28":40.4000000000003}},{"completed":2828.69999999852,"created":2689.99999999865,"delivered":{"metal":2.0,"wood":10.0},"delivery_distance":1530.24358334468,"effect_applied":true,"id":"development_004","kind":"housing","required":{"metal":2,"wood":10},"required_work":76.5,"site":"(-36.0, 0.0, 6.0)","stage":"COMPLETE","state":"COMPLETE","target":"(-36.0, 0.0, 15.0)","work":76.5999999999999,"work_by_citizen":{"36":50.4000000000004,"49":26.2000000000001}},{"completed":4017.79999999744,"created":3899.99999999755,"delivered":{"metal":2.0,"wood":10.0},"delivery_distance":1682.47910514137,"effect_applied":true,"id":"development_005","kind":"housing","required":{"metal":2,"wood":10},"required_work":76.5,"site":"(-68.0, 0.0, 54.0)","stage":"COMPLETE","state":"COMPLETE","target":"(-68.0, 0.0, 63.0)","work":76.5000000000005,"work_by_citizen":{"60":40.8000000000003,"66":35.7000000000002}},{"completed":5243.70000000155,"created":5100.00000000102,"delivered":{"metal":2.0,"wood":10.0},"delivery_distance":586.714552618003,"effect_applied":true,"id":"development_006","kind":"housing","required":{"metal":2,"wood":10},"required_work":76.5,"site":"(60.0, 0.0, 54.0)","stage":"COMPLETE","state":"COMPLETE","target":"(60.0, 0.0, 63.0)","work":76.54,"work_by_citizen":{"50":52.6000000000005,"62":23.94}},{"completed":6417.80000000582,"created":6300.00000000539,"delivered":{"metal":2.0,"wood":10.0},"delivery_distance":1457.53698377789,"effect_applied":true,"id":"development_007","kind":"housing","required":{"metal":2,"wood":10},"required_work":76.5,"site":"(-20.0, 0.0, -10.0)","stage":"COMPLETE","state":"COMPLETE","target":"(-20.0, 0.0, -1.0)","work":76.5999999999999,"work_by_citizen":{"5":47.5000000000004,"33":29.1000000000001}},{"completed":7670.10000001037,"created":7500.00000000975,"delivered":{"metal":2.0,"wood":10.0},"delivery_distance":818.479032040331,"effect_applied":true,"id":"development_008","kind":"housing","required":{"metal":2,"wood":10},"required_work":76.5,"site":"(44.0, 0.0, 6.0)","stage":"COMPLETE","state":"COMPLETE","target":"(44.0, 0.0, 15.0)","work":76.5000000000004,"work_by_citizen":{"55":33.8000000000002,"81":42.7000000000004}}] growth=Insufficient shelter for entire cohort
POC45_DAY {"days":55.0166666663336,"drinks":17916,"economy":{"food":{"available":720.0,"consumed":11940.0,"delivered":0.0,"in_transit":0.0,"received":12360.0,"reserved":0.0},"metal":{"available":2.0,"consumed":22.0,"delivered":0.0,"in_transit":0.0,"received":24.0,"reserved":0.0},"water":{"available":1018.0,"consumed":17916.0,"delivered":0.0,"in_transit":0.0,"received":18848.0,"reserved":14.0},"wood":{"available":9.0,"consumed":82.0,"delivered":0.0,"in_transit":0.0,"received":91.0,"reserved":0.0}},"food_days":3.0,"meals":11940,"population":120,"resting":19,"rests":9058,"shelter":120,"urgent":8,"water_days":2.82777777777778} projects=[{"completed":1097.4000000001,"created":950.000000000147,"delivered":{"metal":2.0,"wood":10.0},"delivery_distance":1146.24355423389,"effect_applied":true,"id":"development_001","kind":"housing","required":{"metal":2,"wood":10},"required_work":90.0,"site":"(-4.0, 0.0, 6.0)","stage":"COMPLETE","state":"COMPLETE","target":"(-4.0, 0.0, 15.0)","work":90.0999999999992,"work_by_citizen":{"21":57.0000000000005,"30":33.1000000000002}},{"completed":1286.59999999993,"created":1100.0000000001,"delivered":{"metal":4.0,"wood":8.0},"delivery_distance":1682.4790028563,"effect_applied":true,"id":"development_002","kind":"workshop","required":{"metal":4,"wood":8},"required_work":100.0,"site":"(-52.0, 0.0, 38.0)","stage":"COMPLETE","state":"COMPLETE","target":"(-52.0, 0.0, 47.0)","work":100.099999999999,"work_by_citizen":{"10":49.9000000000004,"47":50.2000000000004}},{"completed":1583.99999999965,"created":1479.99999999975,"delivered":{"metal":2.0,"wood":10.0},"delivery_distance":1354.71447422431,"effect_applied":true,"id":"development_003","kind":"housing","required":{"metal":2,"wood":10},"required_work":76.5,"site":"(-52.0, 0.0, 70.0)","stage":"COMPLETE","state":"COMPLETE","target":"(-52.0, 0.0, 79.0)","work":79.2999999999998,"work_by_citizen":{"27":38.9000000000003,"28":40.4000000000003}},{"completed":2828.69999999852,"created":2689.99999999865,"delivered":{"metal":2.0,"wood":10.0},"delivery_distance":1530.24358334468,"effect_applied":true,"id":"development_004","kind":"housing","required":{"metal":2,"wood":10},"required_work":76.5,"site":"(-36.0, 0.0, 6.0)","stage":"COMPLETE","state":"COMPLETE","target":"(-36.0, 0.0, 15.0)","work":76.5999999999999,"work_by_citizen":{"36":50.4000000000004,"49":26.2000000000001}},{"completed":4017.79999999744,"created":3899.99999999755,"delivered":{"metal":2.0,"wood":10.0},"delivery_distance":1682.47910514137,"effect_applied":true,"id":"development_005","kind":"housing","required":{"metal":2,"wood":10},"required_work":76.5,"site":"(-68.0, 0.0, 54.0)","stage":"COMPLETE","state":"COMPLETE","target":"(-68.0, 0.0, 63.0)","work":76.5000000000005,"work_by_citizen":{"60":40.8000000000003,"66":35.7000000000002}},{"completed":5243.70000000155,"created":5100.00000000102,"delivered":{"metal":2.0,"wood":10.0},"delivery_distance":586.714552618003,"effect_applied":true,"id":"development_006","kind":"housing","required":{"metal":2,"wood":10},"required_work":76.5,"site":"(60.0, 0.0, 54.0)","stage":"COMPLETE","state":"COMPLETE","target":"(60.0, 0.0, 63.0)","work":76.54,"work_by_citizen":{"50":52.6000000000005,"62":23.94}},{"completed":6417.80000000582,"created":6300.00000000539,"delivered":{"metal":2.0,"wood":10.0},"delivery_distance":1457.53698377789,"effect_applied":true,"id":"development_007","kind":"housing","required":{"metal":2,"wood":10},"required_work":76.5,"site":"(-20.0, 0.0, -10.0)","stage":"COMPLETE","state":"COMPLETE","target":"(-20.0, 0.0, -1.0)","work":76.5999999999999,"work_by_citizen":{"5":47.5000000000004,"33":29.1000000000001}},{"completed":7670.10000001037,"created":7500.00000000975,"delivered":{"metal":2.0,"wood":10.0},"delivery_distance":818.479032040331,"effect_applied":true,"id":"development_008","kind":"housing","required":{"metal":2,"wood":10},"required_work":76.5,"site":"(44.0, 0.0, 6.0)","stage":"COMPLETE","state":"COMPLETE","target":"(44.0, 0.0, 15.0)","work":76.5000000000004,"work_by_citizen":{"55":33.8000000000002,"81":42.7000000000004}}] growth=Insufficient shelter for entire cohort
POC45_DAY {"days":56.016666666319,"drinks":18274,"economy":{"food":{"available":720.0,"consumed":12180.0,"delivered":0.0,"in_transit":0.0,"received":12600.0,"reserved":0.0},"metal":{"available":2.0,"consumed":22.0,"delivered":0.0,"in_transit":0.0,"received":24.0,"reserved":0.0},"water":{"available":1016.0,"consumed":18274.0,"delivered":0.0,"in_transit":0.0,"received":19208.0,"reserved":18.0},"wood":{"available":9.0,"consumed":82.0,"delivered":0.0,"in_transit":0.0,"received":91.0,"reserved":0.0}},"food_days":3.0,"meals":12180,"population":120,"resting":8,"rests":9235,"shelter":120,"urgent":11,"water_days":2.82222222222222} projects=[{"completed":1097.4000000001,"created":950.000000000147,"delivered":{"metal":2.0,"wood":10.0},"delivery_distance":1146.24355423389,"effect_applied":true,"id":"development_001","kind":"housing","required":{"metal":2,"wood":10},"required_work":90.0,"site":"(-4.0, 0.0, 6.0)","stage":"COMPLETE","state":"COMPLETE","target":"(-4.0, 0.0, 15.0)","work":90.0999999999992,"work_by_citizen":{"21":57.0000000000005,"30":33.1000000000002}},{"completed":1286.59999999993,"created":1100.0000000001,"delivered":{"metal":4.0,"wood":8.0},"delivery_distance":1682.4790028563,"effect_applied":true,"id":"development_002","kind":"workshop","required":{"metal":4,"wood":8},"required_work":100.0,"site":"(-52.0, 0.0, 38.0)","stage":"COMPLETE","state":"COMPLETE","target":"(-52.0, 0.0, 47.0)","work":100.099999999999,"work_by_citizen":{"10":49.9000000000004,"47":50.2000000000004}},{"completed":1583.99999999965,"created":1479.99999999975,"delivered":{"metal":2.0,"wood":10.0},"delivery_distance":1354.71447422431,"effect_applied":true,"id":"development_003","kind":"housing","required":{"metal":2,"wood":10},"required_work":76.5,"site":"(-52.0, 0.0, 70.0)","stage":"COMPLETE","state":"COMPLETE","target":"(-52.0, 0.0, 79.0)","work":79.2999999999998,"work_by_citizen":{"27":38.9000000000003,"28":40.4000000000003}},{"completed":2828.69999999852,"created":2689.99999999865,"delivered":{"metal":2.0,"wood":10.0},"delivery_distance":1530.24358334468,"effect_applied":true,"id":"development_004","kind":"housing","required":{"metal":2,"wood":10},"required_work":76.5,"site":"(-36.0, 0.0, 6.0)","stage":"COMPLETE","state":"COMPLETE","target":"(-36.0, 0.0, 15.0)","work":76.5999999999999,"work_by_citizen":{"36":50.4000000000004,"49":26.2000000000001}},{"completed":4017.79999999744,"created":3899.99999999755,"delivered":{"metal":2.0,"wood":10.0},"delivery_distance":1682.47910514137,"effect_applied":true,"id":"development_005","kind":"housing","required":{"metal":2,"wood":10},"required_work":76.5,"site":"(-68.0, 0.0, 54.0)","stage":"COMPLETE","state":"COMPLETE","target":"(-68.0, 0.0, 63.0)","work":76.5000000000005,"work_by_citizen":{"60":40.8000000000003,"66":35.7000000000002}},{"completed":5243.70000000155,"created":5100.00000000102,"delivered":{"metal":2.0,"wood":10.0},"delivery_distance":586.714552618003,"effect_applied":true,"id":"development_006","kind":"housing","required":{"metal":2,"wood":10},"required_work":76.5,"site":"(60.0, 0.0, 54.0)","stage":"COMPLETE","state":"COMPLETE","target":"(60.0, 0.0, 63.0)","work":76.54,"work_by_citizen":{"50":52.6000000000005,"62":23.94}},{"completed":6417.80000000582,"created":6300.00000000539,"delivered":{"metal":2.0,"wood":10.0},"delivery_distance":1457.53698377789,"effect_applied":true,"id":"development_007","kind":"housing","required":{"metal":2,"wood":10},"required_work":76.5,"site":"(-20.0, 0.0, -10.0)","stage":"COMPLETE","state":"COMPLETE","target":"(-20.0, 0.0, -1.0)","work":76.5999999999999,"work_by_citizen":{"5":47.5000000000004,"33":29.1000000000001}},{"completed":7670.10000001037,"created":7500.00000000975,"delivered":{"metal":2.0,"wood":10.0},"delivery_distance":818.479032040331,"effect_applied":true,"id":"development_008","kind":"housing","required":{"metal":2,"wood":10},"required_work":76.5,"site":"(44.0, 0.0, 6.0)","stage":"COMPLETE","state":"COMPLETE","target":"(44.0, 0.0, 15.0)","work":76.5000000000004,"work_by_citizen":{"55":33.8000000000002,"81":42.7000000000004}}] growth=Insufficient shelter for entire cohort
POC45_DAY {"days":57.0166666663045,"drinks":18636,"economy":{"food":{"available":727.0,"consumed":12420.0,"delivered":0.0,"in_transit":0.0,"received":12848.0,"reserved":1.0},"metal":{"available":2.0,"consumed":22.0,"delivered":0.0,"in_transit":0.0,"received":24.0,"reserved":0.0},"water":{"available":1017.0,"consumed":18636.0,"delivered":0.0,"in_transit":0.0,"received":19568.0,"reserved":15.0},"wood":{"available":9.0,"consumed":82.0,"delivered":0.0,"in_transit":0.0,"received":91.0,"reserved":0.0}},"food_days":3.02916666666667,"meals":12420,"population":120,"resting":16,"rests":9429,"shelter":120,"urgent":8,"water_days":2.825} projects=[{"completed":1097.4000000001,"created":950.000000000147,"delivered":{"metal":2.0,"wood":10.0},"delivery_distance":1146.24355423389,"effect_applied":true,"id":"development_001","kind":"housing","required":{"metal":2,"wood":10},"required_work":90.0,"site":"(-4.0, 0.0, 6.0)","stage":"COMPLETE","state":"COMPLETE","target":"(-4.0, 0.0, 15.0)","work":90.0999999999992,"work_by_citizen":{"21":57.0000000000005,"30":33.1000000000002}},{"completed":1286.59999999993,"created":1100.0000000001,"delivered":{"metal":4.0,"wood":8.0},"delivery_distance":1682.4790028563,"effect_applied":true,"id":"development_002","kind":"workshop","required":{"metal":4,"wood":8},"required_work":100.0,"site":"(-52.0, 0.0, 38.0)","stage":"COMPLETE","state":"COMPLETE","target":"(-52.0, 0.0, 47.0)","work":100.099999999999,"work_by_citizen":{"10":49.9000000000004,"47":50.2000000000004}},{"completed":1583.99999999965,"created":1479.99999999975,"delivered":{"metal":2.0,"wood":10.0},"delivery_distance":1354.71447422431,"effect_applied":true,"id":"development_003","kind":"housing","required":{"metal":2,"wood":10},"required_work":76.5,"site":"(-52.0, 0.0, 70.0)","stage":"COMPLETE","state":"COMPLETE","target":"(-52.0, 0.0, 79.0)","work":79.2999999999998,"work_by_citizen":{"27":38.9000000000003,"28":40.4000000000003}},{"completed":2828.69999999852,"created":2689.99999999865,"delivered":{"metal":2.0,"wood":10.0},"delivery_distance":1530.24358334468,"effect_applied":true,"id":"development_004","kind":"housing","required":{"metal":2,"wood":10},"required_work":76.5,"site":"(-36.0, 0.0, 6.0)","stage":"COMPLETE","state":"COMPLETE","target":"(-36.0, 0.0, 15.0)","work":76.5999999999999,"work_by_citizen":{"36":50.4000000000004,"49":26.2000000000001}},{"completed":4017.79999999744,"created":3899.99999999755,"delivered":{"metal":2.0,"wood":10.0},"delivery_distance":1682.47910514137,"effect_applied":true,"id":"development_005","kind":"housing","required":{"metal":2,"wood":10},"required_work":76.5,"site":"(-68.0, 0.0, 54.0)","stage":"COMPLETE","state":"COMPLETE","target":"(-68.0, 0.0, 63.0)","work":76.5000000000005,"work_by_citizen":{"60":40.8000000000003,"66":35.7000000000002}},{"completed":5243.70000000155,"created":5100.00000000102,"delivered":{"metal":2.0,"wood":10.0},"delivery_distance":586.714552618003,"effect_applied":true,"id":"development_006","kind":"housing","required":{"metal":2,"wood":10},"required_work":76.5,"site":"(60.0, 0.0, 54.0)","stage":"COMPLETE","state":"COMPLETE","target":"(60.0, 0.0, 63.0)","work":76.54,"work_by_citizen":{"50":52.6000000000005,"62":23.94}},{"completed":6417.80000000582,"created":6300.00000000539,"delivered":{"metal":2.0,"wood":10.0},"delivery_distance":1457.53698377789,"effect_applied":true,"id":"development_007","kind":"housing","required":{"metal":2,"wood":10},"required_work":76.5,"site":"(-20.0, 0.0, -10.0)","stage":"COMPLETE","state":"COMPLETE","target":"(-20.0, 0.0, -1.0)","work":76.5999999999999,"work_by_citizen":{"5":47.5000000000004,"33":29.1000000000001}},{"completed":7670.10000001037,"created":7500.00000000975,"delivered":{"metal":2.0,"wood":10.0},"delivery_distance":818.479032040331,"effect_applied":true,"id":"development_008","kind":"housing","required":{"metal":2,"wood":10},"required_work":76.5,"site":"(44.0, 0.0, 6.0)","stage":"COMPLETE","state":"COMPLETE","target":"(44.0, 0.0, 15.0)","work":76.5000000000004,"work_by_citizen":{"55":33.8000000000002,"81":42.7000000000004}}] growth=Insufficient shelter for entire cohort
POC45_DAY {"days":58.0166666662899,"drinks":18998,"economy":{"food":{"available":719.0,"consumed":12661.0,"delivered":0.0,"in_transit":0.0,"received":13080.0,"reserved":0.0},"metal":{"available":2.0,"consumed":22.0,"delivered":0.0,"in_transit":0.0,"received":24.0,"reserved":0.0},"water":{"available":1014.0,"consumed":18998.0,"delivered":0.0,"in_transit":0.0,"received":19928.0,"reserved":16.0},"wood":{"available":9.0,"consumed":82.0,"delivered":0.0,"in_transit":0.0,"received":91.0,"reserved":0.0}},"food_days":2.99583333333333,"meals":12661,"population":120,"resting":15,"rests":9598,"shelter":120,"urgent":6,"water_days":2.81666666666667} projects=[{"completed":1097.4000000001,"created":950.000000000147,"delivered":{"metal":2.0,"wood":10.0},"delivery_distance":1146.24355423389,"effect_applied":true,"id":"development_001","kind":"housing","required":{"metal":2,"wood":10},"required_work":90.0,"site":"(-4.0, 0.0, 6.0)","stage":"COMPLETE","state":"COMPLETE","target":"(-4.0, 0.0, 15.0)","work":90.0999999999992,"work_by_citizen":{"21":57.0000000000005,"30":33.1000000000002}},{"completed":1286.59999999993,"created":1100.0000000001,"delivered":{"metal":4.0,"wood":8.0},"delivery_distance":1682.4790028563,"effect_applied":true,"id":"development_002","kind":"workshop","required":{"metal":4,"wood":8},"required_work":100.0,"site":"(-52.0, 0.0, 38.0)","stage":"COMPLETE","state":"COMPLETE","target":"(-52.0, 0.0, 47.0)","work":100.099999999999,"work_by_citizen":{"10":49.9000000000004,"47":50.2000000000004}},{"completed":1583.99999999965,"created":1479.99999999975,"delivered":{"metal":2.0,"wood":10.0},"delivery_distance":1354.71447422431,"effect_applied":true,"id":"development_003","kind":"housing","required":{"metal":2,"wood":10},"required_work":76.5,"site":"(-52.0, 0.0, 70.0)","stage":"COMPLETE","state":"COMPLETE","target":"(-52.0, 0.0, 79.0)","work":79.2999999999998,"work_by_citizen":{"27":38.9000000000003,"28":40.4000000000003}},{"completed":2828.69999999852,"created":2689.99999999865,"delivered":{"metal":2.0,"wood":10.0},"delivery_distance":1530.24358334468,"effect_applied":true,"id":"development_004","kind":"housing","required":{"metal":2,"wood":10},"required_work":76.5,"site":"(-36.0, 0.0, 6.0)","stage":"COMPLETE","state":"COMPLETE","target":"(-36.0, 0.0, 15.0)","work":76.5999999999999,"work_by_citizen":{"36":50.4000000000004,"49":26.2000000000001}},{"completed":4017.79999999744,"created":3899.99999999755,"delivered":{"metal":2.0,"wood":10.0},"delivery_distance":1682.47910514137,"effect_applied":true,"id":"development_005","kind":"housing","required":{"metal":2,"wood":10},"required_work":76.5,"site":"(-68.0, 0.0, 54.0)","stage":"COMPLETE","state":"COMPLETE","target":"(-68.0, 0.0, 63.0)","work":76.5000000000005,"work_by_citizen":{"60":40.8000000000003,"66":35.7000000000002}},{"completed":5243.70000000155,"created":5100.00000000102,"delivered":{"metal":2.0,"wood":10.0},"delivery_distance":586.714552618003,"effect_applied":true,"id":"development_006","kind":"housing","required":{"metal":2,"wood":10},"required_work":76.5,"site":"(60.0, 0.0, 54.0)","stage":"COMPLETE","state":"COMPLETE","target":"(60.0, 0.0, 63.0)","work":76.54,"work_by_citizen":{"50":52.6000000000005,"62":23.94}},{"completed":6417.80000000582,"created":6300.00000000539,"delivered":{"metal":2.0,"wood":10.0},"delivery_distance":1457.53698377789,"effect_applied":true,"id":"development_007","kind":"housing","required":{"metal":2,"wood":10},"required_work":76.5,"site":"(-20.0, 0.0, -10.0)","stage":"COMPLETE","state":"COMPLETE","target":"(-20.0, 0.0, -1.0)","work":76.5999999999999,"work_by_citizen":{"5":47.5000000000004,"33":29.1000000000001}},{"completed":7670.10000001037,"created":7500.00000000975,"delivered":{"metal":2.0,"wood":10.0},"delivery_distance":818.479032040331,"effect_applied":true,"id":"development_008","kind":"housing","required":{"metal":2,"wood":10},"required_work":76.5,"site":"(44.0, 0.0, 6.0)","stage":"COMPLETE","state":"COMPLETE","target":"(44.0, 0.0, 15.0)","work":76.5000000000004,"work_by_citizen":{"55":33.8000000000002,"81":42.7000000000004}}] growth=Insufficient shelter for entire cohort
POC45_DAY {"days":59.0166666662754,"drinks":19355,"economy":{"food":{"available":718.0,"consumed":12901.0,"delivered":0.0,"in_transit":0.0,"received":13320.0,"reserved":1.0},"metal":{"available":2.0,"consumed":22.0,"delivered":0.0,"in_transit":0.0,"received":24.0,"reserved":0.0},"water":{"available":1017.0,"consumed":19355.0,"delivered":0.0,"in_transit":0.0,"received":20288.0,"reserved":16.0},"wood":{"available":9.0,"consumed":82.0,"delivered":0.0,"in_transit":0.0,"received":91.0,"reserved":0.0}},"food_days":2.99166666666667,"meals":12901,"population":120,"resting":13,"rests":9796,"shelter":120,"urgent":11,"water_days":2.825} projects=[{"completed":1097.4000000001,"created":950.000000000147,"delivered":{"metal":2.0,"wood":10.0},"delivery_distance":1146.24355423389,"effect_applied":true,"id":"development_001","kind":"housing","required":{"metal":2,"wood":10},"required_work":90.0,"site":"(-4.0, 0.0, 6.0)","stage":"COMPLETE","state":"COMPLETE","target":"(-4.0, 0.0, 15.0)","work":90.0999999999992,"work_by_citizen":{"21":57.0000000000005,"30":33.1000000000002}},{"completed":1286.59999999993,"created":1100.0000000001,"delivered":{"metal":4.0,"wood":8.0},"delivery_distance":1682.4790028563,"effect_applied":true,"id":"development_002","kind":"workshop","required":{"metal":4,"wood":8},"required_work":100.0,"site":"(-52.0, 0.0, 38.0)","stage":"COMPLETE","state":"COMPLETE","target":"(-52.0, 0.0, 47.0)","work":100.099999999999,"work_by_citizen":{"10":49.9000000000004,"47":50.2000000000004}},{"completed":1583.99999999965,"created":1479.99999999975,"delivered":{"metal":2.0,"wood":10.0},"delivery_distance":1354.71447422431,"effect_applied":true,"id":"development_003","kind":"housing","required":{"metal":2,"wood":10},"required_work":76.5,"site":"(-52.0, 0.0, 70.0)","stage":"COMPLETE","state":"COMPLETE","target":"(-52.0, 0.0, 79.0)","work":79.2999999999998,"work_by_citizen":{"27":38.9000000000003,"28":40.4000000000003}},{"completed":2828.69999999852,"created":2689.99999999865,"delivered":{"metal":2.0,"wood":10.0},"delivery_distance":1530.24358334468,"effect_applied":true,"id":"development_004","kind":"housing","required":{"metal":2,"wood":10},"required_work":76.5,"site":"(-36.0, 0.0, 6.0)","stage":"COMPLETE","state":"COMPLETE","target":"(-36.0, 0.0, 15.0)","work":76.5999999999999,"work_by_citizen":{"36":50.4000000000004,"49":26.2000000000001}},{"completed":4017.79999999744,"created":3899.99999999755,"delivered":{"metal":2.0,"wood":10.0},"delivery_distance":1682.47910514137,"effect_applied":true,"id":"development_005","kind":"housing","required":{"metal":2,"wood":10},"required_work":76.5,"site":"(-68.0, 0.0, 54.0)","stage":"COMPLETE","state":"COMPLETE","target":"(-68.0, 0.0, 63.0)","work":76.5000000000005,"work_by_citizen":{"60":40.8000000000003,"66":35.7000000000002}},{"completed":5243.70000000155,"created":5100.00000000102,"delivered":{"metal":2.0,"wood":10.0},"delivery_distance":586.714552618003,"effect_applied":true,"id":"development_006","kind":"housing","required":{"metal":2,"wood":10},"required_work":76.5,"site":"(60.0, 0.0, 54.0)","stage":"COMPLETE","state":"COMPLETE","target":"(60.0, 0.0, 63.0)","work":76.54,"work_by_citizen":{"50":52.6000000000005,"62":23.94}},{"completed":6417.80000000582,"created":6300.00000000539,"delivered":{"metal":2.0,"wood":10.0},"delivery_distance":1457.53698377789,"effect_applied":true,"id":"development_007","kind":"housing","required":{"metal":2,"wood":10},"required_work":76.5,"site":"(-20.0, 0.0, -10.0)","stage":"COMPLETE","state":"COMPLETE","target":"(-20.0, 0.0, -1.0)","work":76.5999999999999,"work_by_citizen":{"5":47.5000000000004,"33":29.1000000000001}},{"completed":7670.10000001037,"created":7500.00000000975,"delivered":{"metal":2.0,"wood":10.0},"delivery_distance":818.479032040331,"effect_applied":true,"id":"development_008","kind":"housing","required":{"metal":2,"wood":10},"required_work":76.5,"site":"(44.0, 0.0, 6.0)","stage":"COMPLETE","state":"COMPLETE","target":"(44.0, 0.0, 15.0)","work":76.5000000000004,"work_by_citizen":{"55":33.8000000000002,"81":42.7000000000004}}] growth=Insufficient shelter for entire cohort
POC45_DAY {"days":60.0166666662608,"drinks":19717,"economy":{"food":{"available":718.0,"consumed":13141.0,"delivered":0.0,"in_transit":0.0,"received":13560.0,"reserved":1.0},"metal":{"available":2.0,"consumed":22.0,"delivered":0.0,"in_transit":0.0,"received":24.0,"reserved":0.0},"water":{"available":1026.0,"consumed":19717.0,"delivered":0.0,"in_transit":0.0,"received":20656.0,"reserved":13.0},"wood":{"available":9.0,"consumed":82.0,"delivered":0.0,"in_transit":0.0,"received":91.0,"reserved":0.0}},"food_days":2.99166666666667,"meals":13141,"population":120,"resting":18,"rests":9963,"shelter":120,"urgent":8,"water_days":2.85} projects=[{"completed":1097.4000000001,"created":950.000000000147,"delivered":{"metal":2.0,"wood":10.0},"delivery_distance":1146.24355423389,"effect_applied":true,"id":"development_001","kind":"housing","required":{"metal":2,"wood":10},"required_work":90.0,"site":"(-4.0, 0.0, 6.0)","stage":"COMPLETE","state":"COMPLETE","target":"(-4.0, 0.0, 15.0)","work":90.0999999999992,"work_by_citizen":{"21":57.0000000000005,"30":33.1000000000002}},{"completed":1286.59999999993,"created":1100.0000000001,"delivered":{"metal":4.0,"wood":8.0},"delivery_distance":1682.4790028563,"effect_applied":true,"id":"development_002","kind":"workshop","required":{"metal":4,"wood":8},"required_work":100.0,"site":"(-52.0, 0.0, 38.0)","stage":"COMPLETE","state":"COMPLETE","target":"(-52.0, 0.0, 47.0)","work":100.099999999999,"work_by_citizen":{"10":49.9000000000004,"47":50.2000000000004}},{"completed":1583.99999999965,"created":1479.99999999975,"delivered":{"metal":2.0,"wood":10.0},"delivery_distance":1354.71447422431,"effect_applied":true,"id":"development_003","kind":"housing","required":{"metal":2,"wood":10},"required_work":76.5,"site":"(-52.0, 0.0, 70.0)","stage":"COMPLETE","state":"COMPLETE","target":"(-52.0, 0.0, 79.0)","work":79.2999999999998,"work_by_citizen":{"27":38.9000000000003,"28":40.4000000000003}},{"completed":2828.69999999852,"created":2689.99999999865,"delivered":{"metal":2.0,"wood":10.0},"delivery_distance":1530.24358334468,"effect_applied":true,"id":"development_004","kind":"housing","required":{"metal":2,"wood":10},"required_work":76.5,"site":"(-36.0, 0.0, 6.0)","stage":"COMPLETE","state":"COMPLETE","target":"(-36.0, 0.0, 15.0)","work":76.5999999999999,"work_by_citizen":{"36":50.4000000000004,"49":26.2000000000001}},{"completed":4017.79999999744,"created":3899.99999999755,"delivered":{"metal":2.0,"wood":10.0},"delivery_distance":1682.47910514137,"effect_applied":true,"id":"development_005","kind":"housing","required":{"metal":2,"wood":10},"required_work":76.5,"site":"(-68.0, 0.0, 54.0)","stage":"COMPLETE","state":"COMPLETE","target":"(-68.0, 0.0, 63.0)","work":76.5000000000005,"work_by_citizen":{"60":40.8000000000003,"66":35.7000000000002}},{"completed":5243.70000000155,"created":5100.00000000102,"delivered":{"metal":2.0,"wood":10.0},"delivery_distance":586.714552618003,"effect_applied":true,"id":"development_006","kind":"housing","required":{"metal":2,"wood":10},"required_work":76.5,"site":"(60.0, 0.0, 54.0)","stage":"COMPLETE","state":"COMPLETE","target":"(60.0, 0.0, 63.0)","work":76.54,"work_by_citizen":{"50":52.6000000000005,"62":23.94}},{"completed":6417.80000000582,"created":6300.00000000539,"delivered":{"metal":2.0,"wood":10.0},"delivery_distance":1457.53698377789,"effect_applied":true,"id":"development_007","kind":"housing","required":{"metal":2,"wood":10},"required_work":76.5,"site":"(-20.0, 0.0, -10.0)","stage":"COMPLETE","state":"COMPLETE","target":"(-20.0, 0.0, -1.0)","work":76.5999999999999,"work_by_citizen":{"5":47.5000000000004,"33":29.1000000000001}},{"completed":7670.10000001037,"created":7500.00000000975,"delivered":{"metal":2.0,"wood":10.0},"delivery_distance":818.479032040331,"effect_applied":true,"id":"development_008","kind":"housing","required":{"metal":2,"wood":10},"required_work":76.5,"site":"(44.0, 0.0, 6.0)","stage":"COMPLETE","state":"COMPLETE","target":"(44.0, 0.0, 15.0)","work":76.5000000000004,"work_by_citizen":{"55":33.8000000000002,"81":42.7000000000004}}] growth=Insufficient shelter for entire cohort
POC45_SCENARIO_PASS {"actual_entities":true,"additional_salvage":true,"autonomous_water":true,"bounded":true,"climb":true,"development_haul":true,"development_work":true,"frame":true,"haul":true,"healthy":true,"housing":true,"material_blocker":true,"needs_pressure":true,"no_failed_tasks":true,"population":true,"recovery":true,"salvage_work":true,"shell":true,"shelter_exact":true,"traversal":true,"workshop":true} failure=

